Product_id,Category,SubCategory,Brand,Product_Name,SellingPrice,CostPrice,Profit,LaunchDate,IsActive
P00001,Electronics,Laptops,Acer,AcerLaptopsMax,84067,73985.47,10081.53,2020-03-12,Yes
P00002,Electronics,Laptops,Acer,AcerLaptopsElite,99498,80138.32,19359.68,2024-02-21,Yes
P00003,Grocery,Beverages,7UP,7UPBeveragesElite,1876,1611.81,264.19,2025-05-15,Yes
P00004,Fashion,Women's Wear,Zara,ZaraWomen's WearStandard,7999,3932.84,4066.16,2020-09-04,Yes
P00005,Electronics,Laptops,Lenovo,LenovoLaptopsStandard,5087,4471.72,615.28,2021-11-03,Yes
P00006,Fashion,Men's Wear,Allen Solly,Allen SollyMen's WearPremium,1182,510.16,671.84,2018-09-11,Yes
P00007,Electronics,Televisions,Sony,SonyTelevisionsPlus,130874,105905.51,24968.49,2019-07-04,Yes
P00008,Electronics,Smartphones,Samsung,SamsungSmartphonesMax,71285,62276.42,9008.58,2020-01-20,Yes
P00009,Grocery,Beverages,Coca-Cola,Coca-ColaBeveragesStandard,764,681.95,82.05,2026-03-09,Yes
P00010,Fashion,Women's Wear,W,WWomen's WearPro,14459,7010.34,7448.66,2020-05-27,Yes
P00011,Grocery,Cooking Oil,Fortune,FortuneCooking OilPremium,1982,1702.65,279.35,2021-11-15,Yes
P00012,Grocery,Rice,Fortune,FortuneRiceElite,1758,1663.89,94.11,2026-03-04,Yes
P00013,Electronics,Smartphones,OnePlus,OnePlusSmartphonesPremium,50237,41282.31,8954.69,2021-02-01,Yes
P00014,Fashion,Men's Wear,US Polo,US PoloMen's WearStandard,1320,904.47,415.53,2021-05-08,Yes
P00015,Fashion,Men's Wear,Allen Solly,Allen SollyMen's WearPro,6712,4286.66,2425.34,2025-10-25,Yes
P00016,Electronics,Smartphones,Motorola,MotorolaSmartphonesElite,105796,85974.69,19821.31,2022-04-26,Yes
P00017,Electronics,Televisions,Sony,SonyTelevisionsMax,11420,10202.36,1217.64,2019-02-01,Yes
P00018,Electronics,Televisions,Samsung,SamsungTelevisionsPlus,65238,55335.61,9902.39,2022-01-11,Yes
P00019,Grocery,Rice,India Gate,India GateRicePro,72,63.94,8.06,2019-05-06,Yes
P00020,Grocery,Cooking Oil,Saffola,SaffolaCooking OilPlus,961,837.88,123.12,2026-07-07,Yes
P00021,Fashion,Men's Wear,Allen Solly,Allen SollyMen's WearElite,14542,8331.18,6210.82,2019-01-11,Yes
P00022,Electronics,Smartphones,Samsung,SamsungSmartphonesElite,150443,123679.97,26763.03,2023-05-27,Yes
P00023,Fashion,Women's Wear,Biba,BibaWomen's WearElite,4318,2400.15,1917.85,2024-07-10,Yes
P00024,Electronics,Smartphones,OnePlus,OnePlusSmartphonesPlus,176772,142643.39,34128.61,2023-08-19,Yes
P00025,Fashion,Footwear,Skechers,SkechersFootwearPremium,6999,4083.76,2915.24,2020-04-29,Yes
P00026,Fashion,Women's Wear,W,WWomen's WearStandard,5780,3532.55,2247.45,2020-09-05,Yes
P00027,Grocery,Cooking Oil,Saffola,SaffolaCooking OilPlus,873,795.49,77.51,2021-05-22,Yes
P00028,Electronics,Televisions,TCL,TCLTelevisionsPremium,59227,48633.2,10593.8,2024-06-06,Yes
P00029,Fashion,Women's Wear,Biba,BibaWomen's WearStandard,4786,2902.03,1883.97,2024-12-05,Yes
P00030,Fashion,Men's Wear,Louis Philippe,Louis PhilippeMen's WearMax,12297,8494.07,3802.93,2025-11-02,Yes
P00031,Grocery,Rice,India Gate,India GateRiceMax,535,466.01,68.99,2022-04-07,Yes
P00032,Electronics,Smartphones,OnePlus,OnePlusSmartphonesPlus,38318,31773.22,6544.78,2022-06-10,Yes
P00033,Fashion,Men's Wear,Van Heusen,Van HeusenMen's WearStandard,12487,7738.55,4748.45,2020-06-17,Yes
P00034,Fashion,Men's Wear,US Polo,US PoloMen's WearPlus,783,447.35,335.65,2020-12-23,Yes
P00035,Electronics,Laptops,Dell,DellLaptopsElite,60553,49047.51,11505.49,2025-04-03,Yes
P00036,Fashion,Women's Wear,Global Desi,Global DesiWomen's WearMax,2789,1798.7,990.3,2025-04-25,Yes
P00037,Grocery,Cooking Oil,Saffola,SaffolaCooking OilPro,599,562.03,36.97,2025-05-12,Yes
P00038,Grocery,Cooking Oil,Fortune,FortuneCooking OilPremium,60,51.49,8.51,2025-12-03,Yes
P00039,Electronics,Televisions,Samsung,SamsungTelevisionsMax,130581,112194.68,18386.32,2022-08-17,Yes
P00040,Fashion,Footwear,Bata,BataFootwearElite,13487,6435.89,7051.11,2026-01-23,Yes
P00041,Electronics,Laptops,Asus,AsusLaptopsPremium,108123,95766.39,12356.61,2026-03-17,Yes
P00042,Grocery,Cooking Oil,Saffola,SaffolaCooking OilPlus,730,683.6,46.4,2019-08-08,Yes
P00043,Grocery,Beverages,Pepsi,PepsiBeveragesPremium,584,541.31,42.69,2021-03-15,Yes
P00044,Electronics,Smartphones,Google,GoogleSmartphonesElite,141570,124665.22,16904.78,2019-01-10,Yes
P00045,Grocery,Cooking Oil,Fortune,FortuneCooking OilPlus,1431,1264.84,166.16,2022-12-09,Yes
P00046,Grocery,Rice,Daawat,DaawatRicePro,241,208.78,32.22,2020-12-31,Yes
P00047,Grocery,Cooking Oil,Fortune,FortuneCooking OilElite,364,313.76,50.24,2019-03-30,Yes
P00048,Grocery,Rice,Daawat,DaawatRiceStandard,1005,951.27,53.73,2023-10-24,Yes
P00049,Electronics,Laptops,HP,HPLaptopsElite,47478,39162.15,8315.85,2019-01-04,Yes
P00050,Fashion,Footwear,Adidas,AdidasFootwearPro,12977,5830.44,7146.56,2025-12-18,Yes
P00051,Fashion,Footwear,Bata,BataFootwearPremium,9066,5364.51,3701.49,2019-12-03,Yes
P00052,Electronics,Smartphones,Google,GoogleSmartphonesMax,190634,157136.75,33497.25,2023-12-02,Yes
P00053,Grocery,Beverages,Fanta,FantaBeveragesPremium,1518,1436.44,81.56,2022-10-28,Yes
P00054,Fashion,Men's Wear,US Polo,US PoloMen's WearStandard,13408,6179.2,7228.8,2019-11-24,Yes
P00055,Grocery,Cooking Oil,Fortune,FortuneCooking OilPremium,306,264.34,41.66,2023-03-10,Yes
P00056,Fashion,Women's Wear,Biba,BibaWomen's WearPro,2518,1502.01,1015.99,2019-09-15,Yes
P00057,Electronics,Televisions,Sony,SonyTelevisionsStandard,20828,16973.67,3854.33,2021-09-26,Yes
P00058,Electronics,Smartphones,Apple,AppleSmartphonesMax,171507,145064.29,26442.71,2020-04-23,Yes
P00059,Grocery,Beverages,Pepsi,PepsiBeveragesPro,1795,1638.48,156.52,2021-09-23,Yes
P00060,Electronics,Televisions,LG,LGTelevisionsPlus,81487,65561.98,15925.02,2023-06-30,Yes
P00061,Fashion,Men's Wear,Van Heusen,Van HeusenMen's WearElite,2700,1111.62,1588.38,2020-02-23,Yes
P00062,Grocery,Rice,India Gate,India GateRiceElite,77,72.18,4.82,2023-08-23,Yes
P00063,Fashion,Women's Wear,Global Desi,Global DesiWomen's WearMax,14787,8212.71,6574.29,2021-02-20,Yes
P00064,Electronics,Laptops,Dell,DellLaptopsStandard,124210,107114.05,17095.95,2020-07-25,Yes
P00065,Electronics,Televisions,Panasonic,PanasonicTelevisionsPremium,28983,24107.88,4875.12,2025-10-04,Yes
P00066,Fashion,Women's Wear,Global Desi,Global DesiWomen's WearPremium,9152,5982.3,3169.7,2023-04-16,Yes
P00067,Fashion,Women's Wear,Biba,BibaWomen's WearPremium,9856,6179.12,3676.88,2022-04-13,Yes
P00068,Fashion,Footwear,Skechers,SkechersFootwearMax,13111,5717.61,7393.39,2025-05-18,Yes
P00069,Electronics,Laptops,Asus,AsusLaptopsMax,101396,89817.43,11578.57,2019-06-02,Yes
P00070,Electronics,Smartphones,Google,GoogleSmartphonesPro,195496,171092.19,24403.81,2026-06-28,Yes
P00071,Fashion,Footwear,Nike,NikeFootwearPremium,4853,2283.11,2569.89,2021-05-23,Yes
P00072,Fashion,Men's Wear,Levi's,Levi'sMen's WearStandard,911,511.67,399.33,2019-08-27,Yes
P00073,Grocery,Cooking Oil,Fortune,FortuneCooking OilPro,1763,1602.15,160.85,2023-08-17,Yes
P00074,Grocery,Rice,India Gate,India GateRiceElite,188,161.02,26.98,2021-04-11,Yes
P00075,Fashion,Men's Wear,Allen Solly,Allen SollyMen's WearElite,13797,5852.45,7944.55,2025-01-27,Yes
P00076,Grocery,Beverages,Fanta,FantaBeveragesMax,1965,1786.28,178.72,2021-12-22,Yes
P00077,Electronics,Laptops,HP,HPLaptopsPlus,141315,124727.57,16587.43,2026-04-29,Yes
P00078,Grocery,Beverages,Coca-Cola,Coca-ColaBeveragesStandard,522,449.39,72.61,2020-04-28,Yes
P00079,Fashion,Women's Wear,Zara,ZaraWomen's WearElite,5424,2271.73,3152.27,2022-05-23,No
P00080,Grocery,Beverages,Coca-Cola,Coca-ColaBeveragesPremium,1842,1702.11,139.89,2024-08-24,Yes
P00081,Fashion,Footwear,Skechers,SkechersFootwearPremium,6775,4294.63,2480.37,2018-08-09,Yes
P00082,Fashion,Men's Wear,Van Heusen,Van HeusenMen's WearPlus,4625,2150.69,2474.31,2025-07-31,Yes
P00083,Fashion,Footwear,Adidas,AdidasFootwearElite,11463,6472.93,4990.07,2023-07-21,Yes
P00084,Electronics,Televisions,LG,LGTelevisionsPremium,149542,124283.15,25258.85,2020-08-24,Yes
P00085,Grocery,Beverages,Pepsi,PepsiBeveragesPremium,67,58.97,8.03,2026-01-21,Yes
P00086,Grocery,Rice,India Gate,India GateRiceStandard,187,158.95,28.05,2024-01-08,Yes
P00087,Fashion,Women's Wear,W,WWomen's WearElite,7371,3505.27,3865.73,2023-01-08,Yes
P00088,Grocery,Cooking Oil,Dhara,DharaCooking OilPlus,1339,1188.81,150.19,2023-03-01,Yes
P00089,Grocery,Beverages,Fanta,FantaBeveragesMax,1555,1344.8,210.2,2019-11-04,Yes
P00090,Electronics,Televisions,Samsung,SamsungTelevisionsPlus,78345,65836.22,12508.78,2019-09-15,Yes
P00091,Fashion,Footwear,Nike,NikeFootwearPlus,742,469.84,272.16,2019-02-13,Yes
P00092,Fashion,Women's Wear,Global Desi,Global DesiWomen's WearElite,3914,1701.38,2212.62,2021-08-24,Yes
P00093,Grocery,Rice,India Gate,India GateRiceMax,1322,1203.33,118.67,2025-10-26,Yes
P00094,Fashion,Footwear,Nike,NikeFootwearElite,9010,5229.89,3780.11,2022-10-16,Yes
P00095,Fashion,Men's Wear,Levi's,Levi'sMen's WearElite,4569,2463.6,2105.4,2021-02-08,Yes
P00096,Grocery,Cooking Oil,Saffola,SaffolaCooking OilStandard,22,18.73,3.27,2019-12-30,Yes
P00097,Fashion,Footwear,Nike,NikeFootwearPremium,7860,4211.09,3648.91,2021-12-04,Yes
P00098,Grocery,Beverages,Pepsi,PepsiBeveragesPlus,1173,1101.04,71.96,2026-04-08,Yes
P00099,Electronics,Smartphones,Samsung,SamsungSmartphonesPro,90350,77562.05,12787.95,2019-12-24,Yes
P00100,Fashion,Men's Wear,Louis Philippe,Louis PhilippeMen's WearElite,12602,5192.35,7409.65,2019-01-27,Yes
P00101,Fashion,Footwear,Bata,BataFootwearPremium,1577,706.26,870.74,2019-01-05,Yes
P00102,Electronics,Televisions,Panasonic,PanasonicTelevisionsElite,109537,94307.85,15229.15,2018-09-06,Yes
P00103,Electronics,Televisions,Panasonic,PanasonicTelevisionsMax,17469,15639.25,1829.75,2020-10-03,Yes
P00104,Electronics,Smartphones,OnePlus,OnePlusSmartphonesMax,117781,103314.03,14466.97,2022-10-20,Yes
P00105,Electronics,Televisions,Samsung,SamsungTelevisionsPro,106544,86712.04,19831.96,2025-10-30,Yes
P00106,Grocery,Rice,India Gate,India GateRiceMax,111,100.01,10.99,2026-07-26,Yes
P00107,Fashion,Men's Wear,US Polo,US PoloMen's WearStandard,9866,6622.72,3243.28,2024-04-23,Yes
P00108,Fashion,Women's Wear,Global Desi,Global DesiWomen's WearMax,14004,9209.75,4794.25,2021-10-02,Yes
P00109,Grocery,Beverages,7UP,7UPBeveragesPro,930,805.28,124.72,2024-11-10,Yes
P00110,Grocery,Beverages,Pepsi,PepsiBeveragesStandard,1443,1228.11,214.89,2023-12-06,Yes
P00111,Electronics,Televisions,LG,LGTelevisionsMax,185881,150229.91,35651.09,2022-02-15,Yes
P00112,Electronics,Televisions,LG,LGTelevisionsPlus,78722,67593.69,11128.31,2023-05-17,Yes
P00113,Grocery,Rice,Daawat,DaawatRiceElite,1201,1119.02,81.98,2024-01-15,Yes
P00114,Grocery,Rice,Daawat,DaawatRiceElite,62,55.96,6.04,2019-07-28,Yes
P00115,Electronics,Laptops,Acer,AcerLaptopsPro,5587,4797.46,789.54,2021-09-05,Yes
P00116,Grocery,Rice,Fortune,FortuneRiceStandard,1725,1570.0,155.0,2022-05-28,Yes
P00117,Grocery,Rice,Daawat,DaawatRicePro,1705,1548.89,156.11,2024-05-16,Yes
P00118,Grocery,Rice,Fortune,FortuneRicePro,1789,1541.05,247.95,2021-08-31,Yes
P00119,Grocery,Rice,Fortune,FortuneRiceElite,1692,1444.67,247.33,2021-12-06,Yes
P00120,Fashion,Men's Wear,Allen Solly,Allen SollyMen's WearMax,12834,5428.07,7405.93,2025-12-12,Yes
P00121,Fashion,Women's Wear,H&M,H&MWomen's WearStandard,6211,3738.14,2472.86,2019-12-11,Yes
P00122,Electronics,Televisions,Sony,SonyTelevisionsPremium,20699,18451.74,2247.26,2026-03-22,Yes
P00123,Grocery,Rice,Fortune,FortuneRicePro,1174,1007.42,166.58,2023-07-10,Yes
P00124,Fashion,Footwear,Nike,NikeFootwearElite,11462,7894.79,3567.21,2025-11-11,Yes
P00125,Grocery,Rice,India Gate,India GateRicePremium,729,659.73,69.27,2022-02-19,Yes
P00126,Fashion,Footwear,Nike,NikeFootwearPlus,12022,6198.84,5823.16,2022-08-22,Yes
P00127,Fashion,Men's Wear,Van Heusen,Van HeusenMen's WearStandard,13460,8790.28,4669.72,2023-12-20,Yes
P00128,Grocery,Beverages,Coca-Cola,Coca-ColaBeveragesElite,621,573.17,47.83,2019-12-09,Yes
P00129,Fashion,Women's Wear,Zara,ZaraWomen's WearElite,7714,3093.09,4620.91,2021-10-25,Yes
P00130,Fashion,Men's Wear,Levi's,Levi'sMen's WearPro,10657,6913.03,3743.97,2022-03-09,Yes
P00131,Electronics,Smartphones,Samsung,SamsungSmartphonesStandard,146590,119441.18,27148.82,2022-10-26,Yes
P00132,Electronics,Laptops,Acer,AcerLaptopsMax,62973,56057.36,6915.64,2020-09-22,Yes
P00133,Fashion,Men's Wear,Allen Solly,Allen SollyMen's WearElite,3662,1879.49,1782.51,2023-09-16,Yes
P00134,Grocery,Beverages,Sprite,SpriteBeveragesElite,1401,1231.72,169.28,2020-08-15,Yes
P00135,Fashion,Women's Wear,Biba,BibaWomen's WearStandard,889,509.66,379.34,2023-05-11,Yes
P00136,Grocery,Rice,Daawat,DaawatRicePlus,815,752.39,62.61,2025-10-04,Yes
P00137,Electronics,Televisions,Sony,SonyTelevisionsPlus,163570,144604.08,18965.92,2020-03-21,Yes
P00138,Grocery,Cooking Oil,Saffola,SaffolaCooking OilElite,1555,1328.06,226.94,2021-09-19,Yes
P00139,Grocery,Beverages,Pepsi,PepsiBeveragesPro,39,34.62,4.38,2023-02-16,Yes
P00140,Electronics,Laptops,Asus,AsusLaptopsPlus,19354,17082.8,2271.2,2023-12-31,Yes
P00141,Electronics,Smartphones,OnePlus,OnePlusSmartphonesMax,178221,151035.96,27185.04,2023-07-02,Yes
P00142,Grocery,Cooking Oil,Dhara,DharaCooking OilPremium,1992,1708.78,283.22,2022-04-02,Yes
P00143,Electronics,Smartphones,Motorola,MotorolaSmartphonesPlus,190448,168002.19,22445.81,2026-01-07,Yes
P00144,Fashion,Women's Wear,Global Desi,Global DesiWomen's WearPlus,8771,3589.16,5181.84,2019-09-25,Yes
P00145,Grocery,Beverages,Sprite,SpriteBeveragesPremium,539,494.9,44.1,2022-05-06,Yes
P00146,Grocery,Rice,India Gate,India GateRicePro,1199,1101.22,97.78,2021-07-25,Yes
P00147,Grocery,Rice,Fortune,FortuneRiceMax,1832,1665.98,166.02,2023-11-17,Yes
P00148,Electronics,Smartphones,Apple,AppleSmartphonesPlus,133910,118948.01,14961.99,2019-07-27,Yes
P00149,Electronics,Laptops,Dell,DellLaptopsPro,54491,46885.51,7605.49,2026-06-06,Yes
P00150,Grocery,Rice,Fortune,FortuneRicePro,1307,1126.82,180.18,2020-12-30,Yes
P00151,Fashion,Women's Wear,Global Desi,Global DesiWomen's WearElite,8703,4713.14,3989.86,2022-08-02,Yes
P00152,Electronics,Laptops,HP,HPLaptopsPlus,67105,60093.22,7011.78,2025-01-06,Yes
P00153,Grocery,Beverages,Fanta,FantaBeveragesStandard,616,582.55,33.45,2020-12-05,Yes
P00154,Grocery,Rice,Daawat,DaawatRiceStandard,38,33.5,4.5,2021-05-06,Yes
P00155,Electronics,Televisions,LG,LGTelevisionsPlus,55644,48307.4,7336.6,2024-01-24,Yes
P00156,Electronics,Smartphones,Samsung,SamsungSmartphonesPremium,157864,137765.75,20098.25,2020-06-02,Yes
P00157,Electronics,Televisions,LG,LGTelevisionsPro,38753,31257.16,7495.84,2018-10-10,Yes
P00158,Grocery,Rice,Fortune,FortuneRiceMax,1418,1263.43,154.57,2023-01-23,Yes
P00159,Grocery,Rice,Daawat,DaawatRiceElite,261,247.38,13.62,2021-10-12,Yes
P00160,Electronics,Smartphones,Google,GoogleSmartphonesElite,150953,126239.65,24713.35,2020-12-10,Yes
P00161,Electronics,Smartphones,Apple,AppleSmartphonesPlus,184307,161570.06,22736.94,2019-02-26,Yes
P00162,Fashion,Men's Wear,US Polo,US PoloMen's WearPremium,5022,3496.1,1525.9,2021-09-02,Yes
P00163,Fashion,Men's Wear,Allen Solly,Allen SollyMen's WearPlus,4305,2988.41,1316.59,2019-10-31,Yes
P00164,Electronics,Televisions,Sony,SonyTelevisionsPlus,66606,59864.07,6741.93,2021-07-20,Yes
P00165,Electronics,Smartphones,OnePlus,OnePlusSmartphonesPlus,108482,95119.41,13362.59,2026-02-10,Yes
P00166,Fashion,Women's Wear,Global Desi,Global DesiWomen's WearPremium,14095,8579.32,5515.68,2020-04-28,Yes
P00167,Electronics,Laptops,Asus,AsusLaptopsPlus,2849,2457.49,391.51,2018-11-11,Yes
P00168,Grocery,Beverages,Fanta,FantaBeveragesStandard,1326,1142.09,183.91,2019-02-02,Yes
P00169,Grocery,Cooking Oil,Saffola,SaffolaCooking OilElite,1256,1133.07,122.93,2025-09-16,Yes
P00170,Electronics,Smartphones,Samsung,SamsungSmartphonesStandard,128459,104165.56,24293.44,2018-12-07,Yes
P00171,Fashion,Footwear,Bata,BataFootwearPremium,2909,1181.32,1727.68,2025-10-20,Yes
P00172,Electronics,Laptops,Acer,AcerLaptopsPro,145963,127772.3,18190.7,2024-12-12,Yes
P00173,Grocery,Rice,Fortune,FortuneRiceStandard,683,589.39,93.61,2024-02-21,Yes
P00174,Grocery,Beverages,Sprite,SpriteBeveragesPro,616,579.8,36.2,2023-10-11,Yes
P00175,Grocery,Cooking Oil,Saffola,SaffolaCooking OilPremium,519,471.64,47.36,2023-10-14,Yes
P00176,Fashion,Men's Wear,US Polo,US PoloMen's WearElite,8626,3722.27,4903.73,2019-05-07,Yes
P00177,Electronics,Smartphones,Samsung,SamsungSmartphonesMax,139100,120910.61,18189.39,2024-03-09,Yes
P00178,Grocery,Rice,India Gate,India GateRiceStandard,776,667.49,108.51,2021-09-18,Yes
P00179,Fashion,Men's Wear,US Polo,US PoloMen's WearPremium,2424,1240.52,1183.48,2023-05-14,Yes
P00180,Fashion,Footwear,Puma,PumaFootwearElite,4329,2431.19,1897.81,2020-05-17,Yes
P00181,Electronics,Smartphones,OnePlus,OnePlusSmartphonesStandard,22301,19870.05,2430.95,2022-03-23,Yes
P00182,Fashion,Men's Wear,Louis Philippe,Louis PhilippeMen's WearMax,1841,788.23,1052.77,2025-10-18,Yes
P00183,Grocery,Beverages,Sprite,SpriteBeveragesStandard,1596,1358.1,237.9,2019-01-17,Yes
P00184,Fashion,Footwear,Skechers,SkechersFootwearPremium,6368,3128.44,3239.56,2022-09-13,Yes
P00185,Electronics,Smartphones,OnePlus,OnePlusSmartphonesMax,118089,98460.45,19628.55,2022-11-04,Yes
P00186,Grocery,Rice,Daawat,DaawatRiceElite,179,155.55,23.45,2025-09-14,Yes
P00187,Fashion,Men's Wear,Van Heusen,Van HeusenMen's WearPlus,14503,9310.27,5192.73,2019-07-31,Yes
P00188,Grocery,Cooking Oil,Saffola,SaffolaCooking OilStandard,549,504.07,44.93,2019-02-03,Yes
P00189,Grocery,Cooking Oil,Dhara,DharaCooking OilElite,689,592.78,96.22,2019-02-23,Yes
P00190,Grocery,Rice,Daawat,DaawatRiceStandard,585,525.86,59.14,2022-12-26,Yes
P00191,Grocery,Rice,Daawat,DaawatRicePlus,1104,1018.12,85.88,2022-09-01,Yes
P00192,Electronics,Laptops,HP,HPLaptopsPremium,123166,107862.44,15303.56,2020-11-21,Yes
P00193,Fashion,Men's Wear,Levi's,Levi'sMen's WearPlus,8292,5577.92,2714.08,2021-04-22,Yes
P00194,Grocery,Cooking Oil,Fortune,FortuneCooking OilPro,391,355.28,35.72,2022-07-06,Yes
P00195,Grocery,Rice,India Gate,India GateRicePremium,1640,1491.11,148.89,2023-04-01,Yes
P00196,Electronics,Laptops,Dell,DellLaptopsElite,146449,120781.05,25667.95,2025-08-07,Yes
P00197,Electronics,Smartphones,Google,GoogleSmartphonesPro,159721,128844.19,30876.81,2025-09-14,Yes
P00198,Grocery,Beverages,Pepsi,PepsiBeveragesMax,1008,914.72,93.28,2020-12-24,Yes
P00199,Fashion,Footwear,Nike,NikeFootwearStandard,12457,7069.78,5387.22,2020-09-21,Yes
P00200,Grocery,Cooking Oil,Fortune,FortuneCooking OilMax,281,250.27,30.73,2021-06-01,Yes
P00201,Grocery,Cooking Oil,Saffola,SaffolaCooking OilPlus,1806,1682.19,123.81,2024-07-15,Yes
P00202,Electronics,Smartphones,OnePlus,OnePlusSmartphonesPro,194179,165117.22,29061.78,2022-07-26,Yes
P00203,Electronics,Smartphones,Apple,AppleSmartphonesStandard,86074,73920.61,12153.39,2019-07-22,Yes
P00204,Electronics,Televisions,Samsung,SamsungTelevisionsElite,58671,51546.92,7124.08,2024-12-02,Yes
P00205,Fashion,Men's Wear,Louis Philippe,Louis PhilippeMen's WearPlus,5339,2864.23,2474.77,2021-04-22,Yes
P00206,Electronics,Laptops,HP,HPLaptopsPlus,126042,101159.31,24882.69,2022-10-19,Yes
P00207,Grocery,Beverages,Pepsi,PepsiBeveragesPremium,575,546.06,28.94,2021-06-02,Yes
P00208,Fashion,Women's Wear,W,WWomen's WearPremium,680,313.98,366.02,2024-06-05,Yes
P00209,Electronics,Televisions,Panasonic,PanasonicTelevisionsPlus,44159,39167.78,4991.22,2021-02-28,Yes
P00210,Electronics,Smartphones,Google,GoogleSmartphonesStandard,175014,141387.63,33626.37,2023-09-23,Yes
P00211,Electronics,Laptops,Lenovo,LenovoLaptopsMax,56769,47895.09,8873.91,2024-08-24,Yes
P00212,Fashion,Men's Wear,Van Heusen,Van HeusenMen's WearMax,4342,2961.62,1380.38,2026-05-01,Yes
P00213,Grocery,Rice,Fortune,FortuneRiceElite,1429,1225.59,203.41,2026-06-18,Yes
P00214,Electronics,Laptops,Asus,AsusLaptopsStandard,13630,11867.63,1762.37,2019-04-24,Yes
P00215,Electronics,Televisions,Sony,SonyTelevisionsStandard,4546,3977.05,568.95,2019-06-08,Yes
P00216,Grocery,Beverages,7UP,7UPBeveragesPlus,675,617.96,57.04,2024-03-05,Yes
P00217,Electronics,Smartphones,Google,GoogleSmartphonesPlus,72154,57803.49,14350.51,2019-06-15,Yes
P00218,Fashion,Men's Wear,Louis Philippe,Louis PhilippeMen's WearElite,7867,5399.7,2467.3,2026-01-30,Yes
P00219,Electronics,Televisions,TCL,TCLTelevisionsElite,76863,68392.06,8470.94,2023-02-06,Yes
P00220,Grocery,Rice,India Gate,India GateRicePro,1855,1649.02,205.98,2024-05-07,Yes
P00221,Fashion,Men's Wear,Allen Solly,Allen SollyMen's WearMax,6384,3439.64,2944.36,2022-01-20,Yes
P00222,Grocery,Beverages,7UP,7UPBeveragesPlus,267,250.67,16.33,2019-03-05,Yes
P00223,Electronics,Televisions,Panasonic,PanasonicTelevisionsPremium,177295,156525.86,20769.14,2024-07-22,Yes
P00224,Grocery,Cooking Oil,Dhara,DharaCooking OilMax,304,262.66,41.34,2023-02-10,Yes
P00225,Fashion,Men's Wear,Louis Philippe,Louis PhilippeMen's WearPremium,11752,4866.09,6885.91,2021-08-09,No
P00226,Electronics,Smartphones,Samsung,SamsungSmartphonesStandard,176357,145307.66,31049.34,2020-06-15,Yes
P00227,Grocery,Cooking Oil,Saffola,SaffolaCooking OilElite,753,649.98,103.02,2026-03-31,Yes
P00228,Grocery,Cooking Oil,Saffola,SaffolaCooking OilStandard,966,860.61,105.39,2025-11-22,Yes
P00229,Fashion,Men's Wear,Van Heusen,Van HeusenMen's WearPlus,562,234.64,327.36,2023-05-06,Yes
P00230,Fashion,Footwear,Nike,NikeFootwearPlus,8666,5241.25,3424.75,2023-04-09,Yes
P00231,Electronics,Televisions,Sony,SonyTelevisionsStandard,44634,38756.59,5877.41,2024-03-30,Yes
P00232,Electronics,Televisions,Samsung,SamsungTelevisionsPremium,185782,158671.94,27110.06,2024-09-16,Yes
P00233,Fashion,Footwear,Bata,BataFootwearElite,2332,943.85,1388.15,2021-02-05,Yes
P00234,Electronics,Laptops,Acer,AcerLaptopsPremium,166218,145951.77,20266.23,2025-11-02,Yes
P00235,Fashion,Men's Wear,Louis Philippe,Louis PhilippeMen's WearPremium,8405,4820.3,3584.7,2026-03-30,Yes
P00236,Fashion,Footwear,Adidas,AdidasFootwearPremium,12333,7083.67,5249.33,2021-01-17,Yes
P00237,Electronics,Televisions,Sony,SonyTelevisionsPlus,1916,1537.12,378.88,2021-12-18,Yes
P00238,Grocery,Cooking Oil,Dhara,DharaCooking OilPro,1175,1050.76,124.24,2019-10-02,Yes
P00239,Grocery,Rice,India Gate,India GateRiceMax,706,656.27,49.73,2019-02-10,Yes
P00240,Fashion,Footwear,Puma,PumaFootwearMax,6570,2750.78,3819.22,2020-05-06,Yes
P00241,Electronics,Laptops,Asus,AsusLaptopsStandard,9195,8253.07,941.93,2023-03-10,Yes
P00242,Electronics,Smartphones,Google,GoogleSmartphonesMax,59490,51733.94,7756.06,2023-07-10,Yes
P00243,Grocery,Cooking Oil,Saffola,SaffolaCooking OilPlus,1334,1240.93,93.07,2022-09-02,Yes
P00244,Fashion,Men's Wear,US Polo,US PoloMen's WearElite,2344,1560.79,783.21,2023-03-18,Yes
P00245,Fashion,Footwear,Adidas,AdidasFootwearPlus,1389,580.45,808.55,2019-07-26,Yes
P00246,Grocery,Beverages,7UP,7UPBeveragesMax,973,889.41,83.59,2022-07-24,Yes
P00247,Grocery,Cooking Oil,Dhara,DharaCooking OilElite,1780,1562.59,217.41,2021-10-30,Yes
P00248,Grocery,Rice,Fortune,FortuneRiceMax,543,467.86,75.14,2025-11-29,Yes
P00249,Grocery,Rice,Daawat,DaawatRicePremium,1674,1552.67,121.33,2020-08-11,Yes
P00250,Electronics,Laptops,Asus,AsusLaptopsElite,145889,122284.32,23604.68,2019-12-21,Yes
P00251,Fashion,Footwear,Adidas,AdidasFootwearElite,8744,5520.42,3223.58,2022-06-10,Yes
P00252,Electronics,Laptops,Asus,AsusLaptopsStandard,65480,58229.02,7250.98,2019-12-13,Yes
P00253,Grocery,Rice,Daawat,DaawatRiceStandard,1859,1721.46,137.54,2018-08-06,Yes
P00254,Fashion,Men's Wear,Allen Solly,Allen SollyMen's WearMax,7372,4789.82,2582.18,2025-03-27,Yes
P00255,Grocery,Rice,Fortune,FortuneRiceElite,1872,1749.08,122.92,2022-08-18,Yes
P00256,Grocery,Cooking Oil,Dhara,DharaCooking OilPremium,1807,1580.15,226.85,2023-01-24,Yes
P00257,Electronics,Laptops,Dell,DellLaptopsPlus,177969,150442.2,27526.8,2022-12-12,Yes
P00258,Fashion,Women's Wear,Global Desi,Global DesiWomen's WearPlus,501,258.76,242.24,2025-12-24,Yes
P00259,Electronics,Smartphones,Apple,AppleSmartphonesPro,84295,68681.3,15613.7,2024-09-21,Yes
P00260,Fashion,Footwear,Bata,BataFootwearPlus,680,401.71,278.29,2020-01-16,Yes
P00261,Fashion,Men's Wear,Van Heusen,Van HeusenMen's WearMax,3259,1661.99,1597.01,2020-05-03,Yes
P00262,Grocery,Rice,Daawat,DaawatRiceMax,853,767.79,85.21,2023-08-03,Yes
P00263,Fashion,Women's Wear,Global Desi,Global DesiWomen's WearMax,13083,5699.31,7383.69,2024-06-20,Yes
P00264,Fashion,Men's Wear,US Polo,US PoloMen's WearElite,4515,3058.38,1456.62,2025-02-25,Yes
P00265,Electronics,Smartphones,Google,GoogleSmartphonesPremium,128013,107577.75,20435.25,2022-06-18,Yes
P00266,Fashion,Footwear,Bata,BataFootwearElite,9028,3966.23,5061.77,2020-09-23,Yes
P00267,Grocery,Cooking Oil,Fortune,FortuneCooking OilPlus,192,171.52,20.48,2024-08-27,Yes
P00268,Fashion,Footwear,Puma,PumaFootwearPlus,1595,1018.42,576.58,2023-10-27,Yes
P00269,Grocery,Cooking Oil,Dhara,DharaCooking OilMax,522,476.09,45.91,2026-02-01,Yes
P00270,Grocery,Cooking Oil,Dhara,DharaCooking OilElite,978,917.64,60.36,2019-05-30,Yes
P00271,Fashion,Footwear,Bata,BataFootwearElite,14445,7521.85,6923.15,2019-02-08,Yes
P00272,Grocery,Rice,Daawat,DaawatRiceElite,555,474.27,80.73,2026-03-20,Yes
P00273,Electronics,Smartphones,OnePlus,OnePlusSmartphonesMax,72878,59706.32,13171.68,2021-05-05,Yes
P00274,Grocery,Cooking Oil,Dhara,DharaCooking OilStandard,1164,1014.95,149.05,2020-05-04,Yes
P00275,Fashion,Footwear,Bata,BataFootwearPlus,10683,4378.47,6304.53,2020-12-09,Yes
P00276,Grocery,Cooking Oil,Dhara,DharaCooking OilPro,1310,1190.55,119.45,2020-10-19,Yes
P00277,Fashion,Men's Wear,US Polo,US PoloMen's WearPlus,6426,4128.73,2297.27,2022-06-03,Yes
P00278,Electronics,Laptops,Dell,DellLaptopsMax,87263,73954.32,13308.68,2021-02-03,Yes
P00279,Electronics,Smartphones,Apple,AppleSmartphonesPlus,153363,124447.18,28915.82,2019-02-01,Yes
P00280,Grocery,Rice,Daawat,DaawatRicePremium,1265,1086.44,178.56,2024-09-06,Yes
P00281,Fashion,Footwear,Nike,NikeFootwearPro,14840,7436.27,7403.73,2024-09-18,Yes
P00282,Fashion,Footwear,Bata,BataFootwearStandard,9626,6721.37,2904.63,2022-10-16,Yes
P00283,Electronics,Smartphones,OnePlus,OnePlusSmartphonesElite,78744,67805.77,10938.23,2020-08-05,Yes
P00284,Grocery,Rice,Daawat,DaawatRiceElite,676,617.8,58.2,2025-07-14,Yes
P00285,Grocery,Rice,Daawat,DaawatRiceElite,922,796.81,125.19,2022-10-10,Yes
P00286,Electronics,Televisions,TCL,TCLTelevisionsPlus,152653,132994.61,19658.39,2021-07-24,Yes
P00287,Electronics,Televisions,Sony,SonyTelevisionsStandard,51947,44957.39,6989.61,2024-11-04,Yes
P00288,Fashion,Men's Wear,Louis Philippe,Louis PhilippeMen's WearElite,7334,3401.0,3933.0,2023-07-08,Yes
P00289,Fashion,Men's Wear,Van Heusen,Van HeusenMen's WearElite,9854,6616.58,3237.42,2024-12-13,Yes
P00290,Fashion,Women's Wear,H&M,H&MWomen's WearElite,12448,8274.25,4173.75,2019-08-01,Yes
P00291,Grocery,Beverages,Pepsi,PepsiBeveragesPremium,1811,1641.58,169.42,2019-03-07,Yes
P00292,Electronics,Televisions,TCL,TCLTelevisionsPlus,47813,41077.82,6735.18,2024-02-04,Yes
P00293,Electronics,Smartphones,Apple,AppleSmartphonesMax,34482,29348.14,5133.86,2023-10-19,Yes
P00294,Grocery,Beverages,Fanta,FantaBeveragesPremium,795,678.54,116.46,2023-10-28,Yes
P00295,Electronics,Laptops,Asus,AsusLaptopsElite,176296,153509.39,22786.61,2020-03-06,Yes
P00296,Electronics,Laptops,Asus,AsusLaptopsStandard,67464,60501.72,6962.28,2023-03-10,Yes
P00297,Fashion,Men's Wear,Levi's,Levi'sMen's WearPremium,14582,7572.51,7009.49,2023-01-09,Yes
P00298,Electronics,Laptops,Asus,AsusLaptopsPro,26901,22672.35,4228.65,2019-05-24,Yes
P00299,Fashion,Women's Wear,W,WWomen's WearMax,3776,2634.19,1141.81,2023-06-19,Yes
P00300,Electronics,Televisions,Samsung,SamsungTelevisionsMax,16059,13932.57,2126.43,2019-05-01,Yes
P00301,Grocery,Cooking Oil,Dhara,DharaCooking OilPlus,1499,1376.88,122.12,2021-10-03,Yes
P00302,Grocery,Cooking Oil,Dhara,DharaCooking OilPremium,969,838.87,130.13,2022-02-28,Yes
P00303,Electronics,Smartphones,Samsung,SamsungSmartphonesPro,137267,113811.12,23455.88,2022-05-01,Yes
P00304,Fashion,Women's Wear,H&M,H&MWomen's WearElite,11657,7608.39,4048.61,2022-09-15,Yes
P00305,Grocery,Beverages,Coca-Cola,Coca-ColaBeveragesPlus,1534,1362.56,171.44,2020-03-16,Yes
P00306,Fashion,Men's Wear,Louis Philippe,Louis PhilippeMen's WearMax,6272,3252.64,3019.36,2020-04-15,Yes
P00307,Fashion,Women's Wear,W,WWomen's WearStandard,7715,3866.73,3848.27,2025-10-26,Yes
P00308,Electronics,Televisions,Panasonic,PanasonicTelevisionsPremium,45635,38308.24,7326.76,2020-01-04,Yes
P00309,Fashion,Footwear,Skechers,SkechersFootwearPremium,3909,2612.8,1296.2,2021-07-25,Yes
P00310,Grocery,Cooking Oil,Saffola,SaffolaCooking OilPlus,1125,1057.82,67.18,2023-03-24,Yes
P00311,Grocery,Rice,India Gate,India GateRicePro,421,385.29,35.71,2026-07-25,Yes
P00312,Electronics,Televisions,TCL,TCLTelevisionsPro,124523,103809.6,20713.4,2025-03-12,Yes
P00313,Electronics,Laptops,Dell,DellLaptopsPlus,19218,15872.94,3345.06,2026-04-29,Yes
P00314,Grocery,Cooking Oil,Saffola,SaffolaCooking OilPlus,1656,1553.52,102.48,2023-07-31,Yes
P00315,Electronics,Smartphones,OnePlus,OnePlusSmartphonesPro,15280,12653.2,2626.8,2026-03-21,Yes
P00316,Fashion,Women's Wear,Global Desi,Global DesiWomen's WearPro,7889,3978.89,3910.11,2026-06-18,Yes
P00317,Fashion,Men's Wear,Allen Solly,Allen SollyMen's WearStandard,13742,9155.57,4586.43,2022-04-15,Yes
P00318,Grocery,Rice,Fortune,FortuneRiceMax,351,307.04,43.96,2021-02-05,Yes
P00319,Grocery,Beverages,Fanta,FantaBeveragesPlus,973,915.63,57.37,2022-10-04,Yes
P00320,Grocery,Cooking Oil,Fortune,FortuneCooking OilPro,988,854.04,133.96,2023-07-18,Yes
P00321,Grocery,Cooking Oil,Fortune,FortuneCooking OilPremium,1735,1493.31,241.69,2024-09-19,Yes
P00322,Electronics,Televisions,Panasonic,PanasonicTelevisionsPro,39314,33533.98,5780.02,2024-06-23,Yes
P00323,Electronics,Laptops,Acer,AcerLaptopsElite,95030,76658.23,18371.77,2022-06-13,Yes
P00324,Grocery,Cooking Oil,Saffola,SaffolaCooking OilPremium,1498,1285.63,212.37,2020-07-03,Yes
P00325,Electronics,Televisions,Panasonic,PanasonicTelevisionsStandard,57521,51561.22,5959.78,2019-09-28,Yes
P00326,Grocery,Beverages,Sprite,SpriteBeveragesPro,1847,1715.63,131.37,2021-05-29,Yes
P00327,Electronics,Laptops,Asus,AsusLaptopsStandard,117074,101736.99,15337.01,2025-01-06,Yes
P00328,Fashion,Men's Wear,Allen Solly,Allen SollyMen's WearMax,3235,1437.25,1797.75,2022-10-21,Yes
P00329,Grocery,Cooking Oil,Saffola,SaffolaCooking OilPlus,1489,1392.0,97.0,2024-05-27,Yes
P00330,Fashion,Women's Wear,Biba,BibaWomen's WearMax,6310,3334.48,2975.52,2024-09-22,Yes
P00331,Fashion,Footwear,Puma,PumaFootwearPro,11147,4542.72,6604.28,2021-12-12,Yes
P00332,Grocery,Cooking Oil,Fortune,FortuneCooking OilMax,758,670.39,87.61,2021-02-16,Yes
P00333,Grocery,Rice,Daawat,DaawatRiceMax,707,612.02,94.98,2022-02-03,Yes
P00334,Fashion,Men's Wear,Louis Philippe,Louis PhilippeMen's WearStandard,12818,8956.38,3861.62,2024-10-12,Yes
P00335,Electronics,Televisions,Sony,SonyTelevisionsPremium,47123,39249.13,7873.87,2021-12-19,Yes
P00336,Fashion,Footwear,Nike,NikeFootwearPremium,12345,6802.66,5542.34,2023-06-27,Yes
P00337,Fashion,Women's Wear,Global Desi,Global DesiWomen's WearPro,12538,7704.36,4833.64,2020-10-13,Yes
P00338,Fashion,Women's Wear,Zara,ZaraWomen's WearStandard,7532,4743.23,2788.77,2022-06-28,Yes
P00339,Electronics,Smartphones,Apple,AppleSmartphonesMax,186775,153639.48,33135.52,2022-08-28,Yes
P00340,Electronics,Smartphones,Google,GoogleSmartphonesPlus,74401,66156.55,8244.45,2020-08-02,Yes
P00341,Grocery,Cooking Oil,Saffola,SaffolaCooking OilMax,1215,1137.48,77.52,2023-09-21,Yes
P00342,Electronics,Laptops,Dell,DellLaptopsMax,22067,19085.05,2981.95,2021-07-27,Yes
P00343,Electronics,Laptops,Asus,AsusLaptopsElite,147032,118476.91,28555.09,2025-03-19,Yes
P00344,Grocery,Cooking Oil,Fortune,FortuneCooking OilMax,317,280.91,36.09,2019-06-29,Yes
P00345,Electronics,Smartphones,Samsung,SamsungSmartphonesStandard,147929,132704.58,15224.42,2025-10-07,Yes
P00346,Electronics,Laptops,Dell,DellLaptopsMax,11408,10071.16,1336.84,2019-08-27,Yes
P00347,Grocery,Beverages,7UP,7UPBeveragesPremium,681,618.55,62.45,2024-06-26,Yes
P00348,Grocery,Beverages,7UP,7UPBeveragesElite,1407,1258.54,148.46,2022-10-14,Yes
P00349,Fashion,Men's Wear,Levi's,Levi'sMen's WearStandard,6941,2980.36,3960.64,2025-01-03,Yes
P00350,Electronics,Televisions,TCL,TCLTelevisionsStandard,12571,10682.56,1888.44,2020-03-24,Yes
P00351,Electronics,Smartphones,Apple,AppleSmartphonesPro,61773,49771.33,12001.67,2025-08-17,Yes
P00352,Electronics,Smartphones,OnePlus,OnePlusSmartphonesMax,74506,64157.54,10348.46,2022-06-20,Yes
P00353,Electronics,Laptops,Asus,AsusLaptopsElite,27900,24648.42,3251.58,2022-10-26,Yes
P00354,Grocery,Cooking Oil,Saffola,SaffolaCooking OilStandard,984,898.88,85.12,2019-06-30,Yes
P00355,Electronics,Televisions,LG,LGTelevisionsMax,72194,59388.56,12805.44,2023-11-01,Yes
P00356,Electronics,Televisions,Panasonic,PanasonicTelevisionsPlus,56840,49248.93,7591.07,2025-11-23,Yes
P00357,Fashion,Footwear,Puma,PumaFootwearMax,8591,4365.77,4225.23,2019-05-02,Yes
P00358,Electronics,Laptops,Asus,AsusLaptopsElite,192758,155140.92,37617.08,2025-01-20,Yes
P00359,Fashion,Women's Wear,Zara,ZaraWomen's WearStandard,5930,3582.29,2347.71,2018-11-07,Yes
P00360,Grocery,Beverages,Fanta,FantaBeveragesStandard,1672,1534.87,137.13,2019-09-25,Yes
P00361,Grocery,Cooking Oil,Fortune,FortuneCooking OilPremium,546,513.56,32.44,2024-08-29,Yes
P00362,Electronics,Televisions,Sony,SonyTelevisionsMax,125502,108755.57,16746.43,2022-11-23,Yes
P00363,Grocery,Rice,India Gate,India GateRiceElite,1764,1586.57,177.43,2024-07-18,Yes
P00364,Electronics,Smartphones,Motorola,MotorolaSmartphonesPremium,6743,5637.32,1105.68,2022-11-20,Yes
P00365,Grocery,Beverages,Sprite,SpriteBeveragesPlus,1215,1109.12,105.88,2021-04-09,Yes
P00366,Grocery,Beverages,Coca-Cola,Coca-ColaBeveragesMax,20,17.84,2.16,2019-05-05,Yes
P00367,Electronics,Laptops,Dell,DellLaptopsPremium,39710,35148.1,4561.9,2023-10-17,Yes
P00368,Fashion,Women's Wear,H&M,H&MWomen's WearPremium,5300,2224.84,3075.16,2021-06-11,Yes
P00369,Electronics,Smartphones,Motorola,MotorolaSmartphonesMax,26355,21699.12,4655.88,2025-04-05,No
P00370,Electronics,Televisions,TCL,TCLTelevisionsPlus,39112,33970.98,5141.02,2019-11-09,Yes
P00371,Grocery,Cooking Oil,Saffola,SaffolaCooking OilPremium,1601,1462.26,138.74,2026-07-27,Yes
P00372,Grocery,Rice,Daawat,DaawatRiceMax,1472,1280.53,191.47,2021-04-08,Yes
P00373,Electronics,Laptops,Asus,AsusLaptopsStandard,24379,20100.02,4278.98,2021-08-13,Yes
P00374,Grocery,Beverages,Sprite,SpriteBeveragesStandard,683,588.21,94.79,2022-06-19,Yes
P00375,Grocery,Beverages,Coca-Cola,Coca-ColaBeveragesElite,688,648.2,39.8,2019-01-06,Yes
P00376,Electronics,Smartphones,Google,GoogleSmartphonesPro,162291,139581.6,22709.4,2022-03-22,Yes
P00377,Electronics,Laptops,Dell,DellLaptopsStandard,160398,143087.82,17310.18,2023-07-10,Yes
P00378,Electronics,Televisions,Sony,SonyTelevisionsElite,130662,112594.71,18067.29,2020-11-14,Yes
P00379,Fashion,Women's Wear,Zara,ZaraWomen's WearMax,1150,767.87,382.13,2025-01-28,Yes
P00380,Fashion,Men's Wear,Louis Philippe,Louis PhilippeMen's WearPlus,4699,3005.25,1693.75,2022-03-23,Yes
P00381,Grocery,Beverages,Coca-Cola,Coca-ColaBeveragesPlus,702,654.97,47.03,2019-11-10,Yes
P00382,Grocery,Rice,Fortune,FortuneRiceStandard,1420,1210.69,209.31,2024-08-31,Yes
P00383,Electronics,Televisions,LG,LGTelevisionsStandard,6359,5638.2,720.8,2025-11-11,Yes
P00384,Fashion,Footwear,Puma,PumaFootwearPlus,869,371.78,497.22,2025-11-21,Yes
P00385,Grocery,Beverages,Coca-Cola,Coca-ColaBeveragesStandard,1819,1622.03,196.97,2023-05-05,Yes
P00386,Fashion,Women's Wear,Biba,BibaWomen's WearElite,1746,854.45,891.55,2021-05-11,Yes
P00387,Electronics,Laptops,Acer,AcerLaptopsPremium,180127,147917.26,32209.74,2022-02-16,Yes
P00388,Electronics,Televisions,Samsung,SamsungTelevisionsPremium,182864,161690.29,21173.71,2018-09-01,Yes
P00389,Electronics,Televisions,Samsung,SamsungTelevisionsElite,186317,153953.85,32363.15,2024-01-06,Yes
P00390,Electronics,Smartphones,Samsung,SamsungSmartphonesPro,16339,13299.83,3039.17,2024-08-17,Yes
P00391,Fashion,Footwear,Skechers,SkechersFootwearElite,928,586.44,341.56,2023-03-17,Yes
P00392,Fashion,Men's Wear,Van Heusen,Van HeusenMen's WearPlus,9495,4534.31,4960.69,2022-11-10,Yes
P00393,Electronics,Televisions,Panasonic,PanasonicTelevisionsPro,85385,68722.67,16662.33,2026-07-01,Yes
P00394,Electronics,Laptops,Acer,AcerLaptopsPlus,185318,155657.32,29660.68,2021-02-28,Yes
P00395,Electronics,Laptops,Lenovo,LenovoLaptopsPlus,54230,43844.8,10385.2,2024-01-12,Yes
P00396,Fashion,Women's Wear,Global Desi,Global DesiWomen's WearMax,10973,5244.72,5728.28,2018-10-11,Yes
P00397,Electronics,Televisions,Panasonic,PanasonicTelevisionsElite,150557,120855.47,29701.53,2019-09-24,Yes
P00398,Grocery,Cooking Oil,Fortune,FortuneCooking OilPremium,1370,1268.88,101.12,2021-09-10,Yes
P00399,Electronics,Televisions,LG,LGTelevisionsPro,123273,107937.13,15335.87,2019-12-31,Yes
P00400,Fashion,Footwear,Bata,BataFootwearStandard,14250,8845.06,5404.94,2019-12-04,Yes
P00401,Electronics,Televisions,TCL,TCLTelevisionsPro,62045,52870.66,9174.34,2020-01-23,Yes
P00402,Electronics,Laptops,Acer,AcerLaptopsStandard,95889,84740.19,11148.81,2022-02-07,Yes
P00403,Grocery,Rice,India Gate,India GateRiceStandard,864,764.97,99.03,2024-09-07,Yes
P00404,Fashion,Women's Wear,H&M,H&MWomen's WearPro,881,372.65,508.35,2021-11-13,Yes
P00405,Grocery,Beverages,Sprite,SpriteBeveragesMax,1466,1342.36,123.64,2021-08-06,Yes
P00406,Grocery,Cooking Oil,Dhara,DharaCooking OilMax,1859,1622.09,236.91,2020-11-18,Yes
P00407,Grocery,Cooking Oil,Fortune,FortuneCooking OilPlus,380,324.15,55.85,2021-08-21,Yes
P00408,Fashion,Footwear,Skechers,SkechersFootwearMax,11481,7316.0,4165.0,2020-10-03,Yes
P00409,Electronics,Laptops,Dell,DellLaptopsElite,55027,49121.49,5905.51,2020-09-21,Yes
P00410,Fashion,Footwear,Nike,NikeFootwearStandard,4901,3103.09,1797.91,2020-06-14,Yes
P00411,Grocery,Rice,Daawat,DaawatRiceMax,1302,1147.34,154.66,2023-08-13,Yes
P00412,Electronics,Televisions,TCL,TCLTelevisionsMax,125073,106702.17,18370.83,2026-02-25,Yes
P00413,Fashion,Footwear,Nike,NikeFootwearElite,9795,5932.4,3862.6,2021-06-23,Yes
P00414,Electronics,Televisions,LG,LGTelevisionsStandard,178150,155245.44,22904.56,2023-03-11,Yes
P00415,Grocery,Rice,Fortune,FortuneRiceStandard,1373,1196.01,176.99,2019-08-01,Yes
P00416,Electronics,Televisions,Panasonic,PanasonicTelevisionsElite,193501,157091.71,36409.29,2025-09-09,Yes
P00417,Grocery,Rice,India Gate,India GateRicePro,1820,1572.45,247.55,2025-02-13,Yes
P00418,Fashion,Men's Wear,Allen Solly,Allen SollyMen's WearStandard,5174,2167.16,3006.84,2023-11-11,Yes
P00419,Fashion,Women's Wear,Zara,ZaraWomen's WearPremium,4866,2586.1,2279.9,2019-04-25,Yes
P00420,Electronics,Laptops,Asus,AsusLaptopsMax,51729,44907.07,6821.93,2022-12-31,No
P00421,Fashion,Men's Wear,Van Heusen,Van HeusenMen's WearStandard,5446,2363.09,3082.91,2020-12-19,Yes
P00422,Grocery,Beverages,7UP,7UPBeveragesStandard,779,735.44,43.56,2020-09-03,Yes
P00423,Electronics,Laptops,HP,HPLaptopsPlus,39612,32055.75,7556.25,2025-12-26,Yes
P00424,Electronics,Smartphones,Motorola,MotorolaSmartphonesPlus,24966,22009.19,2956.81,2025-10-09,Yes
P00425,Grocery,Cooking Oil,Dhara,DharaCooking OilStandard,697,640.28,56.72,2018-12-27,Yes
P00426,Electronics,Smartphones,Samsung,SamsungSmartphonesStandard,57908,48048.08,9859.92,2020-02-06,Yes
P00427,Electronics,Televisions,LG,LGTelevisionsMax,66566,59705.54,6860.46,2023-06-23,Yes
P00428,Grocery,Rice,Fortune,FortuneRicePremium,112,100.5,11.5,2021-12-05,Yes
P00429,Fashion,Footwear,Adidas,AdidasFootwearPremium,8715,3502.21,5212.79,2023-06-05,Yes
P00430,Electronics,Laptops,Acer,AcerLaptopsMax,160867,131929.05,28937.95,2022-07-13,Yes
P00431,Fashion,Footwear,Adidas,AdidasFootwearElite,8502,3473.71,5028.29,2025-12-15,Yes
P00432,Grocery,Cooking Oil,Dhara,DharaCooking OilStandard,587,518.33,68.67,2020-09-12,Yes
P00433,Fashion,Footwear,Adidas,AdidasFootwearElite,9991,5246.73,4744.27,2019-08-27,Yes
P00434,Grocery,Beverages,Sprite,SpriteBeveragesPro,1653,1474.06,178.94,2021-10-13,Yes
P00435,Fashion,Footwear,Adidas,AdidasFootwearPremium,12856,7113.85,5742.15,2019-02-07,Yes
P00436,Electronics,Laptops,Acer,AcerLaptopsMax,191504,170460.74,21043.26,2022-10-12,No
P00437,Fashion,Women's Wear,W,WWomen's WearPlus,8756,6063.43,2692.57,2025-05-06,Yes
P00438,Grocery,Beverages,Sprite,SpriteBeveragesMax,1119,964.05,154.95,2024-10-28,Yes
P00439,Electronics,Laptops,Dell,DellLaptopsMax,49668,42276.92,7391.08,2025-05-07,Yes
P00440,Grocery,Rice,India Gate,India GateRiceStandard,472,430.66,41.34,2025-06-27,Yes
P00441,Grocery,Beverages,7UP,7UPBeveragesPlus,916,837.31,78.69,2026-06-18,Yes
P00442,Fashion,Footwear,Bata,BataFootwearPlus,7027,3528.25,3498.75,2021-02-19,Yes
P00443,Electronics,Televisions,Panasonic,PanasonicTelevisionsPlus,80295,67805.72,12489.28,2023-07-11,No
P00444,Fashion,Women's Wear,H&M,H&MWomen's WearStandard,3183,1608.01,1574.99,2018-12-11,Yes
P00445,Electronics,Laptops,HP,HPLaptopsPremium,166704,148937.7,17766.3,2023-11-22,Yes
P00446,Fashion,Men's Wear,Van Heusen,Van HeusenMen's WearElite,2350,1218.11,1131.89,2019-12-10,Yes
P00447,Electronics,Smartphones,Samsung,SamsungSmartphonesMax,44588,38430.64,6157.36,2021-04-09,Yes
P00448,Electronics,Televisions,Panasonic,PanasonicTelevisionsMax,64231,56881.79,7349.21,2020-12-07,Yes
P00449,Fashion,Women's Wear,Biba,BibaWomen's WearElite,10560,4257.11,6302.89,2023-09-18,Yes
P00450,Grocery,Rice,India Gate,India GateRicePremium,1385,1270.03,114.97,2025-11-10,Yes
P00451,Electronics,Smartphones,Google,GoogleSmartphonesPro,148402,119259.74,29142.26,2022-04-07,Yes
P00452,Fashion,Women's Wear,Global Desi,Global DesiWomen's WearPro,6308,3731.67,2576.33,2023-01-28,Yes
P00453,Fashion,Footwear,Skechers,SkechersFootwearPlus,14351,6920.0,7431.0,2024-10-29,Yes
P00454,Electronics,Laptops,Acer,AcerLaptopsMax,150969,125727.25,25241.75,2024-07-26,Yes
P00455,Grocery,Rice,Fortune,FortuneRiceMax,1206,1038.7,167.3,2021-09-22,Yes
P00456,Grocery,Beverages,Sprite,SpriteBeveragesStandard,176,154.07,21.93,2021-12-12,Yes
P00457,Fashion,Men's Wear,Louis Philippe,Louis PhilippeMen's WearPro,13978,8741.74,5236.26,2026-03-10,Yes
P00458,Grocery,Cooking Oil,Saffola,SaffolaCooking OilPlus,133,116.65,16.35,2025-10-09,Yes
P00459,Fashion,Women's Wear,Biba,BibaWomen's WearPlus,6517,3965.65,2551.35,2021-01-27,Yes
P00460,Grocery,Rice,Fortune,FortuneRiceStandard,1480,1281.62,198.38,2020-01-17,Yes
P00461,Fashion,Women's Wear,Biba,BibaWomen's WearStandard,14991,9887.27,5103.73,2025-04-02,Yes
P00462,Fashion,Footwear,Nike,NikeFootwearPremium,8564,5078.99,3485.01,2022-05-15,Yes
P00463,Grocery,Cooking Oil,Saffola,SaffolaCooking OilPlus,1478,1271.7,206.3,2026-04-16,Yes
P00464,Grocery,Cooking Oil,Dhara,DharaCooking OilPro,1172,1068.07,103.93,2026-03-10,Yes
P00465,Grocery,Beverages,Sprite,SpriteBeveragesPremium,1706,1510.56,195.44,2022-07-07,Yes
P00466,Electronics,Televisions,Sony,SonyTelevisionsPro,170932,145382.94,25549.06,2023-01-14,Yes
P00467,Fashion,Women's Wear,H&M,H&MWomen's WearMax,3428,1842.17,1585.83,2026-07-21,Yes
P00468,Fashion,Women's Wear,Zara,ZaraWomen's WearStandard,14607,8792.76,5814.24,2025-11-24,Yes
P00469,Fashion,Men's Wear,Van Heusen,Van HeusenMen's WearElite,9573,4629.07,4943.93,2022-01-07,Yes
P00470,Grocery,Beverages,Pepsi,PepsiBeveragesPro,814,770.02,43.98,2023-12-14,Yes
P00471,Fashion,Men's Wear,Levi's,Levi'sMen's WearPlus,11787,6602.33,5184.67,2022-06-26,Yes
P00472,Grocery,Rice,India Gate,India GateRiceElite,610,539.8,70.2,2020-05-31,Yes
P00473,Grocery,Beverages,Pepsi,PepsiBeveragesStandard,1599,1388.93,210.07,2019-07-04,Yes
P00474,Grocery,Cooking Oil,Fortune,FortuneCooking OilPro,1573,1423.6,149.4,2024-05-05,Yes
P00475,Fashion,Women's Wear,Biba,BibaWomen's WearMax,10306,4739.73,5566.27,2025-09-24,Yes
P00476,Electronics,Smartphones,OnePlus,OnePlusSmartphonesMax,49840,44034.04,5805.96,2019-06-21,Yes
P00477,Grocery,Beverages,Sprite,SpriteBeveragesElite,62,56.49,5.51,2025-04-26,Yes
P00478,Electronics,Televisions,Sony,SonyTelevisionsPremium,164902,143521.56,21380.44,2021-10-02,Yes
P00479,Grocery,Rice,India Gate,India GateRicePlus,475,419.01,55.99,2024-04-09,Yes
P00480,Grocery,Beverages,7UP,7UPBeveragesStandard,1345,1171.29,173.71,2022-05-30,Yes
P00481,Fashion,Footwear,Bata,BataFootwearPlus,2927,1833.54,1093.46,2022-05-27,Yes
P00482,Fashion,Women's Wear,W,WWomen's WearStandard,8880,5392.07,3487.93,2018-12-19,Yes
P00483,Electronics,Laptops,Dell,DellLaptopsElite,164740,132687.98,32052.02,2023-08-04,Yes
P00484,Grocery,Rice,India Gate,India GateRicePro,619,557.28,61.72,2023-09-17,Yes
P00485,Fashion,Women's Wear,Biba,BibaWomen's WearElite,5160,2825.5,2334.5,2024-07-01,Yes
P00486,Grocery,Rice,Daawat,DaawatRicePro,1189,1120.84,68.16,2020-10-01,Yes
P00487,Electronics,Smartphones,OnePlus,OnePlusSmartphonesPlus,67738,58818.19,8919.81,2025-05-17,Yes
P00488,Grocery,Cooking Oil,Fortune,FortuneCooking OilStandard,1310,1164.93,145.07,2026-04-09,Yes
P00489,Fashion,Women's Wear,Biba,BibaWomen's WearElite,4503,2195.17,2307.83,2018-11-23,Yes
P00490,Electronics,Smartphones,Google,GoogleSmartphonesPlus,96259,86110.05,10148.95,2023-07-19,Yes
P00491,Fashion,Footwear,Skechers,SkechersFootwearElite,7808,5166.44,2641.56,2025-12-14,Yes
P00492,Fashion,Footwear,Adidas,AdidasFootwearStandard,8786,4907.09,3878.91,2018-10-29,Yes
P00493,Fashion,Women's Wear,Global Desi,Global DesiWomen's WearPlus,11190,5454.37,5735.63,2019-06-12,Yes
P00494,Electronics,Televisions,Samsung,SamsungTelevisionsStandard,86226,70658.63,15567.37,2021-05-13,Yes
P00495,Electronics,Televisions,Sony,SonyTelevisionsPremium,176038,150780.16,25257.84,2023-01-31,Yes
P00496,Fashion,Women's Wear,H&M,H&MWomen's WearStandard,9857,5330.2,4526.8,2021-09-19,Yes
P00497,Electronics,Televisions,LG,LGTelevisionsMax,19918,16168.82,3749.18,2024-11-28,Yes
P00498,Grocery,Rice,Fortune,FortuneRicePlus,1166,1055.23,110.77,2026-01-22,Yes
P00499,Fashion,Men's Wear,US Polo,US PoloMen's WearMax,586,347.05,238.95,2025-07-25,Yes
P00500,Grocery,Cooking Oil,Saffola,SaffolaCooking OilStandard,858,758.75,99.25,2020-02-23,Yes
P00501,Fashion,Footwear,Nike,NikeFootwearElite,7935,4528.29,3406.71,2026-02-10,Yes
P00502,Electronics,Smartphones,OnePlus,OnePlusSmartphonesElite,17680,14269.78,3410.22,2019-03-03,Yes
P00503,Fashion,Men's Wear,US Polo,US PoloMen's WearMax,11853,6838.11,5014.89,2020-01-29,Yes
P00504,Fashion,Men's Wear,Van Heusen,Van HeusenMen's WearMax,9408,4242.1,5165.9,2022-01-07,Yes
P00505,Fashion,Women's Wear,Zara,ZaraWomen's WearMax,11899,7756.2,4142.8,2019-01-19,Yes
P00506,Electronics,Televisions,TCL,TCLTelevisionsStandard,19757,16153.75,3603.25,2021-07-30,Yes
P00507,Grocery,Beverages,Fanta,FantaBeveragesMax,1250,1119.12,130.88,2025-12-07,Yes
P00508,Fashion,Women's Wear,H&M,H&MWomen's WearPremium,4292,2327.47,1964.53,2023-09-14,Yes
P00509,Electronics,Laptops,HP,HPLaptopsMax,177023,154925.06,22097.94,2019-11-22,Yes
P00510,Fashion,Women's Wear,W,WWomen's WearPro,5725,3123.14,2601.86,2024-07-28,Yes
P00511,Grocery,Rice,Fortune,FortuneRiceElite,1496,1326.18,169.82,2018-09-18,Yes
P00512,Fashion,Women's Wear,Biba,BibaWomen's WearPlus,5995,2999.77,2995.23,2025-06-08,Yes
P00513,Fashion,Footwear,Skechers,SkechersFootwearPlus,10147,5267.81,4879.19,2018-10-04,Yes
P00514,Electronics,Smartphones,Samsung,SamsungSmartphonesPlus,167207,144054.07,23152.93,2021-01-19,Yes
P00515,Grocery,Cooking Oil,Dhara,DharaCooking OilMax,1836,1610.88,225.12,2019-08-17,Yes
P00516,Grocery,Cooking Oil,Fortune,FortuneCooking OilPlus,995,877.61,117.39,2019-07-28,Yes
P00517,Grocery,Beverages,7UP,7UPBeveragesPro,1178,1016.75,161.25,2022-12-24,Yes
P00518,Electronics,Smartphones,Samsung,SamsungSmartphonesMax,182919,151771.28,31147.72,2020-12-15,Yes
P00519,Grocery,Rice,Daawat,DaawatRiceMax,1411,1332.37,78.63,2024-11-13,Yes
P00520,Fashion,Men's Wear,Van Heusen,Van HeusenMen's WearPlus,5158,3325.67,1832.33,2023-03-08,Yes
P00521,Grocery,Rice,Fortune,FortuneRicePlus,39,35.86,3.14,2022-05-30,Yes
P00522,Fashion,Women's Wear,Zara,ZaraWomen's WearElite,11766,7022.49,4743.51,2022-10-25,Yes
P00523,Electronics,Televisions,Samsung,SamsungTelevisionsElite,180585,159360.64,21224.36,2020-09-14,Yes
P00524,Electronics,Televisions,Panasonic,PanasonicTelevisionsElite,8196,6938.92,1257.08,2019-05-13,Yes
P00525,Fashion,Footwear,Puma,PumaFootwearPlus,10139,5629.09,4509.91,2018-09-10,Yes
P00526,Electronics,Laptops,Lenovo,LenovoLaptopsElite,134806,119198.09,15607.91,2019-12-30,Yes
P00527,Fashion,Women's Wear,W,WWomen's WearPlus,2462,1597.28,864.72,2022-10-20,Yes
P00528,Grocery,Beverages,Coca-Cola,Coca-ColaBeveragesMax,1022,881.79,140.21,2019-05-07,Yes
P00529,Fashion,Footwear,Bata,BataFootwearPlus,13877,7082.01,6794.99,2024-09-16,Yes
P00530,Fashion,Footwear,Puma,PumaFootwearPro,12783,6360.69,6422.31,2023-08-16,Yes
P00531,Fashion,Men's Wear,Van Heusen,Van HeusenMen's WearPremium,4637,2490.35,2146.65,2019-03-09,No
P00532,Electronics,Televisions,Samsung,SamsungTelevisionsStandard,173677,143974.95,29702.05,2018-11-08,Yes
P00533,Fashion,Men's Wear,Van Heusen,Van HeusenMen's WearElite,6115,2582.43,3532.57,2023-10-25,Yes
P00534,Grocery,Cooking Oil,Saffola,SaffolaCooking OilElite,1284,1198.97,85.03,2026-03-07,Yes
P00535,Fashion,Footwear,Bata,BataFootwearMax,9116,5201.84,3914.16,2026-04-23,Yes
P00536,Electronics,Televisions,Sony,SonyTelevisionsPremium,67016,58805.86,8210.14,2025-02-19,Yes
P00537,Electronics,Smartphones,Google,GoogleSmartphonesElite,33917,28890.55,5026.45,2026-03-10,Yes
P00538,Grocery,Rice,Fortune,FortuneRicePlus,1477,1285.89,191.11,2019-06-12,Yes
P00539,Grocery,Rice,India Gate,India GateRicePremium,113,106.42,6.58,2021-10-06,Yes
P00540,Fashion,Footwear,Puma,PumaFootwearPlus,12012,6770.84,5241.16,2018-08-13,Yes
P00541,Electronics,Televisions,Samsung,SamsungTelevisionsElite,155436,137211.44,18224.56,2019-07-31,Yes
P00542,Grocery,Rice,India Gate,India GateRiceMax,327,284.01,42.99,2019-08-25,Yes
P00543,Fashion,Women's Wear,Zara,ZaraWomen's WearMax,8111,5529.46,2581.54,2019-04-06,Yes
P00544,Electronics,Laptops,Acer,AcerLaptopsPro,83235,72223.26,11011.74,2021-07-26,Yes
P00545,Electronics,Laptops,Lenovo,LenovoLaptopsPlus,49767,41875.14,7891.86,2019-12-16,Yes
P00546,Electronics,Laptops,Dell,DellLaptopsStandard,18072,15707.38,2364.62,2019-01-25,Yes
P00547,Grocery,Rice,Fortune,FortuneRiceElite,1665,1424.14,240.86,2022-11-07,Yes
P00548,Grocery,Rice,Daawat,DaawatRiceMax,149,140.02,8.98,2023-08-26,Yes
P00549,Electronics,Smartphones,Motorola,MotorolaSmartphonesStandard,30637,26787.58,3849.42,2024-05-07,Yes
P00550,Electronics,Televisions,Sony,SonyTelevisionsPlus,126128,112384.79,13743.21,2021-08-14,Yes
P00551,Fashion,Women's Wear,Zara,ZaraWomen's WearStandard,14841,8134.68,6706.32,2026-02-21,Yes
P00552,Electronics,Televisions,Samsung,SamsungTelevisionsMax,183152,159294.4,23857.6,2021-11-02,Yes
P00553,Fashion,Men's Wear,Levi's,Levi'sMen's WearStandard,4781,2739.11,2041.89,2020-09-17,Yes
P00554,Electronics,Laptops,HP,HPLaptopsMax,65552,53790.9,11761.1,2026-07-22,Yes
P00555,Grocery,Beverages,Coca-Cola,Coca-ColaBeveragesElite,1970,1720.18,249.82,2026-07-18,Yes
P00556,Grocery,Beverages,Pepsi,PepsiBeveragesMax,1187,1085.99,101.01,2021-06-24,Yes
P00557,Electronics,Smartphones,Google,GoogleSmartphonesElite,20026,17514.43,2511.57,2023-11-13,Yes
P00558,Grocery,Beverages,Sprite,SpriteBeveragesPremium,934,842.77,91.23,2019-06-03,Yes
P00559,Electronics,Smartphones,Samsung,SamsungSmartphonesPremium,162512,130334.7,32177.3,2021-07-13,Yes
P00560,Electronics,Smartphones,Google,GoogleSmartphonesMax,170702,150163.25,20538.75,2025-09-03,Yes
P00561,Fashion,Men's Wear,Van Heusen,Van HeusenMen's WearPlus,14936,9967.19,4968.81,2020-08-17,Yes
P00562,Electronics,Televisions,TCL,TCLTelevisionsMax,91572,74299.02,17272.98,2020-01-21,Yes
P00563,Electronics,Televisions,Panasonic,PanasonicTelevisionsPlus,61305,53844.15,7460.85,2018-12-09,Yes
P00564,Grocery,Cooking Oil,Saffola,SaffolaCooking OilPremium,1545,1337.5,207.5,2021-06-12,Yes
P00565,Grocery,Beverages,Sprite,SpriteBeveragesPremium,1791,1681.66,109.34,2020-01-09,Yes
P00566,Grocery,Cooking Oil,Dhara,DharaCooking OilMax,1157,1086.72,70.28,2022-08-27,Yes
P00567,Grocery,Beverages,Sprite,SpriteBeveragesPremium,1356,1242.66,113.34,2022-03-04,Yes
P00568,Electronics,Televisions,TCL,TCLTelevisionsPro,142712,115569.01,27142.99,2025-07-06,Yes
P00569,Electronics,Smartphones,Apple,AppleSmartphonesPremium,199177,176731.51,22445.49,2022-09-10,Yes
P00570,Grocery,Beverages,Pepsi,PepsiBeveragesPro,200,189.06,10.94,2019-07-07,No
P00571,Fashion,Men's Wear,Allen Solly,Allen SollyMen's WearStandard,1071,432.46,638.54,2018-09-15,Yes
P00572,Fashion,Footwear,Bata,BataFootwearPro,2469,1490.27,978.73,2026-06-03,Yes
P00573,Electronics,Televisions,LG,LGTelevisionsPlus,64541,56507.67,8033.33,2020-08-28,Yes
P00574,Fashion,Men's Wear,Van Heusen,Van HeusenMen's WearMax,9266,5044.53,4221.47,2019-10-14,Yes
P00575,Grocery,Rice,Fortune,FortuneRiceElite,1887,1786.81,100.19,2024-10-17,Yes
P00576,Grocery,Cooking Oil,Dhara,DharaCooking OilPro,178,161.86,16.14,2024-11-02,Yes
P00577,Fashion,Women's Wear,Global Desi,Global DesiWomen's WearStandard,3431,1704.7,1726.3,2019-04-19,Yes
P00578,Fashion,Footwear,Adidas,AdidasFootwearElite,2413,1368.82,1044.18,2020-06-28,No
P00579,Electronics,Smartphones,Google,GoogleSmartphonesElite,62138,50949.35,11188.65,2025-10-10,Yes
P00580,Grocery,Beverages,Sprite,SpriteBeveragesPremium,1091,960.42,130.58,2021-07-26,Yes
P00581,Grocery,Rice,Fortune,FortuneRiceStandard,1140,1008.84,131.16,2021-03-26,Yes
P00582,Grocery,Cooking Oil,Saffola,SaffolaCooking OilStandard,1761,1512.25,248.75,2023-05-29,Yes
P00583,Fashion,Women's Wear,H&M,H&MWomen's WearPremium,11900,6710.31,5189.69,2024-08-26,Yes
P00584,Fashion,Men's Wear,Louis Philippe,Louis PhilippeMen's WearPremium,7933,4074.3,3858.7,2022-07-22,Yes
P00585,Electronics,Laptops,Dell,DellLaptopsPro,160067,140521.15,19545.85,2020-12-03,Yes
P00586,Grocery,Cooking Oil,Saffola,SaffolaCooking OilPlus,1748,1542.55,205.45,2025-08-12,Yes
P00587,Grocery,Cooking Oil,Fortune,FortuneCooking OilPro,1504,1335.63,168.37,2025-01-31,Yes
P00588,Fashion,Men's Wear,Van Heusen,Van HeusenMen's WearStandard,3997,2358.3,1638.7,2022-12-02,Yes
P00589,Grocery,Rice,India Gate,India GateRiceStandard,1654,1415.83,238.17,2019-04-02,Yes
P00590,Fashion,Men's Wear,US Polo,US PoloMen's WearElite,8175,5131.2,3043.8,2021-05-24,Yes
P00591,Fashion,Men's Wear,US Polo,US PoloMen's WearPlus,5922,2479.71,3442.29,2026-05-12,Yes
P00592,Grocery,Cooking Oil,Fortune,FortuneCooking OilPlus,1539,1346.51,192.49,2021-06-18,Yes
P00593,Grocery,Rice,Fortune,FortuneRiceStandard,1602,1458.55,143.45,2023-02-09,Yes
P00594,Electronics,Televisions,Samsung,SamsungTelevisionsPlus,187054,163174.63,23879.37,2020-07-30,Yes
P00595,Electronics,Smartphones,Motorola,MotorolaSmartphonesElite,117229,102005.45,15223.55,2022-03-21,Yes
P00596,Grocery,Rice,India Gate,India GateRiceMax,1176,1026.23,149.77,2023-08-13,Yes
P00597,Grocery,Beverages,Pepsi,PepsiBeveragesPremium,226,198.7,27.3,2022-02-01,Yes
P00598,Grocery,Rice,Fortune,FortuneRiceStandard,1357,1207.66,149.34,2019-08-07,Yes
P00599,Fashion,Footwear,Puma,PumaFootwearElite,757,398.74,358.26,2019-09-14,Yes
P00600,Grocery,Rice,Daawat,DaawatRicePremium,117,103.32,13.68,2026-06-10,Yes
P00601,Electronics,Televisions,Sony,SonyTelevisionsStandard,172620,154507.71,18112.29,2023-08-18,Yes
P00602,Grocery,Beverages,Pepsi,PepsiBeveragesPremium,943,822.47,120.53,2025-09-11,Yes
P00603,Fashion,Footwear,Adidas,AdidasFootwearPlus,869,578.92,290.08,2024-09-28,Yes
P00604,Fashion,Footwear,Adidas,AdidasFootwearMax,8732,4623.27,4108.73,2019-12-24,Yes
P00605,Fashion,Men's Wear,Levi's,Levi'sMen's WearPro,10499,6885.32,3613.68,2026-02-26,Yes
P00606,Grocery,Rice,India Gate,India GateRicePlus,50,43.48,6.52,2021-02-05,Yes
P00607,Grocery,Beverages,Fanta,FantaBeveragesMax,66,57.24,8.76,2020-12-14,Yes
P00608,Grocery,Cooking Oil,Saffola,SaffolaCooking OilMax,1895,1774.62,120.38,2022-10-01,Yes
P00609,Electronics,Televisions,TCL,TCLTelevisionsPro,96786,78650.39,18135.61,2019-04-21,Yes
P00610,Grocery,Cooking Oil,Dhara,DharaCooking OilStandard,1042,932.49,109.51,2025-01-04,Yes
P00611,Electronics,Laptops,Lenovo,LenovoLaptopsStandard,150180,130515.46,19664.54,2022-02-26,Yes
P00612,Fashion,Men's Wear,Allen Solly,Allen SollyMen's WearMax,1643,832.08,810.92,2020-11-29,Yes
P00613,Electronics,Televisions,TCL,TCLTelevisionsStandard,105676,86632.93,19043.07,2023-10-19,Yes
P00614,Fashion,Footwear,Bata,BataFootwearStandard,1527,959.52,567.48,2019-07-23,Yes
P00615,Electronics,Televisions,Sony,SonyTelevisionsPremium,194865,158404.84,36460.16,2018-08-17,Yes
P00616,Fashion,Footwear,Adidas,AdidasFootwearStandard,1990,1217.48,772.52,2026-06-22,Yes
P00617,Grocery,Cooking Oil,Dhara,DharaCooking OilPlus,1959,1751.8,207.2,2024-01-13,Yes
P00618,Fashion,Men's Wear,Levi's,Levi'sMen's WearStandard,11998,6517.36,5480.64,2020-05-05,Yes
P00619,Grocery,Rice,Fortune,FortuneRicePlus,119,112.11,6.89,2020-04-29,Yes
P00620,Fashion,Men's Wear,Levi's,Levi'sMen's WearPremium,10402,6284.62,4117.38,2023-07-23,Yes
P00621,Electronics,Laptops,Dell,DellLaptopsElite,12209,10860.93,1348.07,2019-03-23,Yes
P00622,Fashion,Women's Wear,H&M,H&MWomen's WearStandard,14197,7220.76,6976.24,2020-08-05,Yes
P00623,Grocery,Rice,Daawat,DaawatRicePlus,989,936.13,52.87,2019-10-28,Yes
P00624,Fashion,Footwear,Skechers,SkechersFootwearPlus,1492,847.4,644.6,2021-12-11,Yes
P00625,Electronics,Televisions,Panasonic,PanasonicTelevisionsPremium,183020,148642.42,34377.58,2024-11-15,Yes
P00626,Fashion,Footwear,Skechers,SkechersFootwearPremium,3653,1680.83,1972.17,2025-12-24,No
P00627,Electronics,Smartphones,Motorola,MotorolaSmartphonesPremium,54435,47761.68,6673.32,2024-02-12,Yes
P00628,Electronics,Smartphones,Apple,AppleSmartphonesElite,69584,61545.15,8038.85,2019-09-19,Yes
P00629,Electronics,Televisions,Panasonic,PanasonicTelevisionsElite,58480,48801.94,9678.06,2024-07-15,Yes
P00630,Grocery,Beverages,Fanta,FantaBeveragesPro,1016,937.08,78.92,2023-08-15,Yes
P00631,Electronics,Laptops,Asus,AsusLaptopsPremium,87821,70308.31,17512.69,2025-07-15,Yes
P00632,Fashion,Men's Wear,Allen Solly,Allen SollyMen's WearPlus,2233,1257.06,975.94,2024-03-01,Yes
P00633,Grocery,Beverages,Pepsi,PepsiBeveragesMax,447,411.82,35.18,2019-05-08,Yes
P00634,Electronics,Televisions,Sony,SonyTelevisionsPlus,44155,36551.47,7603.53,2019-07-09,Yes
P00635,Electronics,Laptops,Acer,AcerLaptopsPro,73897,61932.12,11964.88,2023-08-06,Yes
P00636,Fashion,Women's Wear,H&M,H&MWomen's WearPlus,11296,6274.22,5021.78,2018-10-05,Yes
P00637,Electronics,Smartphones,Samsung,SamsungSmartphonesStandard,46021,39620.42,6400.58,2019-08-07,Yes
P00638,Electronics,Laptops,Acer,AcerLaptopsPremium,130454,107722.65,22731.35,2019-01-07,Yes
P00639,Electronics,Laptops,Dell,DellLaptopsStandard,104655,91710.72,12944.28,2023-06-05,Yes
P00640,Electronics,Laptops,HP,HPLaptopsPro,25856,22146.74,3709.26,2022-03-15,Yes
P00641,Fashion,Men's Wear,US Polo,US PoloMen's WearPremium,934,582.37,351.63,2023-10-19,Yes
P00642,Electronics,Smartphones,Google,GoogleSmartphonesPro,43673,35683.52,7989.48,2019-07-12,Yes
P00643,Grocery,Cooking Oil,Fortune,FortuneCooking OilPro,1815,1645.16,169.84,2024-12-10,Yes
P00644,Electronics,Televisions,LG,LGTelevisionsPlus,27146,22339.41,4806.59,2024-12-07,Yes
P00645,Grocery,Rice,India Gate,India GateRicePremium,545,509.93,35.07,2026-04-16,Yes
P00646,Grocery,Beverages,Fanta,FantaBeveragesStandard,1813,1696.56,116.44,2020-04-20,Yes
P00647,Fashion,Women's Wear,W,WWomen's WearPremium,14892,9750.98,5141.02,2023-07-05,Yes
P00648,Grocery,Rice,Daawat,DaawatRicePro,1457,1255.76,201.24,2022-12-18,Yes
P00649,Electronics,Laptops,Acer,AcerLaptopsElite,22221,18596.09,3624.91,2025-04-08,Yes
P00650,Electronics,Laptops,Acer,AcerLaptopsStandard,136794,121663.74,15130.26,2023-12-05,Yes
P00651,Grocery,Rice,Daawat,DaawatRicePremium,1705,1464.78,240.22,2023-08-31,Yes
P00652,Electronics,Smartphones,Samsung,SamsungSmartphonesPlus,139757,117593.68,22163.32,2021-04-11,Yes
P00653,Electronics,Smartphones,Apple,AppleSmartphonesElite,80040,67766.58,12273.42,2026-03-30,Yes
P00654,Grocery,Cooking Oil,Dhara,DharaCooking OilPremium,713,658.79,54.21,2026-02-23,Yes
P00655,Electronics,Televisions,Panasonic,PanasonicTelevisionsPro,38668,31192.5,7475.5,2022-06-27,Yes
P00656,Grocery,Rice,Fortune,FortuneRicePro,1999,1895.0,104.0,2024-08-02,Yes
P00657,Fashion,Footwear,Adidas,AdidasFootwearStandard,4010,1834.68,2175.32,2020-11-15,Yes
P00658,Grocery,Beverages,Coca-Cola,Coca-ColaBeveragesPremium,1305,1168.48,136.52,2025-09-01,Yes
P00659,Electronics,Televisions,LG,LGTelevisionsElite,74114,62326.33,11787.67,2024-12-04,Yes
P00660,Grocery,Rice,Daawat,DaawatRicePlus,1751,1582.35,168.65,2022-06-23,Yes
P00661,Grocery,Cooking Oil,Dhara,DharaCooking OilMax,657,616.61,40.39,2026-04-06,Yes
P00662,Electronics,Smartphones,Google,GoogleSmartphonesMax,166875,137702.06,29172.94,2022-02-22,Yes
P00663,Electronics,Televisions,Samsung,SamsungTelevisionsMax,142425,116673.39,25751.61,2024-05-26,Yes
P00664,Grocery,Rice,Daawat,DaawatRicePlus,870,770.79,99.21,2018-11-07,Yes
P00665,Fashion,Women's Wear,H&M,H&MWomen's WearStandard,3079,1287.93,1791.07,2020-05-04,Yes
P00666,Grocery,Beverages,Coca-Cola,Coca-ColaBeveragesStandard,285,264.46,20.54,2023-08-30,Yes
P00667,Fashion,Men's Wear,Louis Philippe,Louis PhilippeMen's WearPro,6140,2967.07,3172.93,2019-01-05,Yes
P00668,Grocery,Beverages,Pepsi,PepsiBeveragesPro,1293,1207.28,85.72,2019-12-26,Yes
P00669,Electronics,Televisions,Samsung,SamsungTelevisionsMax,130796,107216.8,23579.2,2019-08-30,Yes
P00670,Fashion,Women's Wear,H&M,H&MWomen's WearPlus,7535,4575.41,2959.59,2025-09-13,Yes
P00671,Fashion,Men's Wear,Levi's,Levi'sMen's WearPremium,11223,5599.63,5623.37,2022-02-23,Yes
P00672,Fashion,Footwear,Adidas,AdidasFootwearPro,725,402.75,322.25,2022-12-14,Yes
P00673,Fashion,Men's Wear,Van Heusen,Van HeusenMen's WearPlus,4452,2068.09,2383.91,2022-10-10,Yes
P00674,Electronics,Smartphones,Samsung,SamsungSmartphonesMax,72189,64460.76,7728.24,2019-03-24,Yes
P00675,Grocery,Rice,Daawat,DaawatRiceMax,1101,1040.9,60.1,2019-07-29,Yes
P00676,Electronics,Televisions,Sony,SonyTelevisionsMax,127173,101996.88,25176.12,2023-10-14,Yes
P00677,Electronics,Smartphones,Samsung,SamsungSmartphonesPlus,58980,47788.81,11191.19,2025-09-18,Yes
P00678,Electronics,Televisions,Panasonic,PanasonicTelevisionsMax,106462,88663.55,17798.45,2019-12-28,Yes
P00679,Grocery,Rice,Daawat,DaawatRicePlus,342,292.26,49.74,2022-09-11,Yes
P00680,Fashion,Women's Wear,Zara,ZaraWomen's WearElite,13736,6549.98,7186.02,2020-06-13,Yes
P00681,Fashion,Men's Wear,Van Heusen,Van HeusenMen's WearPremium,13847,9447.09,4399.91,2022-02-12,Yes
P00682,Grocery,Rice,Fortune,FortuneRicePlus,548,518.65,29.35,2026-05-15,Yes
P00683,Grocery,Rice,Daawat,DaawatRicePro,160,146.43,13.57,2024-08-08,Yes
P00684,Grocery,Rice,Fortune,FortuneRicePlus,595,562.47,32.53,2018-11-01,Yes
P00685,Grocery,Rice,Daawat,DaawatRicePro,1115,1053.97,61.03,2019-10-17,Yes
P00686,Grocery,Cooking Oil,Dhara,DharaCooking OilPro,718,628.92,89.08,2022-10-03,Yes
P00687,Fashion,Women's Wear,Global Desi,Global DesiWomen's WearPro,2951,1528.07,1422.93,2020-08-13,Yes
P00688,Fashion,Women's Wear,Zara,ZaraWomen's WearPro,9057,5387.95,3669.05,2020-04-30,Yes
P00689,Grocery,Cooking Oil,Saffola,SaffolaCooking OilPlus,1080,946.66,133.34,2019-04-28,Yes
P00690,Electronics,Laptops,Dell,DellLaptopsPro,96702,78390.14,18311.86,2019-11-13,Yes
P00691,Grocery,Beverages,Coca-Cola,Coca-ColaBeveragesMax,1873,1641.89,231.11,2026-05-21,Yes
P00692,Grocery,Rice,India Gate,India GateRicePlus,1719,1512.65,206.35,2020-10-10,Yes
P00693,Grocery,Beverages,Pepsi,PepsiBeveragesPro,653,564.05,88.95,2019-04-28,Yes
P00694,Fashion,Women's Wear,W,WWomen's WearStandard,9910,4950.7,4959.3,2020-08-29,Yes
P00695,Grocery,Rice,Fortune,FortuneRicePlus,1212,1098.02,113.98,2024-10-27,Yes
P00696,Grocery,Beverages,Sprite,SpriteBeveragesPlus,970,880.91,89.09,2022-10-09,Yes
P00697,Grocery,Beverages,Fanta,FantaBeveragesPro,565,522.82,42.18,2021-02-20,Yes
P00698,Grocery,Beverages,Pepsi,PepsiBeveragesStandard,585,505.12,79.88,2022-12-08,Yes
P00699,Fashion,Men's Wear,US Polo,US PoloMen's WearPro,6357,2698.05,3658.95,2021-01-01,Yes
P00700,Fashion,Footwear,Skechers,SkechersFootwearPro,8803,5353.2,3449.8,2023-04-10,Yes
P00701,Fashion,Men's Wear,Levi's,Levi'sMen's WearMax,13350,7173.29,6176.71,2020-03-06,Yes
P00702,Fashion,Women's Wear,H&M,H&MWomen's WearPro,11008,7147.37,3860.63,2023-05-30,Yes
P00703,Grocery,Beverages,Fanta,FantaBeveragesMax,1682,1443.68,238.32,2020-09-03,Yes
P00704,Fashion,Footwear,Nike,NikeFootwearMax,13324,7990.38,5333.62,2021-07-19,Yes
P00705,Fashion,Men's Wear,Van Heusen,Van HeusenMen's WearPro,5773,3078.88,2694.12,2021-04-14,Yes
P00706,Electronics,Laptops,Asus,AsusLaptopsMax,34506,28043.96,6462.04,2022-03-18,Yes
P00707,Electronics,Smartphones,Samsung,SamsungSmartphonesPro,39405,31756.54,7648.46,2022-01-24,Yes
P00708,Fashion,Women's Wear,Zara,ZaraWomen's WearMax,6995,3725.48,3269.52,2022-07-16,Yes
P00709,Grocery,Rice,India Gate,India GateRicePro,1763,1650.21,112.79,2026-01-21,Yes
P00710,Electronics,Smartphones,Apple,AppleSmartphonesPro,9666,7754.04,1911.96,2022-02-05,Yes
P00711,Grocery,Cooking Oil,Dhara,DharaCooking OilPlus,285,258.38,26.62,2024-01-09,Yes
P00712,Electronics,Smartphones,Google,GoogleSmartphonesMax,16812,13576.28,3235.72,2022-01-12,Yes
P00713,Electronics,Televisions,TCL,TCLTelevisionsStandard,141412,126152.28,15259.72,2023-06-25,Yes
P00714,Fashion,Men's Wear,Allen Solly,Allen SollyMen's WearStandard,11253,4630.06,6622.94,2025-07-27,Yes
P00715,Electronics,Laptops,Asus,AsusLaptopsPro,158305,128039.78,30265.22,2020-04-22,Yes
P00716,Fashion,Footwear,Skechers,SkechersFootwearElite,5577,2346.2,3230.8,2026-01-01,Yes
P00717,Fashion,Men's Wear,Allen Solly,Allen SollyMen's WearElite,2530,1220.19,1309.81,2021-08-29,Yes
P00718,Electronics,Smartphones,Motorola,MotorolaSmartphonesStandard,66278,59583.52,6694.48,2026-01-11,Yes
P00719,Fashion,Women's Wear,W,WWomen's WearElite,4318,2516.05,1801.95,2021-04-20,Yes
P00720,Fashion,Men's Wear,Van Heusen,Van HeusenMen's WearElite,6823,3719.52,3103.48,2021-09-21,Yes
P00721,Electronics,Smartphones,Apple,AppleSmartphonesPlus,128507,110071.04,18435.96,2024-08-14,Yes
P00722,Fashion,Men's Wear,Van Heusen,Van HeusenMen's WearPro,3941,1877.07,2063.93,2021-03-05,Yes
P00723,Fashion,Men's Wear,Levi's,Levi'sMen's WearMax,7079,2942.38,4136.62,2024-01-17,No
P00724,Electronics,Televisions,LG,LGTelevisionsPlus,46525,41639.29,4885.71,2019-10-20,Yes
P00725,Electronics,Televisions,LG,LGTelevisionsPremium,146999,126641.38,20357.62,2025-02-22,Yes
P00726,Electronics,Smartphones,Samsung,SamsungSmartphonesPro,40576,33977.81,6598.19,2025-10-25,Yes
P00727,Grocery,Rice,Fortune,FortuneRicePlus,1576,1488.11,87.89,2019-04-22,Yes
P00728,Grocery,Beverages,Coca-Cola,Coca-ColaBeveragesElite,1515,1342.56,172.44,2022-09-08,Yes
P00729,Electronics,Smartphones,Google,GoogleSmartphonesPlus,152896,127071.77,25824.23,2018-09-20,Yes
P00730,Grocery,Cooking Oil,Fortune,FortuneCooking OilStandard,477,420.6,56.4,2019-05-02,Yes
P00731,Fashion,Men's Wear,Allen Solly,Allen SollyMen's WearElite,2178,960.46,1217.54,2025-04-08,Yes
P00732,Electronics,Televisions,LG,LGTelevisionsElite,154290,128560.72,25729.28,2022-05-01,Yes
P00733,Fashion,Women's Wear,W,WWomen's WearPremium,13054,8214.75,4839.25,2020-01-26,Yes
P00734,Fashion,Men's Wear,Levi's,Levi'sMen's WearPlus,5593,3156.36,2436.64,2024-01-21,Yes
P00735,Electronics,Smartphones,OnePlus,OnePlusSmartphonesStandard,120632,96743.25,23888.75,2020-03-05,Yes
P00736,Fashion,Footwear,Nike,NikeFootwearElite,8681,5892.14,2788.86,2019-01-06,Yes
P00737,Electronics,Televisions,LG,LGTelevisionsPro,119899,102880.05,17018.95,2021-03-21,Yes
P00738,Grocery,Rice,Daawat,DaawatRiceStandard,224,208.67,15.33,2019-04-23,Yes
P00739,Grocery,Cooking Oil,Saffola,SaffolaCooking OilStandard,1189,1018.62,170.38,2025-07-28,Yes
P00740,Electronics,Smartphones,Google,GoogleSmartphonesPremium,22398,18275.49,4122.51,2023-06-13,Yes
P00741,Electronics,Laptops,Asus,AsusLaptopsStandard,22514,18324.25,4189.75,2025-01-12,Yes
P00742,Grocery,Rice,India Gate,India GateRicePlus,916,862.47,53.53,2019-11-21,Yes
P00743,Electronics,Smartphones,Samsung,SamsungSmartphonesElite,182002,154563.59,27438.41,2021-07-19,Yes
P00744,Grocery,Beverages,7UP,7UPBeveragesPro,1008,900.47,107.53,2026-02-01,Yes
P00745,Fashion,Women's Wear,W,WWomen's WearPro,1939,834.66,1104.34,2024-09-19,Yes
P00746,Electronics,Laptops,Asus,AsusLaptopsPlus,24967,20662.73,4304.27,2021-08-21,Yes
P00747,Fashion,Women's Wear,W,WWomen's WearPlus,950,628.04,321.96,2021-06-18,Yes
P00748,Fashion,Women's Wear,Global Desi,Global DesiWomen's WearPlus,10955,7027.04,3927.96,2025-08-11,Yes
P00749,Electronics,Smartphones,Motorola,MotorolaSmartphonesPremium,115140,96971.42,18168.58,2026-02-14,Yes
P00750,Fashion,Footwear,Bata,BataFootwearPro,4935,2881.5,2053.5,2018-09-02,Yes
P00751,Electronics,Televisions,Panasonic,PanasonicTelevisionsPlus,123412,108577.49,14834.51,2021-11-18,Yes
P00752,Grocery,Rice,Fortune,FortuneRicePremium,1842,1706.05,135.95,2026-06-25,Yes
P00753,Electronics,Laptops,Acer,AcerLaptopsPro,105248,90754.64,14493.36,2025-09-05,Yes
P00754,Grocery,Rice,Fortune,FortuneRiceStandard,1007,946.88,60.12,2022-10-29,Yes
P00755,Fashion,Footwear,Skechers,SkechersFootwearPlus,5110,3182.93,1927.07,2020-09-04,Yes
P00756,Fashion,Footwear,Adidas,AdidasFootwearPro,14619,10207.61,4411.39,2025-10-05,Yes
P00757,Fashion,Men's Wear,Levi's,Levi'sMen's WearPremium,7564,4565.16,2998.84,2022-07-18,Yes
P00758,Fashion,Women's Wear,Biba,BibaWomen's WearPremium,2068,1179.29,888.71,2022-05-08,Yes
P00759,Fashion,Women's Wear,H&M,H&MWomen's WearPro,11615,6308.04,5306.96,2024-02-04,Yes
P00760,Fashion,Men's Wear,Van Heusen,Van HeusenMen's WearMax,4283,2328.42,1954.58,2024-07-17,Yes
P00761,Grocery,Cooking Oil,Fortune,FortuneCooking OilPro,1727,1495.37,231.63,2023-01-27,Yes
P00762,Electronics,Televisions,TCL,TCLTelevisionsPlus,92937,83309.53,9627.47,2019-11-13,Yes
P00763,Electronics,Televisions,LG,LGTelevisionsPremium,91128,81583.66,9544.34,2020-03-21,Yes
P00764,Electronics,Televisions,LG,LGTelevisionsPro,197326,163804.77,33521.23,2026-07-22,Yes
P00765,Grocery,Rice,India Gate,India GateRicePremium,392,359.69,32.31,2024-02-02,Yes
P00766,Fashion,Women's Wear,Global Desi,Global DesiWomen's WearPremium,2863,1564.79,1298.21,2022-03-16,Yes
P00767,Fashion,Women's Wear,Zara,ZaraWomen's WearPlus,4536,2456.83,2079.17,2026-07-06,Yes
P00768,Grocery,Rice,Fortune,FortuneRicePlus,872,745.38,126.62,2021-10-20,Yes
P00769,Fashion,Men's Wear,Van Heusen,Van HeusenMen's WearMax,4667,3112.37,1554.63,2023-11-20,Yes
P00770,Grocery,Rice,Daawat,DaawatRicePro,1116,981.97,134.03,2024-06-29,Yes
P00771,Fashion,Women's Wear,W,WWomen's WearPlus,12840,6615.73,6224.27,2021-05-05,Yes
P00772,Fashion,Footwear,Skechers,SkechersFootwearMax,6728,3900.7,2827.3,2023-12-17,Yes
P00773,Fashion,Men's Wear,Van Heusen,Van HeusenMen's WearStandard,5537,3577.66,1959.34,2020-05-06,Yes
P00774,Grocery,Beverages,Fanta,FantaBeveragesPremium,1082,952.2,129.8,2022-11-20,Yes
P00775,Electronics,Laptops,Lenovo,LenovoLaptopsPremium,182154,159044.29,23109.71,2021-03-01,Yes
P00776,Electronics,Laptops,Asus,AsusLaptopsMax,106435,88957.24,17477.76,2024-02-19,Yes
P00777,Grocery,Beverages,Sprite,SpriteBeveragesPremium,855,779.72,75.28,2022-07-08,Yes
P00778,Fashion,Women's Wear,Global Desi,Global DesiWomen's WearPro,4223,2643.5,1579.5,2018-09-14,Yes
P00779,Electronics,Televisions,Sony,SonyTelevisionsMax,79125,67281.22,11843.78,2023-08-24,Yes
P00780,Grocery,Cooking Oil,Dhara,DharaCooking OilMax,76,68.95,7.05,2019-01-17,Yes
P00781,Electronics,Laptops,Acer,AcerLaptopsElite,85157,71588.43,13568.57,2026-03-30,Yes
P00782,Grocery,Cooking Oil,Dhara,DharaCooking OilElite,816,730.26,85.74,2019-08-24,Yes
P00783,Fashion,Footwear,Skechers,SkechersFootwearMax,13912,7646.79,6265.21,2025-08-24,Yes
P00784,Fashion,Men's Wear,Van Heusen,Van HeusenMen's WearMax,2103,1177.78,925.22,2020-10-30,Yes
P00785,Fashion,Men's Wear,Levi's,Levi'sMen's WearPremium,7465,4608.47,2856.53,2023-06-18,Yes
P00786,Fashion,Footwear,Skechers,SkechersFootwearPremium,13169,7766.11,5402.89,2023-10-15,Yes
P00787,Grocery,Rice,India Gate,India GateRicePremium,261,239.88,21.12,2022-04-15,Yes
P00788,Electronics,Televisions,LG,LGTelevisionsPremium,83671,69420.48,14250.52,2024-02-21,Yes
P00789,Grocery,Cooking Oil,Dhara,DharaCooking OilMax,1803,1589.48,213.52,2019-01-18,Yes
P00790,Fashion,Men's Wear,Allen Solly,Allen SollyMen's WearMax,2940,1941.72,998.28,2018-11-16,Yes
P00791,Fashion,Women's Wear,Global Desi,Global DesiWomen's WearPremium,4548,3026.16,1521.84,2026-03-31,Yes
P00792,Electronics,Smartphones,OnePlus,OnePlusSmartphonesPro,165485,147651.47,17833.53,2019-08-31,Yes
P00793,Fashion,Men's Wear,US Polo,US PoloMen's WearPremium,11341,5555.32,5785.68,2022-03-21,Yes
P00794,Electronics,Laptops,Asus,AsusLaptopsStandard,108318,91471.73,16846.27,2020-07-22,Yes
P00795,Grocery,Beverages,Coca-Cola,Coca-ColaBeveragesStandard,1167,1072.57,94.43,2020-08-26,Yes
P00796,Electronics,Laptops,Lenovo,LenovoLaptopsStandard,49008,40243.37,8764.63,2026-04-21,Yes
P00797,Grocery,Beverages,Coca-Cola,Coca-ColaBeveragesElite,473,419.12,53.88,2021-12-04,Yes
P00798,Fashion,Women's Wear,Biba,BibaWomen's WearPremium,9405,5515.94,3889.06,2023-11-16,Yes
P00799,Grocery,Rice,Daawat,DaawatRiceElite,435,373.05,61.95,2025-09-27,Yes
P00800,Grocery,Rice,India Gate,India GateRiceElite,625,561.31,63.69,2022-12-08,Yes
P00801,Grocery,Cooking Oil,Fortune,FortuneCooking OilPlus,609,522.56,86.44,2024-01-05,Yes
P00802,Fashion,Men's Wear,Allen Solly,Allen SollyMen's WearPlus,2494,1253.92,1240.08,2022-03-07,Yes
P00803,Fashion,Men's Wear,Van Heusen,Van HeusenMen's WearStandard,14518,9263.93,5254.07,2022-08-16,Yes
P00804,Grocery,Rice,Fortune,FortuneRicePremium,565,516.16,48.84,2026-01-31,Yes
P00805,Electronics,Smartphones,Motorola,MotorolaSmartphonesPlus,192531,165574.4,26956.6,2018-12-27,Yes
P00806,Fashion,Women's Wear,W,WWomen's WearPlus,12138,6582.24,5555.76,2020-02-28,Yes
P00807,Fashion,Men's Wear,Allen Solly,Allen SollyMen's WearPro,4103,2646.8,1456.2,2020-01-05,Yes
P00808,Grocery,Rice,Daawat,DaawatRiceStandard,351,313.13,37.87,2018-09-13,Yes
P00809,Grocery,Cooking Oil,Saffola,SaffolaCooking OilPlus,877,821.41,55.59,2020-06-20,Yes
P00810,Grocery,Rice,Daawat,DaawatRicePlus,669,631.02,37.98,2026-07-08,Yes
P00811,Grocery,Beverages,Fanta,FantaBeveragesMax,336,300.2,35.8,2023-01-24,Yes
P00812,Electronics,Smartphones,Motorola,MotorolaSmartphonesElite,53090,42655.19,10434.81,2023-03-04,Yes
P00813,Electronics,Televisions,Sony,SonyTelevisionsPremium,120133,100348.92,19784.08,2022-08-29,Yes
P00814,Electronics,Televisions,Sony,SonyTelevisionsPremium,78115,65589.59,12525.41,2023-03-20,Yes
P00815,Grocery,Beverages,Coca-Cola,Coca-ColaBeveragesMax,954,830.79,123.21,2020-11-16,Yes
P00816,Electronics,Televisions,LG,LGTelevisionsPremium,9397,7901.91,1495.09,2023-11-15,Yes
P00817,Electronics,Laptops,HP,HPLaptopsPlus,189409,163926.15,25482.85,2024-11-13,Yes
P00818,Grocery,Beverages,Pepsi,PepsiBeveragesMax,1663,1551.04,111.96,2018-12-18,Yes
P00819,Grocery,Rice,Fortune,FortuneRiceMax,358,333.91,24.09,2024-10-21,Yes
P00820,Grocery,Cooking Oil,Saffola,SaffolaCooking OilElite,1268,1163.11,104.89,2023-02-23,Yes
P00821,Fashion,Men's Wear,Louis Philippe,Louis PhilippeMen's WearElite,11262,7717.14,3544.86,2025-04-29,Yes
P00822,Fashion,Women's Wear,W,WWomen's WearMax,7660,4124.49,3535.51,2025-02-12,Yes
P00823,Electronics,Laptops,Asus,AsusLaptopsPlus,112801,100358.28,12442.72,2025-02-16,Yes
P00824,Fashion,Men's Wear,Allen Solly,Allen SollyMen's WearPremium,2844,1154.94,1689.06,2026-02-25,Yes
P00825,Grocery,Cooking Oil,Fortune,FortuneCooking OilPremium,1772,1570.71,201.29,2022-06-08,Yes
P00826,Fashion,Men's Wear,Levi's,Levi'sMen's WearPremium,14197,9019.61,5177.39,2019-04-06,Yes
P00827,Electronics,Laptops,HP,HPLaptopsMax,35555,30820.11,4734.89,2023-01-28,Yes
P00828,Fashion,Men's Wear,Levi's,Levi'sMen's WearPro,12694,6313.76,6380.24,2023-11-26,Yes
P00829,Electronics,Laptops,Dell,DellLaptopsStandard,136989,111322.48,25666.52,2026-07-08,Yes
P00830,Grocery,Beverages,Pepsi,PepsiBeveragesPremium,1799,1633.19,165.81,2025-02-11,Yes
P00831,Electronics,Smartphones,Samsung,SamsungSmartphonesPro,199834,173908.6,25925.4,2021-09-20,Yes
P00832,Grocery,Rice,India Gate,India GateRiceStandard,1247,1076.19,170.81,2020-01-21,No
P00833,Grocery,Rice,Fortune,FortuneRicePro,1216,1075.37,140.63,2025-06-20,Yes
P00834,Grocery,Beverages,Pepsi,PepsiBeveragesPlus,239,214.22,24.78,2025-03-05,Yes
P00835,Fashion,Women's Wear,H&M,H&MWomen's WearPremium,6326,4178.28,2147.72,2025-10-23,Yes
P00836,Grocery,Beverages,Sprite,SpriteBeveragesMax,1402,1273.66,128.34,2025-11-03,Yes
P00837,Grocery,Beverages,Coca-Cola,Coca-ColaBeveragesPlus,1624,1468.54,155.46,2023-11-06,Yes
P00838,Fashion,Footwear,Skechers,SkechersFootwearElite,9773,6389.35,3383.65,2022-08-13,Yes
P00839,Electronics,Smartphones,OnePlus,OnePlusSmartphonesPremium,114567,102600.04,11966.96,2025-05-29,Yes
P00840,Electronics,Laptops,Acer,AcerLaptopsStandard,66706,56900.77,9805.23,2023-02-04,Yes
P00841,Grocery,Rice,Fortune,FortuneRicePro,633,599.04,33.96,2020-10-01,Yes
P00842,Grocery,Beverages,Pepsi,PepsiBeveragesPlus,957,870.91,86.09,2024-04-03,Yes
P00843,Grocery,Rice,Daawat,DaawatRicePlus,164,142.5,21.5,2023-10-13,Yes
P00844,Fashion,Men's Wear,Louis Philippe,Louis PhilippeMen's WearPro,4251,1855.25,2395.75,2025-06-01,Yes
P00845,Grocery,Cooking Oil,Dhara,DharaCooking OilPlus,730,635.08,94.92,2026-06-07,Yes
P00846,Electronics,Smartphones,Apple,AppleSmartphonesMax,186175,154907.11,31267.89,2020-11-23,Yes
P00847,Grocery,Beverages,Coca-Cola,Coca-ColaBeveragesElite,1127,1001.27,125.73,2021-06-15,Yes
P00848,Grocery,Rice,India Gate,India GateRicePlus,198,184.89,13.11,2019-10-15,Yes
P00849,Electronics,Smartphones,Google,GoogleSmartphonesMax,22361,19455.83,2905.17,2019-07-14,Yes
P00850,Fashion,Footwear,Skechers,SkechersFootwearElite,3704,2404.72,1299.28,2022-01-16,Yes
P00851,Fashion,Men's Wear,US Polo,US PoloMen's WearElite,14610,7389.34,7220.66,2019-05-10,Yes
P00852,Electronics,Laptops,Asus,AsusLaptopsStandard,53742,46135.4,7606.6,2019-10-14,Yes
P00853,Electronics,Laptops,Acer,AcerLaptopsPro,106709,85623.07,21085.93,2023-04-23,Yes
P00854,Electronics,Televisions,TCL,TCLTelevisionsMax,128141,109471.16,18669.84,2018-11-19,Yes
P00855,Electronics,Laptops,HP,HPLaptopsMax,17457,15099.65,2357.35,2022-04-04,Yes
P00856,Fashion,Footwear,Adidas,AdidasFootwearElite,13760,9131.57,4628.43,2021-05-07,Yes
P00857,Fashion,Men's Wear,Allen Solly,Allen SollyMen's WearStandard,11754,8126.02,3627.98,2020-10-27,Yes
P00858,Fashion,Footwear,Bata,BataFootwearPro,9006,4493.05,4512.95,2024-04-27,Yes
P00859,Fashion,Footwear,Puma,PumaFootwearPlus,10750,5293.64,5456.36,2020-04-04,Yes
P00860,Fashion,Women's Wear,W,WWomen's WearPlus,12472,5681.81,6790.19,2022-08-05,Yes
P00861,Fashion,Men's Wear,Van Heusen,Van HeusenMen's WearPlus,6594,4336.75,2257.25,2021-02-11,Yes
P00862,Electronics,Televisions,Sony,SonyTelevisionsMax,104450,91738.14,12711.86,2019-01-07,Yes
P00863,Grocery,Cooking Oil,Dhara,DharaCooking OilPro,1589,1508.94,80.06,2025-12-06,Yes
P00864,Grocery,Rice,India Gate,India GateRicePremium,160,144.18,15.82,2023-08-02,Yes
P00865,Grocery,Rice,Fortune,FortuneRicePlus,1602,1455.13,146.87,2019-04-09,Yes
P00866,Fashion,Women's Wear,W,WWomen's WearStandard,13478,7113.81,6364.19,2020-01-30,Yes
P00867,Grocery,Cooking Oil,Dhara,DharaCooking OilElite,1390,1262.57,127.43,2026-07-26,Yes
P00868,Electronics,Smartphones,Motorola,MotorolaSmartphonesElite,171115,144769.92,26345.08,2025-08-07,Yes
P00869,Grocery,Rice,Daawat,DaawatRiceElite,1834,1621.05,212.95,2019-03-21,Yes
P00870,Fashion,Footwear,Skechers,SkechersFootwearPlus,11479,6330.13,5148.87,2025-08-20,Yes
P00871,Electronics,Televisions,TCL,TCLTelevisionsMax,170442,137596.17,32845.83,2023-03-28,Yes
P00872,Fashion,Men's Wear,Louis Philippe,Louis PhilippeMen's WearElite,8678,4053.38,4624.62,2022-09-16,Yes
P00873,Electronics,Televisions,Samsung,SamsungTelevisionsStandard,57147,47195.57,9951.43,2026-03-04,Yes
P00874,Fashion,Women's Wear,Global Desi,Global DesiWomen's WearStandard,6549,4350.72,2198.28,2025-06-01,Yes
P00875,Electronics,Laptops,Dell,DellLaptopsStandard,119917,100797.99,19119.01,2026-04-02,Yes
P00876,Fashion,Women's Wear,Biba,BibaWomen's WearPlus,5759,3338.05,2420.95,2025-06-10,Yes
P00877,Grocery,Rice,Daawat,DaawatRicePro,1693,1595.69,97.31,2026-05-07,Yes
P00878,Grocery,Cooking Oil,Fortune,FortuneCooking OilMax,1946,1748.34,197.66,2019-11-16,Yes
P00879,Grocery,Rice,Fortune,FortuneRiceStandard,646,554.41,91.59,2020-03-26,Yes
P00880,Fashion,Footwear,Nike,NikeFootwearPlus,12480,8532.76,3947.24,2024-09-27,Yes
P00881,Grocery,Rice,Daawat,DaawatRicePlus,491,437.83,53.17,2026-06-23,Yes
P00882,Electronics,Laptops,Acer,AcerLaptopsMax,9089,7918.53,1170.47,2024-04-21,Yes
P00883,Electronics,Laptops,Lenovo,LenovoLaptopsElite,46432,39248.04,7183.96,2022-07-18,Yes
P00884,Grocery,Cooking Oil,Saffola,SaffolaCooking OilPremium,728,690.93,37.07,2020-08-12,Yes
P00885,Electronics,Smartphones,Motorola,MotorolaSmartphonesElite,155376,133894.07,21481.93,2025-01-08,Yes
P00886,Grocery,Rice,India Gate,India GateRiceMax,1388,1262.73,125.27,2018-11-18,Yes
P00887,Electronics,Televisions,TCL,TCLTelevisionsElite,168104,144827.58,23276.42,2022-07-11,Yes
P00888,Electronics,Televisions,Sony,SonyTelevisionsMax,170285,151745.93,18539.07,2018-11-17,Yes
P00889,Fashion,Women's Wear,Zara,ZaraWomen's WearPremium,12079,5795.46,6283.54,2025-05-03,Yes
P00890,Fashion,Women's Wear,W,WWomen's WearPro,11112,7531.95,3580.05,2022-07-25,Yes
P00891,Grocery,Beverages,Fanta,FantaBeveragesPro,465,403.78,61.22,2026-04-15,Yes
P00892,Electronics,Televisions,TCL,TCLTelevisionsPremium,126009,109194.0,16815.0,2019-10-16,Yes
P00893,Electronics,Laptops,HP,HPLaptopsPro,155762,128749.89,27012.11,2018-08-25,Yes
P00894,Electronics,Laptops,Lenovo,LenovoLaptopsStandard,64029,53003.79,11025.21,2019-03-07,Yes
P00895,Fashion,Footwear,Skechers,SkechersFootwearElite,10311,5131.65,5179.35,2025-07-22,Yes
P00896,Fashion,Footwear,Adidas,AdidasFootwearPro,7008,3825.27,3182.73,2024-06-13,Yes
P00897,Electronics,Televisions,Sony,SonyTelevisionsStandard,8844,7243.6,1600.4,2020-07-08,Yes
P00898,Grocery,Cooking Oil,Saffola,SaffolaCooking OilPlus,1382,1278.73,103.27,2024-02-06,Yes
P00899,Fashion,Footwear,Adidas,AdidasFootwearElite,9027,4590.91,4436.09,2024-12-23,Yes
P00900,Electronics,Laptops,Lenovo,LenovoLaptopsPlus,93165,83706.27,9458.73,2021-04-17,Yes
P00901,Fashion,Footwear,Skechers,SkechersFootwearPremium,13259,7060.15,6198.85,2020-03-03,Yes
P00902,Fashion,Footwear,Nike,NikeFootwearPremium,7934,3709.79,4224.21,2018-11-15,Yes
P00903,Fashion,Men's Wear,Allen Solly,Allen SollyMen's WearElite,4862,2908.39,1953.61,2023-06-14,Yes
P00904,Electronics,Smartphones,Google,GoogleSmartphonesPremium,178026,155777.02,22248.98,2020-01-05,No
P00905,Fashion,Men's Wear,Levi's,Levi'sMen's WearStandard,7807,3978.76,3828.24,2021-05-16,Yes
P00906,Grocery,Rice,India Gate,India GateRicePro,412,375.94,36.06,2025-10-14,Yes
P00907,Electronics,Laptops,Dell,DellLaptopsElite,40571,33946.96,6624.04,2018-08-23,Yes
P00908,Grocery,Cooking Oil,Dhara,DharaCooking OilElite,313,268.84,44.16,2021-03-02,Yes
P00909,Fashion,Women's Wear,W,WWomen's WearMax,1162,668.77,493.23,2022-07-21,Yes
P00910,Fashion,Footwear,Adidas,AdidasFootwearPremium,5319,2988.58,2330.42,2023-06-12,Yes
P00911,Grocery,Beverages,7UP,7UPBeveragesElite,752,661.2,90.8,2026-04-21,Yes
P00912,Grocery,Cooking Oil,Fortune,FortuneCooking OilPlus,694,606.63,87.37,2022-10-18,Yes
P00913,Grocery,Beverages,Fanta,FantaBeveragesPlus,1345,1168.82,176.18,2024-05-22,Yes
P00914,Fashion,Women's Wear,Biba,BibaWomen's WearPremium,3470,2271.97,1198.03,2026-03-29,Yes
P00915,Fashion,Footwear,Skechers,SkechersFootwearStandard,8199,4506.24,3692.76,2019-04-21,Yes
P00916,Grocery,Cooking Oil,Fortune,FortuneCooking OilPremium,1329,1239.21,89.79,2019-03-15,Yes
P00917,Fashion,Women's Wear,W,WWomen's WearPlus,358,147.69,210.31,2021-02-16,Yes
P00918,Fashion,Men's Wear,Allen Solly,Allen SollyMen's WearElite,644,387.37,256.63,2020-09-10,Yes
P00919,Fashion,Men's Wear,Allen Solly,Allen SollyMen's WearPlus,3299,2246.1,1052.9,2023-08-11,Yes
P00920,Fashion,Footwear,Nike,NikeFootwearPlus,10763,7495.67,3267.33,2021-12-30,Yes
P00921,Grocery,Beverages,Coca-Cola,Coca-ColaBeveragesStandard,1147,1026.75,120.25,2020-06-13,Yes
P00922,Fashion,Footwear,Nike,NikeFootwearElite,7558,3642.85,3915.15,2024-01-19,Yes
P00923,Grocery,Cooking Oil,Saffola,SaffolaCooking OilPlus,1538,1351.58,186.42,2021-09-06,Yes
P00924,Fashion,Footwear,Adidas,AdidasFootwearElite,8359,4272.78,4086.22,2021-09-09,Yes
P00925,Electronics,Smartphones,Samsung,SamsungSmartphonesPro,67480,60075.39,7404.61,2026-04-27,No
P00926,Electronics,Laptops,Asus,AsusLaptopsElite,16801,14370.33,2430.67,2020-09-15,Yes
P00927,Electronics,Smartphones,Apple,AppleSmartphonesPremium,149105,132854.59,16250.41,2023-02-10,Yes
P00928,Electronics,Smartphones,Motorola,MotorolaSmartphonesPremium,192924,166833.17,26090.83,2025-06-22,Yes
P00929,Grocery,Beverages,7UP,7UPBeveragesPremium,1395,1299.98,95.02,2023-11-19,Yes
P00930,Electronics,Laptops,Lenovo,LenovoLaptopsPro,21370,17155.91,4214.09,2024-05-07,Yes
P00931,Electronics,Televisions,TCL,TCLTelevisionsMax,67800,57150.12,10649.88,2023-06-29,Yes
P00932,Electronics,Televisions,LG,LGTelevisionsPlus,177086,157408.36,19677.64,2019-02-08,Yes
P00933,Grocery,Cooking Oil,Fortune,FortuneCooking OilStandard,1914,1718.47,195.53,2021-01-31,Yes
P00934,Fashion,Men's Wear,Levi's,Levi'sMen's WearPremium,6054,3072.0,2982.0,2021-02-10,Yes
P00935,Electronics,Smartphones,Samsung,SamsungSmartphonesMax,45823,36994.33,8828.67,2024-06-20,Yes
P00936,Electronics,Smartphones,Google,GoogleSmartphonesStandard,85528,74621.05,10906.95,2024-01-14,Yes
P00937,Grocery,Rice,Daawat,DaawatRiceElite,1895,1646.6,248.4,2022-06-23,Yes
P00938,Fashion,Men's Wear,Allen Solly,Allen SollyMen's WearMax,4203,2563.12,1639.88,2023-07-26,Yes
P00939,Grocery,Beverages,Fanta,FantaBeveragesMax,1693,1550.49,142.51,2024-07-27,Yes
P00940,Grocery,Rice,Daawat,DaawatRiceMax,1636,1493.93,142.07,2020-12-31,Yes
P00941,Fashion,Men's Wear,Louis Philippe,Louis PhilippeMen's WearPro,7889,4323.43,3565.57,2021-05-08,Yes
P00942,Fashion,Men's Wear,Van Heusen,Van HeusenMen's WearMax,664,390.71,273.29,2019-05-05,Yes
P00943,Grocery,Beverages,Sprite,SpriteBeveragesPro,1985,1866.18,118.82,2026-03-10,Yes
P00944,Grocery,Beverages,Sprite,SpriteBeveragesStandard,1044,991.33,52.67,2023-08-11,Yes
P00945,Grocery,Rice,Fortune,FortuneRicePlus,340,300.69,39.31,2018-09-06,Yes
P00946,Fashion,Footwear,Puma,PumaFootwearElite,4557,2896.09,1660.91,2022-12-26,Yes
P00947,Grocery,Cooking Oil,Saffola,SaffolaCooking OilPro,79,71.33,7.67,2024-04-14,Yes
P00948,Fashion,Women's Wear,Zara,ZaraWomen's WearStandard,7223,4014.32,3208.68,2022-03-23,Yes
P00949,Fashion,Footwear,Adidas,AdidasFootwearStandard,9320,5886.53,3433.47,2021-02-16,No
P00950,Fashion,Footwear,Skechers,SkechersFootwearElite,5020,2571.55,2448.45,2025-07-01,Yes
P00951,Grocery,Rice,Daawat,DaawatRicePro,535,462.43,72.57,2023-11-27,Yes
P00952,Grocery,Cooking Oil,Saffola,SaffolaCooking OilMax,897,802.81,94.19,2023-11-19,Yes
P00953,Grocery,Cooking Oil,Dhara,DharaCooking OilStandard,1243,1071.19,171.81,2025-07-11,Yes
P00954,Electronics,Laptops,Acer,AcerLaptopsPro,72409,62461.2,9947.8,2026-07-13,Yes
P00955,Electronics,Laptops,Acer,AcerLaptopsMax,141751,122753.61,18997.39,2024-10-05,Yes
P00956,Grocery,Cooking Oil,Saffola,SaffolaCooking OilMax,1469,1332.68,136.32,2019-11-13,Yes
P00957,Electronics,Televisions,TCL,TCLTelevisionsStandard,113495,98416.57,15078.43,2024-03-05,Yes
P00958,Electronics,Laptops,Lenovo,LenovoLaptopsStandard,149216,122879.71,26336.29,2019-07-01,Yes
P00959,Grocery,Beverages,Pepsi,PepsiBeveragesPremium,1678,1491.73,186.27,2025-03-16,Yes
P00960,Grocery,Rice,Fortune,FortuneRiceStandard,1348,1181.01,166.99,2023-02-04,Yes
P00961,Fashion,Women's Wear,Global Desi,Global DesiWomen's WearElite,9924,4219.35,5704.65,2018-09-26,Yes
P00962,Electronics,Laptops,Dell,DellLaptopsElite,66189,58102.88,8086.12,2026-06-26,No
P00963,Fashion,Men's Wear,Van Heusen,Van HeusenMen's WearPlus,8861,4720.31,4140.69,2025-09-26,Yes
P00964,Electronics,Laptops,Lenovo,LenovoLaptopsPremium,4504,3920.06,583.94,2021-06-19,Yes
P00965,Electronics,Televisions,Sony,SonyTelevisionsPlus,149592,129814.96,19777.04,2020-12-30,Yes
P00966,Grocery,Rice,Fortune,FortuneRicePlus,680,627.62,52.38,2026-05-12,Yes
P00967,Fashion,Footwear,Adidas,AdidasFootwearPlus,440,191.6,248.4,2020-04-10,Yes
P00968,Fashion,Women's Wear,Global Desi,Global DesiWomen's WearElite,13886,6966.9,6919.1,2022-11-12,Yes
P00969,Grocery,Beverages,7UP,7UPBeveragesPro,1151,1050.88,100.12,2022-08-28,Yes
P00970,Electronics,Laptops,Lenovo,LenovoLaptopsMax,68332,59891.22,8440.78,2021-04-16,Yes
P00971,Grocery,Beverages,Coca-Cola,Coca-ColaBeveragesElite,753,662.57,90.43,2023-04-03,Yes
P00972,Fashion,Footwear,Skechers,SkechersFootwearStandard,11142,4677.73,6464.27,2022-06-24,Yes
P00973,Fashion,Women's Wear,W,WWomen's WearPremium,6358,3576.3,2781.7,2022-04-19,Yes
P00974,Grocery,Cooking Oil,Dhara,DharaCooking OilPro,1918,1725.64,192.36,2024-10-10,Yes
P00975,Electronics,Smartphones,Motorola,MotorolaSmartphonesStandard,56675,50508.31,6166.69,2022-07-09,Yes
P00976,Fashion,Footwear,Skechers,SkechersFootwearPro,1291,620.22,670.78,2024-05-20,Yes
P00977,Fashion,Men's Wear,Levi's,Levi'sMen's WearStandard,1957,875.81,1081.19,2024-08-28,Yes
P00978,Fashion,Men's Wear,Allen Solly,Allen SollyMen's WearElite,5005,3158.64,1846.36,2024-02-04,Yes
P00979,Grocery,Rice,Daawat,DaawatRiceMax,1699,1571.23,127.77,2025-08-23,Yes
P00980,Electronics,Smartphones,OnePlus,OnePlusSmartphonesElite,184007,156382.6,27624.4,2022-12-02,Yes
P00981,Fashion,Men's Wear,Allen Solly,Allen SollyMen's WearPro,7535,4349.87,3185.13,2019-04-17,Yes
P00982,Grocery,Cooking Oil,Dhara,DharaCooking OilMax,1118,1014.65,103.35,2020-01-13,Yes
P00983,Electronics,Laptops,Asus,AsusLaptopsPlus,76186,63766.2,12419.8,2021-12-03,Yes
P00984,Fashion,Women's Wear,H&M,H&MWomen's WearPremium,1594,966.92,627.08,2021-07-09,Yes
P00985,Electronics,Laptops,Acer,AcerLaptopsPro,52408,45544.66,6863.34,2018-10-23,Yes
P00986,Electronics,Smartphones,Samsung,SamsungSmartphonesMax,23085,19912.31,3172.69,2021-08-01,Yes
P00987,Fashion,Women's Wear,Biba,BibaWomen's WearElite,8404,4299.89,4104.11,2019-07-31,Yes
P00988,Grocery,Beverages,Pepsi,PepsiBeveragesPlus,1785,1626.65,158.35,2019-12-18,Yes
P00989,Electronics,Laptops,Lenovo,LenovoLaptopsPremium,164991,137101.88,27889.12,2023-10-06,Yes
P00990,Electronics,Laptops,Dell,DellLaptopsPlus,103612,91200.29,12411.71,2018-11-25,Yes
P00991,Electronics,Smartphones,Samsung,SamsungSmartphonesPlus,32999,26574.78,6424.22,2025-03-29,Yes
P00992,Electronics,Smartphones,Samsung,SamsungSmartphonesPro,82619,69387.39,13231.61,2021-02-14,Yes
P00993,Grocery,Rice,India Gate,India GateRicePremium,659,561.29,97.71,2022-12-18,Yes
P00994,Grocery,Beverages,Fanta,FantaBeveragesStandard,1654,1413.41,240.59,2023-09-16,Yes
P00995,Grocery,Cooking Oil,Saffola,SaffolaCooking OilMax,127,118.14,8.86,2024-08-15,Yes
P00996,Fashion,Men's Wear,Van Heusen,Van HeusenMen's WearElite,400,173.39,226.61,2019-10-11,Yes
P00997,Grocery,Rice,Fortune,FortuneRiceStandard,1101,1045.67,55.33,2026-07-29,Yes
P00998,Grocery,Rice,Fortune,FortuneRicePremium,1365,1256.89,108.11,2021-10-16,Yes
P00999,Grocery,Beverages,Pepsi,PepsiBeveragesMax,1128,993.46,134.54,2022-07-09,Yes
P01000,Grocery,Cooking Oil,Fortune,FortuneCooking OilPlus,1527,1299.13,227.87,2026-07-23,Yes
P01001,Grocery,Beverages,7UP,7UPBeveragesElite,174,154.35,19.65,2020-08-25,No
P01002,Electronics,Smartphones,OnePlus,OnePlusSmartphonesStandard,28064,24957.72,3106.28,2021-02-17,Yes
P01003,Fashion,Footwear,Bata,BataFootwearPro,1382,839.74,542.26,2020-03-03,Yes
P01004,Fashion,Women's Wear,Biba,BibaWomen's WearPremium,6400,3180.81,3219.19,2022-07-11,Yes
P01005,Fashion,Women's Wear,Zara,ZaraWomen's WearElite,7156,4863.5,2292.5,2019-12-15,Yes
P01006,Grocery,Beverages,Fanta,FantaBeveragesStandard,1503,1308.77,194.23,2023-03-04,Yes
P01007,Electronics,Laptops,HP,HPLaptopsPro,136876,118994.63,17881.37,2019-03-23,No
P01008,Grocery,Rice,India Gate,India GateRicePro,762,687.37,74.63,2026-03-24,Yes
P01009,Grocery,Beverages,7UP,7UPBeveragesElite,592,552.41,39.59,2021-07-25,Yes
P01010,Fashion,Men's Wear,Van Heusen,Van HeusenMen's WearPlus,1081,486.37,594.63,2023-04-09,Yes
P01011,Grocery,Cooking Oil,Saffola,SaffolaCooking OilStandard,1831,1687.69,143.31,2020-08-01,Yes
P01012,Grocery,Rice,Fortune,FortuneRiceStandard,1068,936.02,131.98,2021-04-04,Yes
P01013,Fashion,Men's Wear,US Polo,US PoloMen's WearElite,6176,3603.21,2572.79,2020-01-25,Yes
P01014,Fashion,Men's Wear,Levi's,Levi'sMen's WearMax,10640,6764.86,3875.14,2022-01-17,Yes
P01015,Electronics,Televisions,LG,LGTelevisionsPro,142068,123281.73,18786.27,2024-01-20,Yes
P01016,Grocery,Cooking Oil,Saffola,SaffolaCooking OilElite,1607,1392.76,214.24,2026-03-08,Yes
P01017,Electronics,Laptops,Dell,DellLaptopsPro,102088,85371.44,16716.56,2026-02-19,Yes
P01018,Fashion,Women's Wear,Biba,BibaWomen's WearStandard,641,429.08,211.92,2024-11-24,Yes
P01019,Grocery,Rice,Daawat,DaawatRicePlus,158,138.81,19.19,2019-06-23,Yes
P01020,Electronics,Laptops,Lenovo,LenovoLaptopsPlus,180311,145072.19,35238.81,2023-06-01,Yes
P01021,Fashion,Women's Wear,H&M,H&MWomen's WearStandard,6894,3177.76,3716.24,2026-05-29,Yes
P01022,Electronics,Televisions,Sony,SonyTelevisionsStandard,176086,148530.13,27555.87,2020-09-03,Yes
P01023,Fashion,Footwear,Puma,PumaFootwearStandard,8859,4149.61,4709.39,2018-12-31,Yes
P01024,Grocery,Cooking Oil,Fortune,FortuneCooking OilPro,972,905.06,66.94,2025-02-19,Yes
P01025,Electronics,Smartphones,OnePlus,OnePlusSmartphonesElite,20704,17782.05,2921.95,2026-03-26,Yes
P01026,Grocery,Beverages,Fanta,FantaBeveragesPro,1719,1549.5,169.5,2025-02-09,Yes
P01027,Grocery,Cooking Oil,Saffola,SaffolaCooking OilPro,870,817.39,52.61,2019-03-30,Yes
P01028,Electronics,Laptops,Lenovo,LenovoLaptopsPlus,15450,12671.12,2778.88,2021-05-06,Yes
P01029,Electronics,Televisions,TCL,TCLTelevisionsMax,90751,78282.5,12468.5,2023-10-20,Yes
P01030,Electronics,Smartphones,Google,GoogleSmartphonesPlus,152684,134739.14,17944.86,2022-07-08,Yes
P01031,Fashion,Women's Wear,W,WWomen's WearMax,1220,829.16,390.84,2024-11-26,Yes
P01032,Electronics,Smartphones,Google,GoogleSmartphonesPlus,94632,82844.22,11787.78,2020-07-05,Yes
P01033,Electronics,Televisions,LG,LGTelevisionsElite,73016,63482.3,9533.7,2024-08-30,Yes
P01034,Fashion,Footwear,Bata,BataFootwearMax,14287,7367.38,6919.62,2022-04-20,Yes
P01035,Electronics,Laptops,HP,HPLaptopsPremium,193349,169672.37,23676.63,2026-03-15,Yes
P01036,Electronics,Smartphones,Samsung,SamsungSmartphonesPlus,144141,128127.17,16013.83,2019-06-20,Yes
P01037,Fashion,Women's Wear,Biba,BibaWomen's WearPlus,10359,6807.35,3551.65,2019-08-06,Yes
P01038,Grocery,Rice,India Gate,India GateRicePremium,1880,1616.51,263.49,2024-06-26,Yes
P01039,Grocery,Beverages,Sprite,SpriteBeveragesPremium,213,196.92,16.08,2024-05-19,Yes
P01040,Electronics,Laptops,HP,HPLaptopsPlus,128014,104398.7,23615.3,2020-01-19,Yes
P01041,Grocery,Rice,India Gate,India GateRiceElite,847,780.84,66.16,2021-07-21,Yes
P01042,Fashion,Footwear,Puma,PumaFootwearPlus,4247,2332.31,1914.69,2024-01-19,Yes
P01043,Grocery,Cooking Oil,Saffola,SaffolaCooking OilPlus,1211,1123.16,87.84,2020-03-22,Yes
P01044,Electronics,Smartphones,Google,GoogleSmartphonesElite,22060,19841.31,2218.69,2020-05-12,Yes
P01045,Grocery,Rice,Daawat,DaawatRicePremium,1738,1629.13,108.87,2020-08-26,Yes
P01046,Electronics,Televisions,TCL,TCLTelevisionsStandard,127732,104451.27,23280.73,2019-06-02,Yes
P01047,Fashion,Footwear,Bata,BataFootwearStandard,13968,7267.26,6700.74,2025-08-12,Yes
P01048,Electronics,Smartphones,Motorola,MotorolaSmartphonesPlus,104844,84526.56,20317.44,2023-09-27,Yes
P01049,Fashion,Men's Wear,US Polo,US PoloMen's WearMax,8843,3582.34,5260.66,2023-11-12,Yes
P01050,Electronics,Laptops,HP,HPLaptopsPlus,122656,107248.67,15407.33,2019-04-18,Yes
P01051,Grocery,Cooking Oil,Fortune,FortuneCooking OilElite,169,154.05,14.95,2019-06-04,Yes
P01052,Electronics,Laptops,Dell,DellLaptopsPlus,172364,151794.37,20569.63,2023-06-17,Yes
P01053,Electronics,Laptops,Acer,AcerLaptopsElite,116875,97214.3,19660.7,2020-07-25,Yes
P01054,Fashion,Footwear,Skechers,SkechersFootwearPro,5071,2667.98,2403.02,2019-02-08,Yes
P01055,Grocery,Rice,India Gate,India GateRiceStandard,1105,1024.96,80.04,2022-01-12,Yes
P01056,Electronics,Laptops,Asus,AsusLaptopsPro,20746,18480.35,2265.65,2020-02-06,Yes
P01057,Fashion,Men's Wear,Louis Philippe,Louis PhilippeMen's WearPlus,2876,1993.62,882.38,2026-06-22,Yes
P01058,Electronics,Laptops,Lenovo,LenovoLaptopsPremium,42648,37597.55,5050.45,2025-08-31,Yes
P01059,Grocery,Beverages,Sprite,SpriteBeveragesPremium,1530,1426.3,103.7,2019-06-29,Yes
P01060,Electronics,Smartphones,OnePlus,OnePlusSmartphonesPremium,35858,29443.61,6414.39,2024-02-05,Yes
P01061,Grocery,Beverages,Pepsi,PepsiBeveragesElite,1489,1357.97,131.03,2025-10-11,Yes
P01062,Fashion,Footwear,Puma,PumaFootwearPremium,13905,9142.9,4762.1,2020-09-22,Yes
P01063,Grocery,Cooking Oil,Saffola,SaffolaCooking OilPremium,876,808.55,67.45,2024-02-12,Yes
P01064,Electronics,Laptops,Asus,AsusLaptopsPremium,169271,143590.89,25680.11,2025-04-16,Yes
P01065,Electronics,Televisions,Samsung,SamsungTelevisionsMax,72617,59463.45,13153.55,2021-01-03,Yes
P01066,Fashion,Men's Wear,Levi's,Levi'sMen's WearPremium,3009,1454.69,1554.31,2024-10-19,Yes
P01067,Fashion,Footwear,Nike,NikeFootwearPremium,1623,970.18,652.82,2024-05-19,Yes
P01068,Electronics,Televisions,Sony,SonyTelevisionsMax,183671,148196.72,35474.28,2026-02-15,Yes
P01069,Fashion,Men's Wear,Van Heusen,Van HeusenMen's WearMax,7565,4794.47,2770.53,2022-11-22,Yes
P01070,Fashion,Women's Wear,Zara,ZaraWomen's WearMax,1132,615.18,516.82,2025-03-09,Yes
P01071,Fashion,Men's Wear,US Polo,US PoloMen's WearStandard,5568,2563.68,3004.32,2025-02-20,Yes
P01072,Electronics,Televisions,TCL,TCLTelevisionsPro,131761,117516.54,14244.46,2026-06-08,Yes
P01073,Grocery,Cooking Oil,Saffola,SaffolaCooking OilStandard,474,417.94,56.06,2025-06-06,Yes
P01074,Electronics,Televisions,LG,LGTelevisionsPremium,140096,116852.64,23243.36,2025-02-15,Yes
P01075,Electronics,Laptops,HP,HPLaptopsPremium,95870,85757.92,10112.08,2021-05-05,Yes
P01076,Grocery,Rice,India Gate,India GateRicePremium,1424,1315.33,108.67,2019-05-20,Yes
P01077,Fashion,Men's Wear,Van Heusen,Van HeusenMen's WearPremium,7134,3870.98,3263.02,2026-07-21,Yes
P01078,Fashion,Women's Wear,H&M,H&MWomen's WearPremium,11552,5804.52,5747.48,2023-11-01,Yes
P01079,Fashion,Women's Wear,Global Desi,Global DesiWomen's WearPremium,3967,2494.61,1472.39,2022-05-11,Yes
P01080,Electronics,Smartphones,Apple,AppleSmartphonesElite,195643,170086.23,25556.77,2026-04-08,Yes
P01081,Fashion,Men's Wear,Allen Solly,Allen SollyMen's WearMax,6510,3584.02,2925.98,2022-06-12,Yes
P01082,Electronics,Televisions,Panasonic,PanasonicTelevisionsElite,169711,141256.81,28454.19,2025-04-02,Yes
P01083,Electronics,Televisions,Panasonic,PanasonicTelevisionsMax,76836,64009.12,12826.88,2025-09-14,Yes
P01084,Electronics,Laptops,Dell,DellLaptopsPlus,136255,109251.86,27003.14,2019-05-10,No
P01085,Electronics,Televisions,TCL,TCLTelevisionsPremium,112179,89902.19,22276.81,2025-10-15,Yes
P01086,Fashion,Footwear,Bata,BataFootwearPremium,6209,4148.71,2060.29,2018-10-29,No
P01087,Fashion,Women's Wear,W,WWomen's WearStandard,13207,6310.37,6896.63,2020-04-05,Yes
P01088,Electronics,Laptops,HP,HPLaptopsMax,97179,80749.75,16429.25,2022-10-11,Yes
P01089,Grocery,Beverages,7UP,7UPBeveragesPlus,806,690.6,115.4,2020-12-12,Yes
P01090,Grocery,Beverages,Coca-Cola,Coca-ColaBeveragesElite,61,56.94,4.06,2025-09-10,Yes
P01091,Grocery,Cooking Oil,Saffola,SaffolaCooking OilPlus,156,136.2,19.8,2025-04-14,Yes
P01092,Grocery,Rice,India Gate,India GateRicePlus,145,129.24,15.76,2021-07-10,Yes
P01093,Fashion,Men's Wear,US Polo,US PoloMen's WearMax,13571,7488.49,6082.51,2020-05-21,Yes
P01094,Electronics,Televisions,TCL,TCLTelevisionsPro,74657,62208.95,12448.05,2018-09-03,Yes
P01095,Electronics,Televisions,Panasonic,PanasonicTelevisionsMax,179159,157280.14,21878.86,2019-06-23,Yes
P01096,Fashion,Footwear,Nike,NikeFootwearStandard,6170,3603.18,2566.82,2022-08-11,Yes
P01097,Fashion,Men's Wear,Levi's,Levi'sMen's WearPlus,3326,1365.75,1960.25,2021-08-21,Yes
P01098,Electronics,Laptops,Asus,AsusLaptopsElite,145555,126260.78,19294.22,2021-11-21,Yes
P01099,Fashion,Footwear,Skechers,SkechersFootwearPro,10763,4972.91,5790.09,2021-06-19,Yes
P01100,Fashion,Footwear,Skechers,SkechersFootwearPremium,1889,1022.46,866.54,2019-02-05,Yes
P01101,Electronics,Laptops,Dell,DellLaptopsPro,21735,19507.26,2227.74,2021-03-10,Yes
P01102,Fashion,Footwear,Skechers,SkechersFootwearStandard,8346,5579.35,2766.65,2025-01-04,Yes
P01103,Fashion,Men's Wear,Louis Philippe,Louis PhilippeMen's WearPlus,13586,5687.74,7898.26,2025-06-04,Yes
P01104,Electronics,Laptops,HP,HPLaptopsPlus,8565,7509.24,1055.76,2019-12-25,Yes
P01105,Grocery,Cooking Oil,Fortune,FortuneCooking OilPremium,1588,1382.59,205.41,2024-09-28,Yes
P01106,Grocery,Beverages,7UP,7UPBeveragesMax,269,248.11,20.89,2018-11-04,Yes
P01107,Grocery,Rice,Daawat,DaawatRiceElite,1731,1638.59,92.41,2021-08-20,Yes
P01108,Fashion,Women's Wear,W,WWomen's WearMax,9770,4834.73,4935.27,2019-10-11,Yes
P01109,Grocery,Beverages,Sprite,SpriteBeveragesPremium,441,390.69,50.31,2025-08-03,Yes
P01110,Fashion,Men's Wear,Van Heusen,Van HeusenMen's WearPlus,7573,5169.17,2403.83,2018-09-12,Yes
P01111,Electronics,Smartphones,Apple,AppleSmartphonesPlus,146160,126032.39,20127.61,2022-03-24,Yes
P01112,Electronics,Laptops,Acer,AcerLaptopsElite,26742,23277.71,3464.29,2024-09-09,Yes
P01113,Fashion,Footwear,Puma,PumaFootwearElite,11593,7463.34,4129.66,2024-12-06,Yes
P01114,Fashion,Women's Wear,Zara,ZaraWomen's WearPlus,781,444.78,336.22,2023-08-01,Yes
P01115,Grocery,Cooking Oil,Dhara,DharaCooking OilPlus,965,841.03,123.97,2024-12-26,Yes
P01116,Electronics,Smartphones,Motorola,MotorolaSmartphonesElite,81508,72652.69,8855.31,2022-03-08,Yes
P01117,Grocery,Beverages,Sprite,SpriteBeveragesPremium,1294,1209.22,84.78,2024-02-04,Yes
P01118,Electronics,Televisions,Panasonic,PanasonicTelevisionsElite,108181,91887.88,16293.12,2026-06-27,Yes
P01119,Electronics,Laptops,HP,HPLaptopsPro,1530,1337.57,192.43,2023-01-09,Yes
P01120,Grocery,Beverages,Fanta,FantaBeveragesStandard,1363,1193.73,169.27,2025-05-01,Yes
P01121,Electronics,Smartphones,Google,GoogleSmartphonesElite,92274,75085.96,17188.04,2026-04-06,Yes
P01122,Fashion,Men's Wear,Levi's,Levi'sMen's WearMax,13127,6061.21,7065.79,2020-03-19,Yes
P01123,Fashion,Footwear,Adidas,AdidasFootwearElite,14527,9163.09,5363.91,2022-10-03,Yes
P01124,Grocery,Beverages,7UP,7UPBeveragesElite,1599,1421.28,177.72,2023-03-05,Yes
P01125,Electronics,Televisions,Sony,SonyTelevisionsPlus,112234,97230.32,15003.68,2022-06-01,Yes
P01126,Grocery,Rice,Fortune,FortuneRiceStandard,266,234.92,31.08,2022-08-22,Yes
P01127,Grocery,Cooking Oil,Fortune,FortuneCooking OilStandard,784,679.15,104.85,2022-04-04,Yes
P01128,Fashion,Men's Wear,Levi's,Levi'sMen's WearPremium,10231,6928.12,3302.88,2019-07-11,Yes
P01129,Electronics,Televisions,LG,LGTelevisionsStandard,115045,103192.01,11852.99,2025-03-09,Yes
P01130,Fashion,Men's Wear,US Polo,US PoloMen's WearElite,6272,3833.49,2438.51,2025-12-10,Yes
P01131,Grocery,Rice,Fortune,FortuneRicePremium,538,461.13,76.87,2019-04-21,Yes
P01132,Grocery,Cooking Oil,Fortune,FortuneCooking OilPro,566,504.23,61.77,2022-05-13,Yes
P01133,Grocery,Rice,Daawat,DaawatRiceMax,1030,879.71,150.29,2026-06-20,Yes
P01134,Grocery,Cooking Oil,Fortune,FortuneCooking OilPlus,1824,1626.12,197.88,2022-01-30,Yes
P01135,Fashion,Women's Wear,Global Desi,Global DesiWomen's WearPlus,4584,2335.31,2248.69,2021-10-13,Yes
P01136,Fashion,Women's Wear,Biba,BibaWomen's WearElite,6479,3471.26,3007.74,2021-08-06,Yes
P01137,Grocery,Rice,Daawat,DaawatRiceMax,558,514.81,43.19,2021-02-15,Yes
P01138,Fashion,Women's Wear,Zara,ZaraWomen's WearPremium,1513,1033.95,479.05,2021-01-20,Yes
P01139,Electronics,Laptops,Asus,AsusLaptopsMax,179534,143640.5,35893.5,2026-06-01,Yes
P01140,Grocery,Beverages,7UP,7UPBeveragesPremium,965,830.28,134.72,2023-03-12,Yes
P01141,Grocery,Beverages,7UP,7UPBeveragesElite,1182,1028.45,153.55,2021-01-20,Yes
P01142,Fashion,Footwear,Skechers,SkechersFootwearMax,10022,4601.01,5420.99,2019-05-14,Yes
P01143,Electronics,Laptops,Dell,DellLaptopsPlus,67981,59494.2,8486.8,2024-11-19,Yes
P01144,Grocery,Beverages,7UP,7UPBeveragesPremium,1346,1176.44,169.56,2020-07-05,Yes
P01145,Electronics,Smartphones,Samsung,SamsungSmartphonesPremium,54541,44131.32,10409.68,2022-08-20,Yes
P01146,Electronics,Laptops,Acer,AcerLaptopsStandard,8868,7225.02,1642.98,2024-02-21,Yes
P01147,Grocery,Rice,Daawat,DaawatRiceStandard,194,180.34,13.66,2025-08-26,Yes
P01148,Fashion,Men's Wear,Allen Solly,Allen SollyMen's WearPlus,5237,3518.02,1718.98,2019-03-12,Yes
P01149,Fashion,Women's Wear,Biba,BibaWomen's WearPlus,11634,4854.75,6779.25,2024-01-30,Yes
P01150,Fashion,Men's Wear,Van Heusen,Van HeusenMen's WearElite,6285,3650.13,2634.87,2020-08-22,Yes
P01151,Grocery,Cooking Oil,Saffola,SaffolaCooking OilPro,132,114.34,17.66,2021-04-10,Yes
P01152,Electronics,Televisions,TCL,TCLTelevisionsMax,187510,162083.81,25426.19,2023-03-20,Yes
P01153,Fashion,Footwear,Puma,PumaFootwearMax,10886,5194.25,5691.75,2019-09-23,Yes
P01154,Fashion,Men's Wear,Allen Solly,Allen SollyMen's WearMax,10926,4879.85,6046.15,2022-06-27,Yes
P01155,Grocery,Rice,Daawat,DaawatRiceStandard,536,491.84,44.16,2020-03-02,Yes
P01156,Fashion,Men's Wear,US Polo,US PoloMen's WearPremium,11855,7102.66,4752.34,2020-07-16,Yes
P01157,Fashion,Footwear,Skechers,SkechersFootwearElite,11295,6186.81,5108.19,2023-02-19,Yes
P01158,Fashion,Men's Wear,US Polo,US PoloMen's WearPro,4869,2002.99,2866.01,2025-07-26,Yes
P01159,Fashion,Men's Wear,Van Heusen,Van HeusenMen's WearPlus,6386,4327.83,2058.17,2025-02-26,Yes
P01160,Grocery,Rice,Fortune,FortuneRicePlus,1075,948.97,126.03,2025-05-04,Yes
P01161,Grocery,Cooking Oil,Fortune,FortuneCooking OilPro,1262,1102.29,159.71,2026-01-09,Yes
P01162,Electronics,Laptops,Asus,AsusLaptopsPro,115374,99362.7,16011.3,2021-03-13,Yes
P01163,Fashion,Men's Wear,US Polo,US PoloMen's WearPremium,624,387.86,236.14,2018-12-02,Yes
P01164,Fashion,Women's Wear,Biba,BibaWomen's WearPremium,14873,10330.33,4542.67,2023-09-15,No
P01165,Grocery,Beverages,Sprite,SpriteBeveragesPlus,635,581.1,53.9,2023-03-22,Yes
P01166,Electronics,Smartphones,OnePlus,OnePlusSmartphonesPremium,132743,113285.82,19457.18,2024-01-08,Yes
P01167,Electronics,Laptops,Asus,AsusLaptopsPremium,100334,89892.27,10441.73,2022-09-15,Yes
P01168,Fashion,Footwear,Nike,NikeFootwearPlus,12301,5790.82,6510.18,2019-08-27,Yes
P01169,Grocery,Cooking Oil,Dhara,DharaCooking OilPremium,584,532.83,51.17,2018-11-22,Yes
P01170,Grocery,Cooking Oil,Fortune,FortuneCooking OilStandard,1339,1237.4,101.6,2020-03-07,Yes
P01171,Grocery,Rice,Fortune,FortuneRicePro,1500,1394.63,105.37,2019-06-16,Yes
P01172,Grocery,Beverages,7UP,7UPBeveragesStandard,1853,1624.13,228.87,2026-04-25,Yes
P01173,Fashion,Men's Wear,Van Heusen,Van HeusenMen's WearStandard,12034,6392.97,5641.03,2022-01-21,Yes
P01174,Grocery,Beverages,Pepsi,PepsiBeveragesElite,708,607.24,100.76,2022-08-24,Yes
P01175,Electronics,Smartphones,Apple,AppleSmartphonesPro,13911,12244.29,1666.71,2018-08-16,Yes
P01176,Fashion,Men's Wear,Louis Philippe,Louis PhilippeMen's WearMax,2996,1460.5,1535.5,2020-03-08,Yes
P01177,Grocery,Cooking Oil,Fortune,FortuneCooking OilElite,782,674.41,107.59,2019-12-10,Yes
P01178,Electronics,Televisions,Samsung,SamsungTelevisionsPro,166878,142012.11,24865.89,2024-03-31,Yes
P01179,Electronics,Televisions,TCL,TCLTelevisionsPro,52891,45709.34,7181.66,2022-08-01,Yes
P01180,Fashion,Women's Wear,W,WWomen's WearMax,1423,939.87,483.13,2024-07-15,Yes
P01181,Grocery,Cooking Oil,Saffola,SaffolaCooking OilStandard,172,158.76,13.24,2019-10-11,Yes
P01182,Fashion,Footwear,Adidas,AdidasFootwearPlus,8210,4594.77,3615.23,2019-12-29,Yes
P01183,Fashion,Women's Wear,H&M,H&MWomen's WearPlus,7361,4482.26,2878.74,2024-01-13,Yes
P01184,Grocery,Rice,India Gate,India GateRiceStandard,682,600.8,81.2,2022-06-18,Yes
P01185,Electronics,Smartphones,Apple,AppleSmartphonesPremium,70332,58422.2,11909.8,2022-08-31,Yes
P01186,Grocery,Rice,Fortune,FortuneRicePremium,539,492.64,46.36,2024-08-09,Yes
P01187,Grocery,Beverages,Sprite,SpriteBeveragesPro,1860,1609.88,250.12,2026-05-28,Yes
P01188,Electronics,Laptops,Asus,AsusLaptopsPlus,164844,140381.13,24462.87,2022-03-20,Yes
P01189,Electronics,Laptops,Lenovo,LenovoLaptopsMax,1528,1356.53,171.47,2019-08-25,Yes
P01190,Fashion,Footwear,Adidas,AdidasFootwearElite,7061,4911.15,2149.85,2021-05-10,Yes
P01191,Fashion,Men's Wear,US Polo,US PoloMen's WearMax,4671,1908.69,2762.31,2023-03-22,Yes
P01192,Fashion,Women's Wear,Zara,ZaraWomen's WearPlus,11873,7021.36,4851.64,2025-10-16,Yes
P01193,Grocery,Beverages,Coca-Cola,Coca-ColaBeveragesStandard,773,731.53,41.47,2026-04-04,Yes
P01194,Grocery,Rice,Fortune,FortuneRiceElite,1293,1155.72,137.28,2020-10-13,Yes
P01195,Electronics,Televisions,Sony,SonyTelevisionsElite,122931,100920.37,22010.63,2020-11-14,Yes
P01196,Electronics,Televisions,Panasonic,PanasonicTelevisionsPlus,70018,59893.53,10124.47,2024-09-03,Yes
P01197,Fashion,Men's Wear,Allen Solly,Allen SollyMen's WearPremium,3608,2109.38,1498.62,2019-03-20,Yes
P01198,Electronics,Laptops,Acer,AcerLaptopsMax,117519,101314.87,16204.13,2021-03-17,Yes
P01199,Grocery,Beverages,Pepsi,PepsiBeveragesPro,934,810.52,123.48,2018-09-23,Yes
P01200,Grocery,Cooking Oil,Dhara,DharaCooking OilElite,908,781.24,126.76,2021-01-05,Yes
P01201,Electronics,Televisions,Samsung,SamsungTelevisionsPlus,105053,85404.69,19648.31,2023-04-24,Yes
P01202,Fashion,Footwear,Puma,PumaFootwearPlus,7997,4560.81,3436.19,2020-06-18,Yes
P01203,Fashion,Men's Wear,Allen Solly,Allen SollyMen's WearPlus,9680,4430.58,5249.42,2023-12-26,Yes
P01204,Grocery,Beverages,7UP,7UPBeveragesStandard,1338,1241.42,96.58,2020-06-29,Yes
P01205,Grocery,Cooking Oil,Saffola,SaffolaCooking OilElite,1480,1396.14,83.86,2022-10-04,Yes
P01206,Fashion,Women's Wear,W,WWomen's WearPlus,14230,8241.49,5988.51,2024-08-20,Yes
P01207,Fashion,Footwear,Nike,NikeFootwearMax,544,233.58,310.42,2025-09-26,Yes
P01208,Electronics,Smartphones,Motorola,MotorolaSmartphonesPro,141642,127036.76,14605.24,2024-06-02,Yes
P01209,Grocery,Cooking Oil,Fortune,FortuneCooking OilMax,1943,1760.04,182.96,2023-10-11,Yes
P01210,Grocery,Beverages,Sprite,SpriteBeveragesPlus,685,618.29,66.71,2018-12-22,Yes
P01211,Grocery,Beverages,Sprite,SpriteBeveragesMax,775,709.33,65.67,2022-08-12,No
P01212,Electronics,Laptops,Dell,DellLaptopsElite,178204,158766.64,19437.36,2021-03-08,Yes
P01213,Grocery,Beverages,Coca-Cola,Coca-ColaBeveragesPlus,140,129.59,10.41,2019-09-02,Yes
P01214,Grocery,Cooking Oil,Saffola,SaffolaCooking OilPremium,1002,906.55,95.45,2020-07-24,Yes
P01215,Grocery,Cooking Oil,Saffola,SaffolaCooking OilPremium,1787,1554.83,232.17,2020-03-23,Yes
P01216,Fashion,Women's Wear,H&M,H&MWomen's WearPro,7692,3398.87,4293.13,2024-07-08,Yes
P01217,Electronics,Televisions,Sony,SonyTelevisionsPro,86612,77470.93,9141.07,2020-04-20,Yes
P01218,Grocery,Beverages,7UP,7UPBeveragesPro,791,699.63,91.37,2021-08-07,Yes
P01219,Electronics,Smartphones,Samsung,SamsungSmartphonesPremium,172983,145035.74,27947.26,2022-06-05,Yes
P01220,Electronics,Smartphones,Apple,AppleSmartphonesPremium,129950,106455.13,23494.87,2025-10-15,Yes
P01221,Grocery,Cooking Oil,Fortune,FortuneCooking OilElite,753,650.91,102.09,2022-08-26,Yes
P01222,Fashion,Men's Wear,Allen Solly,Allen SollyMen's WearStandard,6887,4392.62,2494.38,2019-11-24,Yes
P01223,Grocery,Beverages,7UP,7UPBeveragesPremium,1084,925.23,158.77,2020-10-12,Yes
P01224,Grocery,Beverages,Fanta,FantaBeveragesElite,1263,1185.48,77.52,2020-04-05,Yes
P01225,Fashion,Men's Wear,Louis Philippe,Louis PhilippeMen's WearMax,12369,6328.76,6040.24,2023-05-04,Yes
P01226,Electronics,Televisions,TCL,TCLTelevisionsElite,36905,29674.45,7230.55,2019-08-19,Yes
P01227,Electronics,Smartphones,Apple,AppleSmartphonesPremium,57414,48464.42,8949.58,2021-07-07,Yes
P01228,Electronics,Laptops,HP,HPLaptopsPremium,146236,130491.59,15744.41,2022-04-17,No
P01229,Electronics,Televisions,TCL,TCLTelevisionsStandard,166483,143288.9,23194.1,2019-02-18,Yes
P01230,Electronics,Smartphones,Apple,AppleSmartphonesPremium,76333,61378.65,14954.35,2024-01-28,Yes
P01231,Electronics,Laptops,Acer,AcerLaptopsPlus,20212,17157.9,3054.1,2023-01-17,Yes
P01232,Grocery,Beverages,Coca-Cola,Coca-ColaBeveragesStandard,818,752.97,65.03,2019-02-15,Yes
P01233,Fashion,Women's Wear,H&M,H&MWomen's WearStandard,7445,4211.24,3233.76,2018-11-24,Yes
P01234,Electronics,Smartphones,Samsung,SamsungSmartphonesPro,99133,79844.59,19288.41,2018-11-21,Yes
P01235,Electronics,Televisions,LG,LGTelevisionsPro,17778,14373.67,3404.33,2024-07-25,Yes
P01236,Fashion,Footwear,Skechers,SkechersFootwearStandard,7190,3101.95,4088.05,2020-07-07,Yes
P01237,Fashion,Footwear,Adidas,AdidasFootwearPro,13082,7932.82,5149.18,2020-01-07,Yes
P01238,Electronics,Laptops,Asus,AsusLaptopsPremium,190973,165682.5,25290.5,2020-11-03,Yes
P01239,Electronics,Smartphones,Samsung,SamsungSmartphonesPlus,85381,71795.87,13585.13,2022-06-07,Yes
P01240,Fashion,Women's Wear,Global Desi,Global DesiWomen's WearMax,2923,1347.14,1575.86,2022-12-01,No
P01241,Fashion,Men's Wear,Louis Philippe,Louis PhilippeMen's WearElite,306,175.69,130.31,2023-08-19,Yes
P01242,Fashion,Women's Wear,Global Desi,Global DesiWomen's WearPremium,8292,4083.78,4208.22,2024-04-08,Yes
P01243,Electronics,Televisions,LG,LGTelevisionsElite,118585,101226.88,17358.12,2022-07-10,Yes
P01244,Electronics,Smartphones,OnePlus,OnePlusSmartphonesElite,190037,155207.88,34829.12,2019-10-02,Yes
P01245,Grocery,Cooking Oil,Dhara,DharaCooking OilPro,635,595.4,39.6,2025-12-29,Yes
P01246,Electronics,Televisions,Panasonic,PanasonicTelevisionsPlus,146706,118145.38,28560.62,2019-04-19,Yes
P01247,Fashion,Footwear,Skechers,SkechersFootwearMax,9103,3950.77,5152.23,2024-05-10,Yes
P01248,Fashion,Men's Wear,Levi's,Levi'sMen's WearPremium,9077,5277.31,3799.69,2020-06-03,Yes
P01249,Fashion,Men's Wear,US Polo,US PoloMen's WearPro,9954,6277.25,3676.75,2020-04-29,Yes
P01250,Grocery,Beverages,Sprite,SpriteBeveragesElite,1889,1649.83,239.17,2024-11-21,Yes
P01251,Electronics,Laptops,Asus,AsusLaptopsPro,42461,36605.89,5855.11,2023-01-10,Yes
P01252,Grocery,Beverages,Sprite,SpriteBeveragesPremium,1372,1271.66,100.34,2019-12-22,Yes
P01253,Electronics,Televisions,Samsung,SamsungTelevisionsMax,100727,89006.6,11720.4,2024-03-18,Yes
P01254,Electronics,Laptops,Dell,DellLaptopsPro,183377,147627.36,35749.64,2019-08-10,Yes
P01255,Fashion,Footwear,Puma,PumaFootwearPremium,2697,1433.77,1263.23,2023-04-27,Yes
P01256,Grocery,Cooking Oil,Saffola,SaffolaCooking OilPlus,519,455.65,63.35,2023-03-25,Yes
P01257,Grocery,Cooking Oil,Fortune,FortuneCooking OilPro,1588,1398.06,189.94,2024-06-15,Yes
P01258,Electronics,Laptops,Lenovo,LenovoLaptopsPro,184736,161349.95,23386.05,2022-09-27,Yes
P01259,Electronics,Smartphones,Google,GoogleSmartphonesElite,139958,118462.02,21495.98,2022-10-19,Yes
P01260,Grocery,Cooking Oil,Saffola,SaffolaCooking OilStandard,1019,914.5,104.5,2019-05-23,Yes
P01261,Fashion,Footwear,Bata,BataFootwearStandard,608,361.56,246.44,2024-12-23,Yes
P01262,Fashion,Women's Wear,H&M,H&MWomen's WearPremium,6203,3909.82,2293.18,2019-09-10,Yes
P01263,Fashion,Women's Wear,W,WWomen's WearStandard,7152,3521.27,3630.73,2025-03-28,Yes
P01264,Fashion,Women's Wear,Zara,ZaraWomen's WearMax,6773,3387.23,3385.77,2024-09-27,Yes
P01265,Electronics,Televisions,Panasonic,PanasonicTelevisionsPremium,21480,19215.56,2264.44,2022-07-19,Yes
P01266,Grocery,Beverages,7UP,7UPBeveragesPlus,1183,1107.81,75.19,2022-02-14,Yes
P01267,Fashion,Women's Wear,Global Desi,Global DesiWomen's WearElite,10434,6104.42,4329.58,2022-06-22,Yes
P01268,Grocery,Cooking Oil,Saffola,SaffolaCooking OilElite,1030,953.61,76.39,2026-01-03,Yes
P01269,Fashion,Women's Wear,H&M,H&MWomen's WearStandard,11109,5323.69,5785.31,2020-06-06,Yes
P01270,Fashion,Men's Wear,Louis Philippe,Louis PhilippeMen's WearStandard,5653,2437.27,3215.73,2020-05-15,Yes
P01271,Electronics,Laptops,Acer,AcerLaptopsPro,1829,1541.77,287.23,2020-07-27,Yes
P01272,Grocery,Cooking Oil,Dhara,DharaCooking OilPlus,1031,962.39,68.61,2025-03-21,Yes
P01273,Electronics,Televisions,Samsung,SamsungTelevisionsStandard,157000,138493.6,18506.4,2025-02-19,Yes
P01274,Fashion,Men's Wear,US Polo,US PoloMen's WearElite,7016,2985.7,4030.3,2024-10-04,Yes
P01275,Fashion,Women's Wear,Biba,BibaWomen's WearMax,9512,6617.17,2894.83,2026-01-02,Yes
P01276,Electronics,Televisions,Panasonic,PanasonicTelevisionsPlus,114792,102527.89,12264.11,2021-09-28,Yes
P01277,Grocery,Beverages,Fanta,FantaBeveragesStandard,1449,1242.8,206.2,2018-10-10,Yes
P01278,Electronics,Smartphones,Samsung,SamsungSmartphonesPro,61159,52232.69,8926.31,2020-11-12,Yes
P01279,Electronics,Televisions,LG,LGTelevisionsStandard,99772,84905.19,14866.81,2020-10-31,Yes
P01280,Fashion,Footwear,Bata,BataFootwearPlus,1934,818.06,1115.94,2020-08-22,Yes
P01281,Electronics,Laptops,Acer,AcerLaptopsPro,87931,78978.52,8952.48,2020-03-01,Yes
P01282,Fashion,Women's Wear,W,WWomen's WearMax,7586,4317.81,3268.19,2021-01-21,Yes
P01283,Grocery,Cooking Oil,Fortune,FortuneCooking OilPlus,1972,1871.51,100.49,2024-05-27,Yes
P01284,Electronics,Televisions,Panasonic,PanasonicTelevisionsStandard,171253,138723.83,32529.17,2022-11-14,Yes
P01285,Fashion,Women's Wear,Biba,BibaWomen's WearElite,14528,9549.38,4978.62,2025-12-06,Yes
P01286,Electronics,Televisions,TCL,TCLTelevisionsStandard,184844,159924.03,24919.97,2020-11-01,Yes
P01287,Electronics,Laptops,Acer,AcerLaptopsElite,136134,113625.94,22508.06,2020-12-04,Yes
P01288,Grocery,Rice,Fortune,FortuneRicePlus,451,401.54,49.46,2026-06-26,Yes
P01289,Grocery,Cooking Oil,Dhara,DharaCooking OilPlus,1211,1145.91,65.09,2025-12-14,Yes
P01290,Grocery,Cooking Oil,Dhara,DharaCooking OilMax,930,825.18,104.82,2023-11-16,Yes
P01291,Fashion,Men's Wear,Louis Philippe,Louis PhilippeMen's WearStandard,1246,799.74,446.26,2018-12-07,Yes
P01292,Electronics,Smartphones,Google,GoogleSmartphonesStandard,13349,11419.09,1929.91,2026-07-29,Yes
P01293,Grocery,Beverages,Sprite,SpriteBeveragesMax,1858,1734.07,123.93,2022-07-04,Yes
P01294,Fashion,Footwear,Skechers,SkechersFootwearPlus,4998,2761.34,2236.66,2019-06-12,Yes
P01295,Fashion,Footwear,Bata,BataFootwearPremium,13516,6684.28,6831.72,2018-10-18,Yes
P01296,Electronics,Laptops,Dell,DellLaptopsElite,125848,108786.56,17061.44,2020-04-21,Yes
P01297,Fashion,Footwear,Nike,NikeFootwearPlus,1460,906.86,553.14,2024-11-13,Yes
P01298,Grocery,Cooking Oil,Fortune,FortuneCooking OilStandard,645,577.21,67.79,2022-05-27,Yes
P01299,Fashion,Women's Wear,H&M,H&MWomen's WearPremium,9028,4652.75,4375.25,2022-02-11,Yes
P01300,Electronics,Laptops,Lenovo,LenovoLaptopsPlus,126969,107555.24,19413.76,2024-05-28,Yes
P01301,Electronics,Televisions,Sony,SonyTelevisionsStandard,48927,40040.98,8886.02,2021-06-30,Yes
P01302,Electronics,Televisions,Sony,SonyTelevisionsElite,110855,89880.48,20974.52,2021-06-23,Yes
P01303,Electronics,Smartphones,Motorola,MotorolaSmartphonesMax,102565,88710.07,13854.93,2024-07-05,Yes
P01304,Electronics,Laptops,Asus,AsusLaptopsPremium,188079,153070.45,35008.55,2024-03-05,Yes
P01305,Electronics,Laptops,Lenovo,LenovoLaptopsStandard,119561,99799.72,19761.28,2021-10-06,Yes
P01306,Electronics,Smartphones,Samsung,SamsungSmartphonesMax,28555,25301.3,3253.7,2020-05-12,Yes
P01307,Grocery,Rice,India Gate,India GateRicePlus,1736,1569.74,166.26,2025-09-29,Yes
P01308,Electronics,Smartphones,Samsung,SamsungSmartphonesMax,61651,51977.72,9673.28,2024-12-20,Yes
P01309,Grocery,Cooking Oil,Fortune,FortuneCooking OilPlus,843,797.29,45.71,2023-06-17,Yes
P01310,Grocery,Rice,Daawat,DaawatRicePremium,507,467.18,39.82,2021-07-08,Yes
P01311,Grocery,Beverages,Sprite,SpriteBeveragesPremium,397,337.97,59.03,2023-06-16,Yes
P01312,Fashion,Footwear,Adidas,AdidasFootwearPremium,5040,2524.45,2515.55,2020-12-17,Yes
P01313,Grocery,Rice,India Gate,India GateRicePremium,1012,879.31,132.69,2020-06-02,Yes
P01314,Grocery,Cooking Oil,Fortune,FortuneCooking OilMax,1315,1140.38,174.62,2019-02-25,Yes
P01315,Electronics,Laptops,Lenovo,LenovoLaptopsElite,29228,24787.49,4440.51,2021-05-16,Yes
P01316,Grocery,Rice,India Gate,India GateRicePremium,886,760.68,125.32,2021-09-24,Yes
P01317,Fashion,Footwear,Nike,NikeFootwearPro,13809,8841.07,4967.93,2022-10-22,Yes
P01318,Fashion,Men's Wear,Allen Solly,Allen SollyMen's WearMax,1863,833.28,1029.72,2024-07-12,Yes
P01319,Fashion,Women's Wear,Biba,BibaWomen's WearPlus,12177,5438.23,6738.77,2026-04-08,Yes
P01320,Grocery,Rice,Fortune,FortuneRicePro,1003,888.89,114.11,2022-04-07,Yes
P01321,Grocery,Cooking Oil,Saffola,SaffolaCooking OilPlus,96,89.86,6.14,2024-02-09,Yes
P01322,Grocery,Beverages,Sprite,SpriteBeveragesPremium,1243,1094.96,148.04,2025-08-12,Yes
P01323,Electronics,Smartphones,OnePlus,OnePlusSmartphonesMax,71822,57815.86,14006.14,2019-01-19,Yes
P01324,Electronics,Televisions,Sony,SonyTelevisionsPremium,198857,162376.58,36480.42,2023-10-12,Yes
P01325,Fashion,Women's Wear,H&M,H&MWomen's WearElite,3766,2456.68,1309.32,2020-06-19,Yes
P01326,Grocery,Rice,Fortune,FortuneRicePro,1292,1098.98,193.02,2019-05-11,Yes
P01327,Electronics,Televisions,LG,LGTelevisionsPremium,57991,48226.88,9764.12,2020-07-27,Yes
P01328,Grocery,Beverages,Pepsi,PepsiBeveragesMax,735,678.23,56.77,2024-01-07,Yes
P01329,Grocery,Cooking Oil,Dhara,DharaCooking OilPro,1354,1173.93,180.07,2022-01-25,Yes
P01330,Electronics,Televisions,Samsung,SamsungTelevisionsMax,97244,84382.97,12861.03,2022-05-12,Yes
P01331,Grocery,Cooking Oil,Dhara,DharaCooking OilStandard,1016,891.58,124.42,2020-12-15,Yes
P01332,Fashion,Women's Wear,Zara,ZaraWomen's WearPlus,12300,8068.64,4231.36,2021-08-15,Yes
P01333,Grocery,Cooking Oil,Saffola,SaffolaCooking OilPremium,260,222.01,37.99,2022-04-18,Yes
P01334,Fashion,Footwear,Skechers,SkechersFootwearPro,5392,3708.27,1683.73,2021-02-22,Yes
P01335,Electronics,Televisions,Panasonic,PanasonicTelevisionsMax,193027,171344.12,21682.88,2022-04-05,Yes
P01336,Fashion,Women's Wear,Biba,BibaWomen's WearMax,11564,6293.06,5270.94,2024-02-18,Yes
P01337,Electronics,Televisions,TCL,TCLTelevisionsStandard,53288,46873.87,6414.13,2021-12-21,Yes
P01338,Fashion,Footwear,Nike,NikeFootwearPremium,11998,4803.96,7194.04,2018-09-13,Yes
P01339,Grocery,Rice,Fortune,FortuneRiceElite,1832,1627.74,204.26,2024-11-03,Yes
P01340,Grocery,Beverages,Sprite,SpriteBeveragesPremium,352,326.55,25.45,2025-09-17,Yes
P01341,Grocery,Beverages,7UP,7UPBeveragesPremium,1894,1615.25,278.75,2023-08-12,Yes
P01342,Electronics,Laptops,Lenovo,LenovoLaptopsMax,10363,8320.84,2042.16,2022-07-25,Yes
P01343,Fashion,Footwear,Puma,PumaFootwearStandard,3753,2459.55,1293.45,2023-02-23,Yes
P01344,Fashion,Women's Wear,Zara,ZaraWomen's WearPro,9541,4902.11,4638.89,2024-08-26,Yes
P01345,Fashion,Men's Wear,Levi's,Levi'sMen's WearPlus,5382,3503.0,1879.0,2025-09-26,Yes
P01346,Electronics,Smartphones,Google,GoogleSmartphonesElite,86578,74037.47,12540.53,2026-03-30,Yes
P01347,Grocery,Cooking Oil,Saffola,SaffolaCooking OilStandard,748,644.52,103.48,2020-04-05,Yes
P01348,Grocery,Rice,India Gate,India GateRicePremium,1694,1502.01,191.99,2020-04-26,Yes
P01349,Electronics,Televisions,Samsung,SamsungTelevisionsStandard,26295,22318.3,3976.7,2022-06-20,Yes
P01350,Electronics,Televisions,Panasonic,PanasonicTelevisionsPro,18939,16117.28,2821.72,2021-06-26,Yes
P01351,Grocery,Rice,Fortune,FortuneRicePremium,367,335.74,31.26,2024-05-20,Yes
P01352,Grocery,Rice,India Gate,India GateRiceStandard,951,871.65,79.35,2026-02-20,Yes
P01353,Electronics,Televisions,Panasonic,PanasonicTelevisionsElite,172505,149615.37,22889.63,2019-08-16,Yes
P01354,Electronics,Televisions,Panasonic,PanasonicTelevisionsPro,103131,88391.98,14739.02,2022-02-11,Yes
P01355,Electronics,Smartphones,Samsung,SamsungSmartphonesPremium,44482,39724.3,4757.7,2020-06-09,Yes
P01356,Electronics,Smartphones,Motorola,MotorolaSmartphonesPlus,62903,52392.37,10510.63,2026-04-21,Yes
P01357,Fashion,Men's Wear,Levi's,Levi'sMen's WearElite,11091,7047.0,4044.0,2026-05-15,No
P01358,Electronics,Televisions,TCL,TCLTelevisionsMax,174559,148334.81,26224.19,2023-12-08,Yes
P01359,Electronics,Smartphones,Google,GoogleSmartphonesPro,19089,15448.74,3640.26,2019-05-20,Yes
P01360,Fashion,Footwear,Bata,BataFootwearMax,3873,1949.05,1923.95,2023-05-06,Yes
P01361,Grocery,Rice,Daawat,DaawatRiceStandard,308,276.31,31.69,2022-06-13,Yes
P01362,Fashion,Women's Wear,H&M,H&MWomen's WearPremium,12154,6637.66,5516.34,2020-11-03,Yes
P01363,Electronics,Televisions,LG,LGTelevisionsPremium,25104,21281.21,3822.79,2021-09-12,Yes
P01364,Fashion,Footwear,Adidas,AdidasFootwearPremium,1043,462.3,580.7,2025-08-20,Yes
P01365,Grocery,Cooking Oil,Saffola,SaffolaCooking OilPlus,1477,1384.35,92.65,2022-01-18,Yes
P01366,Electronics,Smartphones,Google,GoogleSmartphonesMax,47228,40385.98,6842.02,2020-05-13,Yes
P01367,Grocery,Cooking Oil,Saffola,SaffolaCooking OilMax,1342,1229.51,112.49,2026-04-16,Yes
P01368,Grocery,Beverages,Pepsi,PepsiBeveragesMax,84,76.31,7.69,2021-06-17,Yes
P01369,Electronics,Laptops,Lenovo,LenovoLaptopsElite,141764,114482.01,27281.99,2022-10-23,Yes
P01370,Fashion,Women's Wear,Zara,ZaraWomen's WearPremium,4206,2828.23,1377.77,2026-05-31,Yes
P01371,Grocery,Cooking Oil,Fortune,FortuneCooking OilPro,39,36.54,2.46,2024-08-20,Yes
P01372,Fashion,Footwear,Puma,PumaFootwearElite,3576,2246.71,1329.29,2024-05-14,Yes
P01373,Fashion,Women's Wear,H&M,H&MWomen's WearPro,12224,8343.64,3880.36,2022-09-09,Yes
P01374,Grocery,Cooking Oil,Dhara,DharaCooking OilElite,1399,1221.58,177.42,2023-10-11,Yes
P01375,Electronics,Televisions,LG,LGTelevisionsElite,71463,60849.27,10613.73,2022-02-03,Yes
P01376,Grocery,Rice,Daawat,DaawatRiceStandard,1357,1201.1,155.9,2019-01-05,Yes
P01377,Fashion,Footwear,Nike,NikeFootwearMax,14958,7033.75,7924.25,2023-08-13,Yes
P01378,Electronics,Laptops,Acer,AcerLaptopsStandard,59828,53710.32,6117.68,2023-09-15,Yes
P01379,Fashion,Women's Wear,H&M,H&MWomen's WearStandard,2074,890.71,1183.29,2026-04-25,Yes
P01380,Grocery,Rice,Daawat,DaawatRiceMax,1162,1000.04,161.96,2018-09-15,Yes
P01381,Grocery,Cooking Oil,Saffola,SaffolaCooking OilPlus,259,228.05,30.95,2021-01-18,Yes
P01382,Grocery,Rice,India Gate,India GateRiceElite,269,249.64,19.36,2020-09-24,Yes
P01383,Fashion,Women's Wear,H&M,H&MWomen's WearPlus,3181,1630.69,1550.31,2021-03-22,Yes
P01384,Fashion,Footwear,Skechers,SkechersFootwearPlus,1426,903.8,522.2,2024-04-06,Yes
P01385,Electronics,Smartphones,Motorola,MotorolaSmartphonesPro,126924,107713.23,19210.77,2022-04-09,Yes
P01386,Grocery,Rice,India Gate,India GateRicePremium,550,514.56,35.44,2023-05-18,Yes
P01387,Fashion,Men's Wear,Van Heusen,Van HeusenMen's WearElite,9219,5471.32,3747.68,2024-06-22,Yes
P01388,Fashion,Men's Wear,Van Heusen,Van HeusenMen's WearElite,14418,6552.15,7865.85,2024-07-16,Yes
P01389,Fashion,Footwear,Bata,BataFootwearPremium,2587,1567.64,1019.36,2023-12-21,Yes
P01390,Fashion,Men's Wear,Allen Solly,Allen SollyMen's WearMax,13360,8809.03,4550.97,2021-08-29,Yes
P01391,Fashion,Women's Wear,Global Desi,Global DesiWomen's WearMax,12647,6441.34,6205.66,2022-03-28,Yes
P01392,Electronics,Laptops,Asus,AsusLaptopsElite,21742,18812.81,2929.19,2022-06-27,Yes
P01393,Fashion,Men's Wear,Levi's,Levi'sMen's WearStandard,3686,1503.45,2182.55,2025-08-02,Yes
P01394,Fashion,Women's Wear,W,WWomen's WearElite,5802,2928.4,2873.6,2021-06-03,Yes
P01395,Electronics,Televisions,Sony,SonyTelevisionsPlus,122771,99976.2,22794.8,2020-08-11,Yes
P01396,Electronics,Smartphones,Google,GoogleSmartphonesStandard,47872,38324.26,9547.74,2020-09-08,Yes
P01397,Fashion,Men's Wear,Louis Philippe,Louis PhilippeMen's WearMax,8897,5026.72,3870.28,2024-05-25,Yes
P01398,Grocery,Beverages,Pepsi,PepsiBeveragesMax,432,404.64,27.36,2019-05-07,Yes
P01399,Electronics,Televisions,TCL,TCLTelevisionsMax,185927,156010.17,29916.83,2024-08-12,Yes
P01400,Electronics,Smartphones,Google,GoogleSmartphonesPremium,19372,17385.21,1986.79,2019-06-20,Yes
P01401,Fashion,Footwear,Nike,NikeFootwearStandard,5173,2759.57,2413.43,2023-06-14,Yes
P01402,Grocery,Beverages,Pepsi,PepsiBeveragesStandard,247,218.93,28.07,2020-05-02,Yes
P01403,Electronics,Laptops,Acer,AcerLaptopsStandard,7089,6018.28,1070.72,2024-08-03,Yes
P01404,Electronics,Laptops,Lenovo,LenovoLaptopsElite,102912,88448.15,14463.85,2020-03-27,Yes
P01405,Electronics,Laptops,Lenovo,LenovoLaptopsPlus,84992,75432.27,9559.73,2022-04-29,Yes
P01406,Grocery,Cooking Oil,Dhara,DharaCooking OilMax,615,576.72,38.28,2021-08-02,Yes
P01407,Grocery,Beverages,7UP,7UPBeveragesMax,1997,1832.67,164.33,2022-04-11,Yes
P01408,Electronics,Laptops,HP,HPLaptopsPremium,193635,156872.31,36762.69,2023-12-11,Yes
P01409,Grocery,Beverages,Fanta,FantaBeveragesStandard,1529,1447.77,81.23,2020-11-19,Yes
P01410,Grocery,Cooking Oil,Dhara,DharaCooking OilPlus,1461,1373.43,87.57,2024-05-15,Yes
P01411,Grocery,Beverages,Coca-Cola,Coca-ColaBeveragesMax,1048,923.16,124.84,2024-02-24,Yes
P01412,Electronics,Televisions,LG,LGTelevisionsPro,125025,111359.78,13665.22,2024-09-23,Yes
P01413,Electronics,Laptops,Asus,AsusLaptopsStandard,5833,4842.8,990.2,2022-07-23,Yes
P01414,Fashion,Men's Wear,Levi's,Levi'sMen's WearPremium,10112,5546.94,4565.06,2019-03-30,Yes
P01415,Electronics,Smartphones,Motorola,MotorolaSmartphonesPremium,16491,14635.99,1855.01,2026-06-18,Yes
P01416,Grocery,Beverages,Fanta,FantaBeveragesMax,63,58.95,4.05,2021-07-16,Yes
P01417,Grocery,Beverages,Pepsi,PepsiBeveragesPro,238,217.08,20.92,2022-12-19,Yes
P01418,Fashion,Women's Wear,Biba,BibaWomen's WearPlus,12854,8694.86,4159.14,2020-04-25,Yes
P01419,Electronics,Smartphones,Motorola,MotorolaSmartphonesElite,41174,34929.79,6244.21,2023-01-13,Yes
P01420,Fashion,Men's Wear,Levi's,Levi'sMen's WearStandard,8971,5580.69,3390.31,2020-06-17,Yes
P01421,Fashion,Men's Wear,Van Heusen,Van HeusenMen's WearElite,13197,6638.1,6558.9,2023-04-13,Yes
P01422,Electronics,Televisions,Sony,SonyTelevisionsElite,96314,78982.66,17331.34,2020-09-20,Yes
P01423,Fashion,Footwear,Bata,BataFootwearElite,8925,6043.06,2881.94,2025-04-01,Yes
P01424,Grocery,Beverages,Sprite,SpriteBeveragesPremium,301,265.24,35.76,2023-11-15,Yes
P01425,Fashion,Men's Wear,US Polo,US PoloMen's WearPro,8552,5463.2,3088.8,2021-05-03,Yes
P01426,Electronics,Laptops,Asus,AsusLaptopsPro,33302,27421.25,5880.75,2021-06-15,Yes
P01427,Grocery,Cooking Oil,Saffola,SaffolaCooking OilMax,1625,1533.91,91.09,2025-06-11,Yes
P01428,Fashion,Men's Wear,Levi's,Levi'sMen's WearElite,7930,4261.84,3668.16,2021-04-30,Yes
P01429,Electronics,Laptops,Lenovo,LenovoLaptopsPlus,179678,159159.79,20518.21,2021-09-22,Yes
P01430,Fashion,Footwear,Adidas,AdidasFootwearPlus,11128,6816.51,4311.49,2024-09-21,Yes
P01431,Electronics,Laptops,Lenovo,LenovoLaptopsStandard,56892,48743.87,8148.13,2019-12-08,Yes
P01432,Electronics,Smartphones,Samsung,SamsungSmartphonesPremium,31939,26050.17,5888.83,2025-08-02,Yes
P01433,Grocery,Cooking Oil,Fortune,FortuneCooking OilPlus,1513,1288.53,224.47,2025-05-14,Yes
P01434,Electronics,Televisions,Sony,SonyTelevisionsStandard,186831,158336.21,28494.79,2025-06-22,Yes
P01435,Fashion,Men's Wear,Levi's,Levi'sMen's WearElite,13268,7153.22,6114.78,2021-11-07,Yes
P01436,Fashion,Women's Wear,Global Desi,Global DesiWomen's WearPro,11052,6161.05,4890.95,2024-04-18,Yes
P01437,Grocery,Rice,Daawat,DaawatRicePremium,939,811.71,127.29,2026-07-04,Yes
P01438,Grocery,Beverages,7UP,7UPBeveragesMax,417,361.91,55.09,2020-07-25,Yes
P01439,Electronics,Laptops,Lenovo,LenovoLaptopsPro,134280,119778.03,14501.97,2020-05-30,Yes
P01440,Electronics,Smartphones,Apple,AppleSmartphonesPremium,185693,158360.73,27332.27,2022-05-01,Yes
P01441,Fashion,Men's Wear,Van Heusen,Van HeusenMen's WearPro,5389,2159.43,3229.57,2022-12-24,Yes
P01442,Electronics,Laptops,Acer,AcerLaptopsStandard,87988,74152.21,13835.79,2021-12-21,Yes
P01443,Electronics,Televisions,Panasonic,PanasonicTelevisionsMax,58564,47682.67,10881.33,2019-01-16,Yes
P01444,Fashion,Women's Wear,Zara,ZaraWomen's WearPlus,2625,1089.01,1535.99,2020-01-25,Yes
P01445,Grocery,Rice,Daawat,DaawatRiceMax,515,465.77,49.23,2022-10-21,Yes
P01446,Fashion,Women's Wear,Biba,BibaWomen's WearPremium,5555,2960.29,2594.71,2024-10-16,Yes
P01447,Fashion,Women's Wear,Biba,BibaWomen's WearMax,5125,3054.1,2070.9,2023-11-29,Yes
P01448,Fashion,Men's Wear,US Polo,US PoloMen's WearMax,12569,8227.27,4341.73,2024-08-05,Yes
P01449,Fashion,Men's Wear,Allen Solly,Allen SollyMen's WearPro,1192,511.53,680.47,2023-02-14,Yes
P01450,Grocery,Rice,Daawat,DaawatRiceStandard,442,417.24,24.76,2025-06-06,Yes
P01451,Grocery,Cooking Oil,Fortune,FortuneCooking OilPlus,439,389.4,49.6,2019-09-16,Yes
P01452,Electronics,Televisions,Sony,SonyTelevisionsPlus,85632,76140.74,9491.26,2021-06-25,Yes
P01453,Grocery,Beverages,Fanta,FantaBeveragesElite,1916,1665.12,250.88,2021-05-29,Yes
P01454,Electronics,Televisions,TCL,TCLTelevisionsPlus,15358,13492.71,1865.29,2022-10-04,Yes
P01455,Fashion,Women's Wear,H&M,H&MWomen's WearPremium,938,376.19,561.81,2023-01-28,Yes
P01456,Grocery,Rice,Daawat,DaawatRiceMax,982,875.33,106.67,2024-12-20,Yes
P01457,Electronics,Laptops,Lenovo,LenovoLaptopsPlus,82992,67414.57,15577.43,2019-02-12,Yes
P01458,Grocery,Rice,India Gate,India GateRicePlus,151,140.94,10.06,2020-07-26,Yes
P01459,Grocery,Cooking Oil,Dhara,DharaCooking OilPlus,1364,1273.08,90.92,2024-01-10,Yes
P01460,Electronics,Laptops,Acer,AcerLaptopsMax,129081,106505.95,22575.05,2025-08-11,Yes
P01461,Fashion,Men's Wear,Van Heusen,Van HeusenMen's WearStandard,6273,3715.13,2557.87,2023-07-20,Yes
P01462,Electronics,Laptops,Dell,DellLaptopsMax,34981,28629.65,6351.35,2024-04-23,Yes
P01463,Fashion,Men's Wear,Allen Solly,Allen SollyMen's WearMax,13484,6181.22,7302.78,2022-07-27,Yes
P01464,Grocery,Beverages,Sprite,SpriteBeveragesStandard,874,758.57,115.43,2026-06-16,Yes
P01465,Fashion,Women's Wear,W,WWomen's WearElite,2792,1430.6,1361.4,2019-08-24,Yes
P01466,Electronics,Laptops,Asus,AsusLaptopsPro,95955,81473.95,14481.05,2026-07-03,No
P01467,Fashion,Women's Wear,H&M,H&MWomen's WearPlus,9242,3806.26,5435.74,2019-01-22,Yes
P01468,Fashion,Footwear,Puma,PumaFootwearStandard,2573,1052.41,1520.59,2021-07-22,Yes
P01469,Electronics,Laptops,Asus,AsusLaptopsStandard,174251,156662.61,17588.39,2019-01-30,Yes
P01470,Grocery,Cooking Oil,Dhara,DharaCooking OilElite,154,143.97,10.03,2022-06-30,Yes
P01471,Electronics,Smartphones,Apple,AppleSmartphonesElite,96967,80630.56,16336.44,2022-08-01,Yes
P01472,Electronics,Laptops,Dell,DellLaptopsPlus,126811,103455.03,23355.97,2018-11-26,Yes
P01473,Grocery,Beverages,Pepsi,PepsiBeveragesPlus,1598,1413.97,184.03,2026-05-02,Yes
P01474,Grocery,Cooking Oil,Fortune,FortuneCooking OilStandard,1579,1374.44,204.56,2026-06-22,Yes
P01475,Grocery,Rice,India Gate,India GateRicePro,865,796.82,68.18,2020-04-20,Yes
P01476,Fashion,Men's Wear,Van Heusen,Van HeusenMen's WearPremium,7446,4535.08,2910.92,2019-04-21,Yes
P01477,Fashion,Men's Wear,Allen Solly,Allen SollyMen's WearPro,11819,5746.6,6072.4,2021-09-29,Yes
P01478,Grocery,Beverages,Pepsi,PepsiBeveragesStandard,53,49.61,3.39,2018-12-09,Yes
P01479,Grocery,Rice,India Gate,India GateRicePremium,1480,1318.36,161.64,2023-03-08,Yes
P01480,Electronics,Smartphones,Apple,AppleSmartphonesStandard,167717,137845.01,29871.99,2022-03-11,No
P01481,Grocery,Cooking Oil,Saffola,SaffolaCooking OilPro,920,850.46,69.54,2020-12-04,Yes
P01482,Electronics,Smartphones,Apple,AppleSmartphonesElite,103668,86651.98,17016.02,2020-07-22,Yes
P01483,Electronics,Smartphones,Google,GoogleSmartphonesPro,187035,166083.49,20951.51,2019-10-27,Yes
P01484,Electronics,Laptops,Dell,DellLaptopsPremium,190860,164616.18,26243.82,2023-11-05,Yes
P01485,Electronics,Laptops,Asus,AsusLaptopsPlus,187817,164887.03,22929.97,2023-11-06,Yes
P01486,Grocery,Beverages,Sprite,SpriteBeveragesMax,1311,1217.61,93.39,2023-03-07,Yes
P01487,Fashion,Women's Wear,Biba,BibaWomen's WearPlus,9869,5748.13,4120.87,2023-02-12,Yes
P01488,Fashion,Footwear,Bata,BataFootwearPlus,5146,2153.67,2992.33,2020-09-02,Yes
P01489,Grocery,Rice,India Gate,India GateRicePremium,914,857.39,56.61,2019-03-22,Yes
P01490,Fashion,Women's Wear,Global Desi,Global DesiWomen's WearPro,5732,3196.11,2535.89,2023-09-12,Yes
P01491,Electronics,Smartphones,Samsung,SamsungSmartphonesPro,140574,125391.66,15182.34,2024-12-24,Yes
P01492,Electronics,Smartphones,Motorola,MotorolaSmartphonesMax,172459,139004.51,33454.49,2021-03-26,Yes
P01493,Grocery,Beverages,7UP,7UPBeveragesMax,1106,1035.6,70.4,2024-02-04,Yes
P01494,Electronics,Smartphones,Samsung,SamsungSmartphonesPro,126597,112131.85,14465.15,2024-11-17,Yes
P01495,Electronics,Televisions,Panasonic,PanasonicTelevisionsPro,4878,4253.11,624.89,2020-04-01,Yes
P01496,Grocery,Rice,Fortune,FortuneRicePlus,879,832.18,46.82,2024-03-08,Yes
P01497,Grocery,Rice,Fortune,FortuneRiceMax,1831,1601.05,229.95,2024-06-05,Yes
P01498,Fashion,Women's Wear,Global Desi,Global DesiWomen's WearPro,1501,819.29,681.71,2020-07-05,Yes
P01499,Fashion,Women's Wear,W,WWomen's WearMax,14805,6831.34,7973.66,2026-07-15,Yes
P01500,Fashion,Footwear,Bata,BataFootwearElite,3909,1988.19,1920.81,2023-08-13,Yes
P01501,Electronics,Smartphones,Motorola,MotorolaSmartphonesPremium,155524,127390.73,28133.27,2020-04-03,Yes
P01502,Fashion,Footwear,Nike,NikeFootwearPro,11913,6921.48,4991.52,2022-09-19,Yes
P01503,Fashion,Women's Wear,Biba,BibaWomen's WearElite,8090,3239.04,4850.96,2024-12-19,Yes
P01504,Grocery,Cooking Oil,Dhara,DharaCooking OilPlus,1147,1064.22,82.78,2021-02-26,Yes
P01505,Fashion,Footwear,Nike,NikeFootwearMax,4338,1928.59,2409.41,2025-10-25,Yes
P01506,Grocery,Rice,Daawat,DaawatRicePlus,1490,1310.09,179.91,2020-08-06,Yes
P01507,Electronics,Laptops,Lenovo,LenovoLaptopsPremium,165338,141781.38,23556.62,2022-01-02,Yes
P01508,Fashion,Women's Wear,Global Desi,Global DesiWomen's WearStandard,9230,6229.64,3000.36,2024-05-14,Yes
P01509,Fashion,Men's Wear,Levi's,Levi'sMen's WearPlus,9198,5829.85,3368.15,2023-05-15,Yes
P01510,Electronics,Laptops,Asus,AsusLaptopsStandard,166432,140882.14,25549.86,2021-12-12,Yes
P01511,Grocery,Beverages,7UP,7UPBeveragesElite,318,295.89,22.11,2024-09-23,Yes
P01512,Fashion,Women's Wear,H&M,H&MWomen's WearPlus,1692,902.91,789.09,2022-09-20,Yes
P01513,Electronics,Smartphones,OnePlus,OnePlusSmartphonesStandard,122093,100350.24,21742.76,2022-11-11,Yes
P01514,Electronics,Televisions,Samsung,SamsungTelevisionsMax,41773,33573.76,8199.24,2019-03-29,Yes
P01515,Grocery,Beverages,Coca-Cola,Coca-ColaBeveragesMax,1838,1705.57,132.43,2023-09-06,Yes
P01516,Electronics,Smartphones,Samsung,SamsungSmartphonesPro,24045,20833.65,3211.35,2020-07-10,Yes
P01517,Electronics,Televisions,TCL,TCLTelevisionsPremium,38330,32639.76,5690.24,2019-06-16,Yes
P01518,Grocery,Rice,Daawat,DaawatRicePro,1297,1199.02,97.98,2019-11-09,Yes
P01519,Electronics,Laptops,Acer,AcerLaptopsMax,119677,102941.46,16735.54,2024-11-30,Yes
P01520,Fashion,Footwear,Bata,BataFootwearPro,14097,9575.49,4521.51,2020-06-10,Yes
P01521,Electronics,Smartphones,Google,GoogleSmartphonesPro,5151,4466.74,684.26,2019-03-03,Yes
P01522,Fashion,Footwear,Adidas,AdidasFootwearPro,13334,7469.68,5864.32,2021-08-05,Yes
P01523,Grocery,Beverages,Sprite,SpriteBeveragesElite,1272,1158.95,113.05,2019-09-02,Yes
P01524,Fashion,Women's Wear,Zara,ZaraWomen's WearElite,14030,6117.48,7912.52,2023-04-19,Yes
P01525,Grocery,Beverages,Sprite,SpriteBeveragesPro,1333,1252.23,80.77,2024-12-13,Yes
P01526,Fashion,Women's Wear,Zara,ZaraWomen's WearPremium,2251,1334.04,916.96,2021-06-04,Yes
P01527,Grocery,Beverages,Pepsi,PepsiBeveragesElite,877,766.52,110.48,2020-01-26,Yes
P01528,Grocery,Rice,Fortune,FortuneRiceMax,604,566.19,37.81,2020-02-23,Yes
P01529,Fashion,Men's Wear,Levi's,Levi'sMen's WearPro,3638,2473.03,1164.97,2026-05-26,Yes
P01530,Fashion,Women's Wear,W,WWomen's WearPro,4046,2272.8,1773.2,2025-09-02,Yes
P01531,Electronics,Televisions,TCL,TCLTelevisionsStandard,37244,32338.9,4905.1,2022-10-16,Yes
P01532,Electronics,Televisions,Sony,SonyTelevisionsMax,20560,17781.58,2778.42,2019-09-29,Yes
P01533,Fashion,Women's Wear,H&M,H&MWomen's WearPlus,8475,5375.88,3099.12,2024-07-21,Yes
P01534,Electronics,Laptops,Dell,DellLaptopsStandard,86609,75287.66,11321.34,2019-04-27,Yes
P01535,Fashion,Men's Wear,Allen Solly,Allen SollyMen's WearStandard,12992,7317.32,5674.68,2022-09-23,Yes
P01536,Fashion,Men's Wear,Allen Solly,Allen SollyMen's WearPlus,6676,2919.48,3756.52,2026-02-18,Yes
P01537,Grocery,Beverages,Pepsi,PepsiBeveragesPremium,1305,1208.39,96.61,2019-06-02,Yes
P01538,Grocery,Beverages,Coca-Cola,Coca-ColaBeveragesElite,1696,1448.37,247.63,2020-03-07,Yes
P01539,Grocery,Beverages,Pepsi,PepsiBeveragesPremium,1853,1655.98,197.02,2022-12-18,Yes
P01540,Fashion,Men's Wear,Allen Solly,Allen SollyMen's WearMax,10025,4625.48,5399.52,2025-03-12,Yes
P01541,Electronics,Laptops,Lenovo,LenovoLaptopsPlus,187263,151577.7,35685.3,2024-03-07,Yes
P01542,Grocery,Beverages,Fanta,FantaBeveragesPlus,1362,1282.36,79.64,2020-02-08,Yes
P01543,Fashion,Men's Wear,Van Heusen,Van HeusenMen's WearPremium,2849,1233.27,1615.73,2025-05-13,Yes
P01544,Grocery,Beverages,Sprite,SpriteBeveragesStandard,312,270.78,41.22,2019-08-30,Yes
P01545,Grocery,Rice,India Gate,India GateRiceElite,471,443.69,27.31,2020-10-07,Yes
P01546,Electronics,Smartphones,Motorola,MotorolaSmartphonesElite,71855,59061.23,12793.77,2020-07-14,Yes
P01547,Grocery,Beverages,Fanta,FantaBeveragesPro,1382,1271.96,110.04,2022-08-21,Yes
P01548,Electronics,Televisions,Sony,SonyTelevisionsMax,130083,108056.87,22026.13,2022-06-27,Yes
P01549,Fashion,Footwear,Skechers,SkechersFootwearPlus,14020,8625.71,5394.29,2024-12-02,Yes
P01550,Electronics,Televisions,Sony,SonyTelevisionsPremium,174996,156915.33,18080.67,2020-06-06,Yes
P01551,Grocery,Rice,Fortune,FortuneRiceMax,1801,1635.64,165.36,2025-07-04,Yes
P01552,Electronics,Laptops,Acer,AcerLaptopsPlus,15407,13103.54,2303.46,2021-12-15,Yes
P01553,Electronics,Televisions,Samsung,SamsungTelevisionsStandard,41568,35331.57,6236.43,2023-06-01,Yes
P01554,Electronics,Smartphones,Samsung,SamsungSmartphonesPremium,107877,91129.97,16747.03,2019-05-13,Yes
P01555,Electronics,Smartphones,Motorola,MotorolaSmartphonesPremium,25676,20683.96,4992.04,2024-03-29,Yes
P01556,Fashion,Men's Wear,Van Heusen,Van HeusenMen's WearElite,8395,3627.88,4767.12,2024-04-26,Yes
P01557,Electronics,Televisions,LG,LGTelevisionsElite,87253,75599.07,11653.93,2023-04-26,Yes
P01558,Grocery,Beverages,7UP,7UPBeveragesPlus,425,374.18,50.82,2023-05-15,Yes
P01559,Electronics,Laptops,Acer,AcerLaptopsMax,124022,109240.4,14781.6,2024-05-18,Yes
P01560,Fashion,Footwear,Bata,BataFootwearPlus,11749,6216.93,5532.07,2026-05-18,Yes
P01561,Grocery,Rice,India Gate,India GateRicePlus,287,263.19,23.81,2024-05-15,Yes
P01562,Electronics,Televisions,Sony,SonyTelevisionsPremium,143240,118082.17,25157.83,2024-09-11,Yes
P01563,Fashion,Men's Wear,Allen Solly,Allen SollyMen's WearElite,7555,3684.56,3870.44,2025-10-07,Yes
P01564,Electronics,Televisions,LG,LGTelevisionsPlus,134120,114080.35,20039.65,2019-03-23,Yes
P01565,Grocery,Cooking Oil,Saffola,SaffolaCooking OilPlus,335,285.57,49.43,2026-07-08,Yes
P01566,Grocery,Rice,India Gate,India GateRiceStandard,698,631.82,66.18,2019-09-06,Yes
P01567,Electronics,Laptops,Dell,DellLaptopsElite,123784,104318.08,19465.92,2025-09-11,Yes
P01568,Fashion,Footwear,Adidas,AdidasFootwearStandard,474,244.82,229.18,2021-12-20,Yes
P01569,Electronics,Smartphones,Motorola,MotorolaSmartphonesPlus,134042,118559.54,15482.46,2024-08-31,Yes
P01570,Grocery,Cooking Oil,Saffola,SaffolaCooking OilElite,1677,1577.66,99.34,2019-06-19,Yes
P01571,Grocery,Rice,India Gate,India GateRiceMax,1565,1447.79,117.21,2022-06-13,Yes
P01572,Fashion,Men's Wear,US Polo,US PoloMen's WearMax,4266,2947.84,1318.16,2019-04-16,Yes
P01573,Electronics,Televisions,Samsung,SamsungTelevisionsStandard,164023,144219.41,19803.59,2024-08-26,Yes
P01574,Electronics,Laptops,Lenovo,LenovoLaptopsPremium,195249,173365.88,21883.12,2018-08-06,Yes
P01575,Electronics,Smartphones,Google,GoogleSmartphonesStandard,174431,156065.16,18365.84,2018-09-18,Yes
P01576,Electronics,Laptops,Asus,AsusLaptopsPro,190584,169274.8,21309.2,2024-03-05,Yes
P01577,Grocery,Beverages,Fanta,FantaBeveragesMax,1762,1614.94,147.06,2024-04-24,Yes
P01578,Grocery,Rice,Daawat,DaawatRiceMax,1485,1329.04,155.96,2024-05-13,Yes
P01579,Grocery,Beverages,Fanta,FantaBeveragesStandard,1755,1541.64,213.36,2025-12-18,Yes
P01580,Electronics,Televisions,Sony,SonyTelevisionsMax,51177,41137.03,10039.97,2021-09-03,Yes
P01581,Grocery,Rice,Daawat,DaawatRicePremium,1257,1156.56,100.44,2020-02-01,Yes
P01582,Grocery,Rice,Fortune,FortuneRiceMax,448,403.91,44.09,2024-08-25,Yes
P01583,Electronics,Televisions,Samsung,SamsungTelevisionsStandard,114850,98708.89,16141.11,2025-06-11,Yes
P01584,Fashion,Women's Wear,W,WWomen's WearPlus,10937,5141.05,5795.95,2022-08-25,Yes
P01585,Electronics,Smartphones,Google,GoogleSmartphonesElite,114184,102601.28,11582.72,2020-03-27,Yes
P01586,Fashion,Women's Wear,H&M,H&MWomen's WearElite,6508,4506.85,2001.15,2020-03-11,Yes
P01587,Electronics,Televisions,TCL,TCLTelevisionsPlus,163423,141781.29,21641.71,2022-04-18,Yes
P01588,Electronics,Laptops,Dell,DellLaptopsPro,141399,115947.13,25451.87,2021-07-22,Yes
P01589,Grocery,Rice,India Gate,India GateRicePlus,844,749.04,94.96,2019-05-30,Yes
P01590,Grocery,Cooking Oil,Saffola,SaffolaCooking OilPlus,1082,1004.81,77.19,2019-05-14,Yes
P01591,Electronics,Smartphones,Apple,AppleSmartphonesMax,121521,108245.59,13275.41,2023-04-09,Yes
P01592,Fashion,Men's Wear,Allen Solly,Allen SollyMen's WearPro,3461,1936.54,1524.46,2019-12-07,Yes
P01593,Electronics,Smartphones,Motorola,MotorolaSmartphonesPro,15293,13438.66,1854.34,2019-08-31,Yes
P01594,Fashion,Footwear,Puma,PumaFootwearPro,5598,2659.18,2938.82,2022-03-24,Yes
P01595,Grocery,Cooking Oil,Saffola,SaffolaCooking OilMax,1935,1732.21,202.79,2019-08-15,Yes
P01596,Grocery,Beverages,Pepsi,PepsiBeveragesStandard,512,464.46,47.54,2021-03-27,Yes
P01597,Grocery,Rice,Daawat,DaawatRiceElite,875,751.87,123.13,2024-10-17,Yes
P01598,Electronics,Smartphones,Motorola,MotorolaSmartphonesMax,65302,55339.94,9962.06,2019-04-26,Yes
P01599,Fashion,Men's Wear,Levi's,Levi'sMen's WearPlus,9553,4592.35,4960.65,2020-11-29,Yes
P01600,Electronics,Laptops,Asus,AsusLaptopsPremium,62185,54146.45,8038.55,2020-07-26,Yes
P01601,Grocery,Rice,Fortune,FortuneRicePremium,1044,938.21,105.79,2018-08-10,Yes
P01602,Fashion,Women's Wear,Global Desi,Global DesiWomen's WearPlus,6937,4338.87,2598.13,2022-01-11,Yes
P01603,Fashion,Women's Wear,W,WWomen's WearElite,13620,6736.86,6883.14,2024-03-30,Yes
P01604,Grocery,Beverages,Sprite,SpriteBeveragesPro,536,484.43,51.57,2022-01-16,Yes
P01605,Fashion,Footwear,Puma,PumaFootwearPlus,4812,2542.78,2269.22,2019-07-20,Yes
P01606,Electronics,Smartphones,OnePlus,OnePlusSmartphonesElite,119998,104027.3,15970.7,2023-11-07,Yes
P01607,Electronics,Televisions,Sony,SonyTelevisionsPremium,117785,102171.9,15613.1,2026-06-28,Yes
P01608,Fashion,Footwear,Skechers,SkechersFootwearPremium,9923,6420.16,3502.84,2019-10-09,Yes
P01609,Fashion,Women's Wear,Zara,ZaraWomen's WearPremium,11908,6610.04,5297.96,2020-06-12,Yes
P01610,Fashion,Footwear,Nike,NikeFootwearMax,11475,4757.09,6717.91,2021-08-25,Yes
P01611,Grocery,Rice,Daawat,DaawatRiceMax,1522,1379.27,142.73,2022-02-09,Yes
P01612,Fashion,Footwear,Skechers,SkechersFootwearElite,5049,2224.9,2824.1,2020-10-16,Yes
P01613,Grocery,Beverages,Sprite,SpriteBeveragesPlus,1120,981.81,138.19,2021-10-16,Yes
P01614,Grocery,Rice,Daawat,DaawatRicePro,1278,1089.02,188.98,2025-05-02,Yes
P01615,Electronics,Smartphones,Google,GoogleSmartphonesElite,159425,135826.9,23598.1,2025-09-05,Yes
P01616,Electronics,Laptops,Dell,DellLaptopsPremium,194022,171275.16,22746.84,2023-06-17,Yes
P01617,Grocery,Rice,Daawat,DaawatRiceStandard,1321,1136.27,184.73,2019-11-20,Yes
P01618,Electronics,Televisions,Panasonic,PanasonicTelevisionsElite,163493,136224.19,27268.81,2025-08-28,Yes
P01619,Grocery,Beverages,Coca-Cola,Coca-ColaBeveragesElite,408,368.5,39.5,2026-04-21,Yes
P01620,Electronics,Televisions,LG,LGTelevisionsPremium,175285,144419.48,30865.52,2021-11-20,Yes
P01621,Grocery,Cooking Oil,Dhara,DharaCooking OilPlus,1500,1386.09,113.91,2025-04-04,Yes
P01622,Fashion,Men's Wear,Louis Philippe,Louis PhilippeMen's WearElite,6872,3902.45,2969.55,2024-08-18,Yes
P01623,Grocery,Rice,India Gate,India GateRiceElite,1648,1560.8,87.2,2022-04-13,Yes
P01624,Grocery,Rice,Daawat,DaawatRicePlus,1974,1770.04,203.96,2018-10-20,Yes
P01625,Grocery,Cooking Oil,Saffola,SaffolaCooking OilPlus,718,654.24,63.76,2021-08-16,Yes
P01626,Grocery,Rice,India Gate,India GateRicePremium,1355,1232.7,122.3,2020-09-18,Yes
P01627,Electronics,Smartphones,Motorola,MotorolaSmartphonesElite,43428,37498.6,5929.4,2020-10-17,Yes
P01628,Grocery,Beverages,Coca-Cola,Coca-ColaBeveragesMax,1900,1800.39,99.61,2019-05-21,Yes
P01629,Grocery,Beverages,Coca-Cola,Coca-ColaBeveragesPlus,1142,1057.97,84.03,2026-02-10,Yes
P01630,Electronics,Laptops,HP,HPLaptopsPlus,93168,78957.77,14210.23,2025-03-11,Yes
P01631,Electronics,Smartphones,Samsung,SamsungSmartphonesPro,13304,11877.57,1426.43,2022-06-09,Yes
P01632,Grocery,Beverages,7UP,7UPBeveragesPlus,1819,1689.51,129.49,2025-05-24,Yes
P01633,Electronics,Televisions,LG,LGTelevisionsPro,50212,42264.5,7947.5,2024-11-28,Yes
P01634,Grocery,Rice,Fortune,FortuneRicePro,215,203.15,11.85,2019-04-18,Yes
P01635,Fashion,Women's Wear,Biba,BibaWomen's WearPremium,7663,5213.48,2449.52,2021-05-16,Yes
P01636,Fashion,Women's Wear,Biba,BibaWomen's WearPlus,5182,3558.39,1623.61,2021-04-06,Yes
P01637,Fashion,Footwear,Adidas,AdidasFootwearPlus,734,393.99,340.01,2023-03-11,Yes
P01638,Electronics,Smartphones,Samsung,SamsungSmartphonesPro,131942,114080.87,17861.13,2025-05-13,Yes
P01639,Electronics,Televisions,LG,LGTelevisionsStandard,178698,145726.79,32971.21,2024-07-18,Yes
P01640,Grocery,Cooking Oil,Fortune,FortuneCooking OilElite,1885,1640.45,244.55,2022-01-13,Yes
P01641,Fashion,Footwear,Adidas,AdidasFootwearStandard,13673,9147.76,4525.24,2021-09-26,Yes
P01642,Fashion,Men's Wear,Louis Philippe,Louis PhilippeMen's WearPlus,12796,7759.45,5036.55,2023-07-12,Yes
P01643,Electronics,Laptops,Lenovo,LenovoLaptopsMax,164629,136407.83,28221.17,2020-02-13,Yes
P01644,Electronics,Laptops,Lenovo,LenovoLaptopsPlus,48788,39701.13,9086.87,2022-10-09,Yes
P01645,Electronics,Smartphones,Apple,AppleSmartphonesPremium,171263,143011.75,28251.25,2023-07-21,Yes
P01646,Fashion,Men's Wear,Levi's,Levi'sMen's WearPremium,13231,8892.06,4338.94,2025-09-02,Yes
P01647,Grocery,Rice,Daawat,DaawatRicePlus,507,473.34,33.66,2020-04-02,Yes
P01648,Fashion,Women's Wear,H&M,H&MWomen's WearMax,9188,5121.63,4066.37,2020-01-09,Yes
P01649,Fashion,Footwear,Puma,PumaFootwearMax,13945,8944.32,5000.68,2019-07-09,Yes
P01650,Electronics,Laptops,Lenovo,LenovoLaptopsElite,142482,122501.39,19980.61,2022-07-04,Yes
P01651,Fashion,Men's Wear,Louis Philippe,Louis PhilippeMen's WearStandard,4399,2767.45,1631.55,2020-03-26,Yes
P01652,Grocery,Beverages,Coca-Cola,Coca-ColaBeveragesStandard,1815,1552.06,262.94,2022-08-26,Yes
P01653,Grocery,Beverages,Sprite,SpriteBeveragesPremium,767,706.81,60.19,2020-06-23,Yes
P01654,Fashion,Footwear,Bata,BataFootwearPlus,8070,3507.06,4562.94,2024-08-05,Yes
P01655,Grocery,Cooking Oil,Dhara,DharaCooking OilPremium,617,526.51,90.49,2022-05-27,Yes
P01656,Fashion,Men's Wear,Levi's,Levi'sMen's WearStandard,5715,3644.21,2070.79,2024-11-16,Yes
P01657,Fashion,Men's Wear,Levi's,Levi'sMen's WearPro,12754,7352.55,5401.45,2023-09-01,Yes
P01658,Grocery,Beverages,Pepsi,PepsiBeveragesPremium,254,233.23,20.77,2026-01-20,Yes
P01659,Grocery,Cooking Oil,Saffola,SaffolaCooking OilStandard,1197,1094.49,102.51,2024-01-04,Yes
P01660,Fashion,Women's Wear,Zara,ZaraWomen's WearPremium,1918,951.96,966.04,2023-12-04,Yes
P01661,Electronics,Laptops,HP,HPLaptopsStandard,96536,83160.56,13375.44,2023-03-28,Yes
P01662,Grocery,Beverages,7UP,7UPBeveragesStandard,782,719.44,62.56,2020-08-15,Yes
P01663,Electronics,Televisions,LG,LGTelevisionsPlus,46593,38470.78,8122.22,2024-11-29,Yes
P01664,Electronics,Laptops,Asus,AsusLaptopsPlus,45569,37011.44,8557.56,2023-12-09,Yes
P01665,Electronics,Televisions,Panasonic,PanasonicTelevisionsPremium,24229,20032.41,4196.59,2026-05-08,Yes
P01666,Electronics,Smartphones,Apple,AppleSmartphonesMax,146565,119632.82,26932.18,2024-07-24,Yes
P01667,Grocery,Cooking Oil,Dhara,DharaCooking OilMax,559,520.01,38.99,2019-02-24,Yes
P01668,Grocery,Rice,India Gate,India GateRiceElite,1427,1238.76,188.24,2021-04-28,Yes
P01669,Electronics,Laptops,Acer,AcerLaptopsElite,59406,48127.9,11278.1,2021-10-12,Yes
P01670,Electronics,Televisions,Samsung,SamsungTelevisionsElite,27695,23012.76,4682.24,2023-09-23,Yes
P01671,Fashion,Footwear,Nike,NikeFootwearPlus,10505,4725.02,5779.98,2019-07-21,Yes
P01672,Grocery,Cooking Oil,Saffola,SaffolaCooking OilMax,1909,1769.75,139.25,2026-03-14,Yes
P01673,Grocery,Cooking Oil,Dhara,DharaCooking OilElite,1134,981.66,152.34,2023-04-24,Yes
P01674,Grocery,Cooking Oil,Fortune,FortuneCooking OilElite,1714,1499.96,214.04,2019-09-27,Yes
P01675,Fashion,Men's Wear,US Polo,US PoloMen's WearElite,2723,1431.79,1291.21,2025-05-16,Yes
P01676,Electronics,Televisions,Sony,SonyTelevisionsMax,14498,11669.23,2828.77,2025-12-18,Yes
P01677,Electronics,Smartphones,Apple,AppleSmartphonesMax,3558,3065.27,492.73,2026-04-19,Yes
P01678,Electronics,Televisions,TCL,TCLTelevisionsPro,164634,133412.4,31221.6,2018-11-26,Yes
P01679,Fashion,Men's Wear,Louis Philippe,Louis PhilippeMen's WearPro,4843,3332.5,1510.5,2018-12-04,Yes
P01680,Grocery,Rice,India Gate,India GateRicePlus,1049,922.32,126.68,2021-08-10,Yes
P01681,Fashion,Women's Wear,Zara,ZaraWomen's WearStandard,12426,5266.94,7159.06,2021-10-08,Yes
P01682,Fashion,Men's Wear,US Polo,US PoloMen's WearElite,11426,6368.59,5057.41,2022-11-18,Yes
P01683,Grocery,Rice,Fortune,FortuneRicePlus,727,625.62,101.38,2018-10-07,Yes
P01684,Fashion,Women's Wear,Biba,BibaWomen's WearStandard,6204,3402.28,2801.72,2023-08-03,Yes
P01685,Fashion,Men's Wear,Levi's,Levi'sMen's WearPro,11893,6619.94,5273.06,2023-07-15,Yes
P01686,Electronics,Televisions,Panasonic,PanasonicTelevisionsMax,195782,167519.21,28262.79,2021-09-09,Yes
P01687,Electronics,Televisions,Sony,SonyTelevisionsPlus,121351,97710.79,23640.21,2019-05-16,Yes
P01688,Fashion,Footwear,Adidas,AdidasFootwearMax,13091,5357.21,7733.79,2024-08-10,Yes
P01689,Electronics,Laptops,HP,HPLaptopsMax,156099,131239.0,24860.0,2020-06-09,Yes
P01690,Fashion,Footwear,Adidas,AdidasFootwearMax,9817,6413.15,3403.85,2023-03-24,Yes
P01691,Electronics,Televisions,LG,LGTelevisionsMax,86734,75821.65,10912.35,2019-08-06,Yes
P01692,Electronics,Smartphones,Motorola,MotorolaSmartphonesPro,25005,20607.03,4397.97,2019-06-19,Yes
P01693,Electronics,Televisions,Samsung,SamsungTelevisionsStandard,92295,73845.41,18449.59,2026-01-24,Yes
P01694,Grocery,Beverages,Coca-Cola,Coca-ColaBeveragesPremium,253,235.17,17.83,2019-09-16,Yes
P01695,Electronics,Televisions,LG,LGTelevisionsElite,148758,128021.27,20736.73,2025-09-07,Yes
P01696,Fashion,Women's Wear,Zara,ZaraWomen's WearPremium,5173,2476.33,2696.67,2021-03-16,Yes
P01697,Grocery,Rice,Fortune,FortuneRicePremium,484,450.25,33.75,2023-06-02,Yes
P01698,Fashion,Men's Wear,US Polo,US PoloMen's WearPremium,1804,965.62,838.38,2022-08-13,Yes
P01699,Fashion,Footwear,Skechers,SkechersFootwearStandard,12942,6846.83,6095.17,2020-09-04,Yes
P01700,Fashion,Footwear,Puma,PumaFootwearPro,864,423.35,440.65,2019-12-25,Yes
P01701,Electronics,Smartphones,OnePlus,OnePlusSmartphonesPro,190326,153329.7,36996.3,2025-11-05,Yes
P01702,Grocery,Rice,India Gate,India GateRicePlus,936,847.26,88.74,2022-03-09,Yes
P01703,Fashion,Women's Wear,Global Desi,Global DesiWomen's WearStandard,8168,3499.46,4668.54,2023-09-16,Yes
P01704,Fashion,Women's Wear,W,WWomen's WearStandard,5777,3166.12,2610.88,2024-06-13,Yes
P01705,Electronics,Laptops,Lenovo,LenovoLaptopsPremium,187783,154920.1,32862.9,2021-02-02,Yes
P01706,Electronics,Televisions,TCL,TCLTelevisionsPremium,64843,56520.41,8322.59,2019-03-18,Yes
P01707,Electronics,Laptops,Acer,AcerLaptopsMax,51880,44810.78,7069.22,2024-09-22,Yes
P01708,Fashion,Footwear,Skechers,SkechersFootwearMax,12720,5431.56,7288.44,2023-05-25,Yes
P01709,Grocery,Cooking Oil,Fortune,FortuneCooking OilStandard,269,242.51,26.49,2019-04-22,Yes
P01710,Fashion,Footwear,Skechers,SkechersFootwearMax,3781,1712.37,2068.63,2021-01-14,Yes
P01711,Fashion,Men's Wear,Levi's,Levi'sMen's WearMax,11448,6585.7,4862.3,2021-10-12,Yes
P01712,Electronics,Smartphones,Samsung,SamsungSmartphonesStandard,198169,173635.67,24533.33,2019-09-01,Yes
P01713,Fashion,Women's Wear,W,WWomen's WearStandard,8003,4422.47,3580.53,2022-07-05,Yes
P01714,Grocery,Cooking Oil,Saffola,SaffolaCooking OilPro,466,413.17,52.83,2020-01-24,Yes
P01715,Fashion,Men's Wear,Van Heusen,Van HeusenMen's WearPro,13548,8447.44,5100.56,2026-03-02,Yes
P01716,Electronics,Smartphones,Apple,AppleSmartphonesStandard,62256,49973.87,12282.13,2023-05-15,Yes
P01717,Electronics,Laptops,Acer,AcerLaptopsMax,117062,102797.18,14264.82,2023-05-20,Yes
P01718,Fashion,Men's Wear,US Polo,US PoloMen's WearStandard,11561,6928.52,4632.48,2022-11-11,Yes
P01719,Fashion,Men's Wear,Louis Philippe,Louis PhilippeMen's WearPremium,14169,7686.43,6482.57,2025-03-20,Yes
P01720,Fashion,Men's Wear,Levi's,Levi'sMen's WearPremium,12984,7969.12,5014.88,2026-02-10,Yes
P01721,Grocery,Beverages,Sprite,SpriteBeveragesElite,1320,1134.93,185.07,2024-04-02,Yes
P01722,Fashion,Women's Wear,Zara,ZaraWomen's WearPlus,9626,4465.49,5160.51,2020-03-21,Yes
P01723,Electronics,Laptops,Lenovo,LenovoLaptopsStandard,123368,99271.78,24096.22,2023-07-13,Yes
P01724,Electronics,Smartphones,Apple,AppleSmartphonesMax,159753,130196.63,29556.37,2025-07-10,Yes
P01725,Fashion,Women's Wear,Biba,BibaWomen's WearPremium,8001,3755.56,4245.44,2019-10-08,Yes
P01726,Electronics,Laptops,HP,HPLaptopsPro,50831,44390.23,6440.77,2019-08-13,Yes
P01727,Grocery,Cooking Oil,Saffola,SaffolaCooking OilPlus,810,732.14,77.86,2022-02-26,Yes
P01728,Grocery,Beverages,7UP,7UPBeveragesPremium,87,81.05,5.95,2020-04-25,Yes
P01729,Fashion,Men's Wear,Allen Solly,Allen SollyMen's WearPlus,9528,4016.77,5511.23,2020-11-16,Yes
P01730,Grocery,Rice,Fortune,FortuneRicePlus,489,457.11,31.89,2025-08-15,Yes
P01731,Electronics,Laptops,Asus,AsusLaptopsPro,35741,28892.26,6848.74,2025-06-02,Yes
P01732,Electronics,Smartphones,Apple,AppleSmartphonesElite,196864,160893.02,35970.98,2022-05-17,Yes
P01733,Grocery,Cooking Oil,Fortune,FortuneCooking OilElite,1898,1688.7,209.3,2021-12-25,Yes
P01734,Electronics,Smartphones,OnePlus,OnePlusSmartphonesPro,9034,7618.96,1415.04,2021-12-26,Yes
P01735,Electronics,Televisions,Samsung,SamsungTelevisionsPro,144065,128070.1,15994.9,2021-03-23,Yes
P01736,Electronics,Smartphones,OnePlus,OnePlusSmartphonesPremium,93397,76549.32,16847.68,2020-10-14,Yes
P01737,Electronics,Laptops,Asus,AsusLaptopsElite,22027,18050.39,3976.61,2019-08-05,Yes
P01738,Fashion,Women's Wear,Zara,ZaraWomen's WearElite,2146,1426.56,719.44,2022-12-05,Yes
P01739,Grocery,Cooking Oil,Saffola,SaffolaCooking OilPro,1091,942.25,148.75,2025-05-27,Yes
P01740,Fashion,Men's Wear,Van Heusen,Van HeusenMen's WearElite,7084,3508.93,3575.07,2026-06-02,Yes
P01741,Electronics,Smartphones,Google,GoogleSmartphonesPro,71297,62180.76,9116.24,2022-07-19,Yes
P01742,Grocery,Beverages,Fanta,FantaBeveragesPlus,224,193.4,30.6,2019-05-20,Yes
P01743,Grocery,Cooking Oil,Saffola,SaffolaCooking OilElite,941,825.61,115.39,2022-12-19,Yes
P01744,Electronics,Laptops,Acer,AcerLaptopsElite,123218,108177.76,15040.24,2019-08-16,Yes
P01745,Fashion,Men's Wear,US Polo,US PoloMen's WearPro,2837,1727.02,1109.98,2020-05-20,Yes
P01746,Grocery,Rice,Fortune,FortuneRicePlus,449,392.0,57.0,2021-12-14,Yes
P01747,Grocery,Rice,Daawat,DaawatRicePremium,1669,1535.0,134.0,2026-06-05,Yes
P01748,Electronics,Laptops,Dell,DellLaptopsMax,10659,9145.29,1513.71,2025-04-08,Yes
P01749,Fashion,Men's Wear,Allen Solly,Allen SollyMen's WearStandard,3411,2365.86,1045.14,2023-08-31,Yes
P01750,Electronics,Televisions,TCL,TCLTelevisionsElite,34990,29012.37,5977.63,2020-10-14,Yes
P01751,Grocery,Cooking Oil,Dhara,DharaCooking OilElite,369,323.73,45.27,2022-10-13,Yes
P01752,Electronics,Laptops,Asus,AsusLaptopsPlus,196202,164933.32,31268.68,2025-12-23,Yes
P01753,Electronics,Smartphones,Samsung,SamsungSmartphonesPro,80351,65202.09,15148.91,2020-08-16,Yes
P01754,Electronics,Laptops,Asus,AsusLaptopsStandard,125910,106623.99,19286.01,2024-10-02,Yes
P01755,Fashion,Women's Wear,W,WWomen's WearStandard,3628,2186.31,1441.69,2022-08-24,Yes
P01756,Fashion,Footwear,Puma,PumaFootwearPremium,12617,5587.3,7029.7,2020-11-17,Yes
P01757,Fashion,Men's Wear,Van Heusen,Van HeusenMen's WearPlus,4481,1867.82,2613.18,2018-10-04,Yes
P01758,Electronics,Televisions,Panasonic,PanasonicTelevisionsStandard,131913,105691.0,26222.0,2025-10-24,Yes
P01759,Grocery,Cooking Oil,Saffola,SaffolaCooking OilMax,1779,1558.36,220.64,2024-09-26,Yes
P01760,Grocery,Beverages,Pepsi,PepsiBeveragesMax,437,383.07,53.93,2025-07-18,Yes
P01761,Electronics,Televisions,Panasonic,PanasonicTelevisionsPlus,99558,88292.7,11265.3,2026-04-26,Yes
P01762,Electronics,Smartphones,Motorola,MotorolaSmartphonesElite,2446,2021.27,424.73,2025-04-22,Yes
P01763,Grocery,Rice,Daawat,DaawatRicePlus,80,71.14,8.86,2024-08-21,Yes
P01764,Electronics,Televisions,Panasonic,PanasonicTelevisionsPremium,135746,118995.06,16750.94,2024-06-14,Yes
P01765,Grocery,Cooking Oil,Fortune,FortuneCooking OilPremium,1506,1395.66,110.34,2020-10-14,Yes
P01766,Fashion,Footwear,Nike,NikeFootwearPlus,12814,8575.41,4238.59,2018-11-06,Yes
P01767,Grocery,Cooking Oil,Dhara,DharaCooking OilPlus,1812,1710.25,101.75,2020-03-01,Yes
P01768,Grocery,Rice,India Gate,India GateRicePro,1818,1705.14,112.86,2022-04-19,Yes
P01769,Electronics,Smartphones,OnePlus,OnePlusSmartphonesStandard,136051,120224.29,15826.71,2020-07-04,Yes
P01770,Fashion,Women's Wear,Global Desi,Global DesiWomen's WearElite,9555,4663.36,4891.64,2021-03-28,Yes
P01771,Fashion,Men's Wear,Louis Philippe,Louis PhilippeMen's WearMax,5373,2299.8,3073.2,2020-06-14,Yes
P01772,Grocery,Beverages,Sprite,SpriteBeveragesStandard,704,637.02,66.98,2021-10-28,Yes
P01773,Fashion,Footwear,Adidas,AdidasFootwearElite,12966,5894.32,7071.68,2022-12-04,Yes
P01774,Grocery,Rice,India Gate,India GateRiceMax,20,17.35,2.65,2025-10-05,Yes
P01775,Grocery,Rice,India Gate,India GateRiceMax,165,144.72,20.28,2019-04-25,Yes
P01776,Grocery,Rice,Fortune,FortuneRicePremium,1415,1232.9,182.1,2018-08-21,Yes
P01777,Grocery,Rice,Daawat,DaawatRiceElite,223,191.94,31.06,2025-05-21,Yes
P01778,Fashion,Women's Wear,Zara,ZaraWomen's WearPremium,917,608.75,308.25,2020-02-08,Yes
P01779,Electronics,Televisions,Sony,SonyTelevisionsPlus,95709,77274.97,18434.03,2026-02-16,Yes
P01780,Fashion,Men's Wear,Van Heusen,Van HeusenMen's WearStandard,10203,5735.44,4467.56,2025-03-12,Yes
P01781,Grocery,Rice,India Gate,India GateRicePlus,287,260.02,26.98,2023-01-07,Yes
P01782,Electronics,Laptops,Dell,DellLaptopsPro,125027,108111.83,16915.17,2024-06-24,Yes
P01783,Fashion,Men's Wear,US Polo,US PoloMen's WearStandard,6947,3797.11,3149.89,2020-10-17,Yes
P01784,Grocery,Beverages,Pepsi,PepsiBeveragesMax,1814,1646.07,167.93,2020-04-11,Yes
P01785,Electronics,Smartphones,Motorola,MotorolaSmartphonesPro,152973,128335.64,24637.36,2019-12-24,Yes
P01786,Electronics,Televisions,TCL,TCLTelevisionsPro,163670,131949.12,31720.88,2023-08-18,Yes
P01787,Grocery,Beverages,7UP,7UPBeveragesMax,1936,1776.67,159.33,2022-08-10,Yes
P01788,Fashion,Men's Wear,Louis Philippe,Louis PhilippeMen's WearElite,11210,7250.83,3959.17,2019-12-22,Yes
P01789,Fashion,Footwear,Skechers,SkechersFootwearStandard,1902,789.2,1112.8,2018-08-06,Yes
P01790,Electronics,Smartphones,Google,GoogleSmartphonesElite,13181,10843.95,2337.05,2025-10-04,Yes
P01791,Grocery,Rice,India Gate,India GateRiceElite,1511,1298.08,212.92,2020-10-15,Yes
P01792,Grocery,Cooking Oil,Saffola,SaffolaCooking OilPremium,858,737.4,120.6,2022-08-25,Yes
P01793,Fashion,Women's Wear,Zara,ZaraWomen's WearPremium,7788,4861.47,2926.53,2018-10-23,Yes
P01794,Grocery,Rice,India Gate,India GateRiceElite,65,57.81,7.19,2024-03-23,Yes
P01795,Fashion,Women's Wear,Global Desi,Global DesiWomen's WearStandard,10409,6683.27,3725.73,2018-12-09,Yes
P01796,Fashion,Women's Wear,Biba,BibaWomen's WearPro,1449,865.75,583.25,2024-02-16,Yes
P01797,Electronics,Smartphones,Motorola,MotorolaSmartphonesPlus,98884,86860.95,12023.05,2022-08-08,Yes
P01798,Electronics,Smartphones,Google,GoogleSmartphonesMax,183543,157847.02,25695.98,2018-10-28,Yes
P01799,Electronics,Laptops,Lenovo,LenovoLaptopsMax,154448,130461.2,23986.8,2026-07-14,Yes
P01800,Grocery,Cooking Oil,Dhara,DharaCooking OilPlus,1754,1501.67,252.33,2020-05-23,Yes
P01801,Electronics,Televisions,Panasonic,PanasonicTelevisionsStandard,41684,34369.25,7314.75,2019-06-15,Yes
P01802,Fashion,Footwear,Bata,BataFootwearMax,6633,3423.8,3209.2,2020-11-03,Yes
P01803,Fashion,Footwear,Bata,BataFootwearPro,10700,6555.88,4144.12,2021-10-23,Yes
P01804,Fashion,Men's Wear,Van Heusen,Van HeusenMen's WearPremium,7941,4598.93,3342.07,2021-01-22,Yes
P01805,Fashion,Men's Wear,US Polo,US PoloMen's WearPremium,1387,691.08,695.92,2018-12-23,Yes
P01806,Electronics,Televisions,Sony,SonyTelevisionsPro,156238,128763.92,27474.08,2021-04-03,Yes
P01807,Electronics,Televisions,Samsung,SamsungTelevisionsMax,97473,78897.08,18575.92,2020-04-10,Yes
P01808,Grocery,Rice,Daawat,DaawatRiceMax,434,406.08,27.92,2026-01-22,Yes
P01809,Fashion,Women's Wear,Biba,BibaWomen's WearMax,455,266.63,188.37,2024-12-12,Yes
P01810,Electronics,Laptops,Acer,AcerLaptopsElite,5692,4792.76,899.24,2023-08-17,Yes
P01811,Grocery,Cooking Oil,Fortune,FortuneCooking OilPlus,1986,1758.78,227.22,2022-02-05,Yes
P01812,Fashion,Women's Wear,Biba,BibaWomen's WearElite,11360,4851.77,6508.23,2022-06-06,No
P01813,Grocery,Rice,Daawat,DaawatRicePro,1929,1787.51,141.49,2022-10-15,Yes
P01814,Grocery,Cooking Oil,Fortune,FortuneCooking OilPro,1833,1687.41,145.59,2020-07-31,Yes
P01815,Electronics,Laptops,Dell,DellLaptopsPlus,148048,125616.25,22431.75,2025-02-25,Yes
P01816,Grocery,Beverages,Coca-Cola,Coca-ColaBeveragesElite,823,759.31,63.69,2022-05-20,Yes
P01817,Electronics,Televisions,Panasonic,PanasonicTelevisionsElite,94354,81167.4,13186.6,2019-10-04,Yes
P01818,Electronics,Laptops,Dell,DellLaptopsPremium,62860,54060.35,8799.65,2020-05-03,Yes
P01819,Fashion,Footwear,Bata,BataFootwearMax,2776,1753.26,1022.74,2022-05-30,Yes
P01820,Fashion,Men's Wear,Van Heusen,Van HeusenMen's WearPremium,2969,1750.24,1218.76,2023-07-29,Yes
P01821,Fashion,Women's Wear,Zara,ZaraWomen's WearMax,3650,2067.77,1582.23,2021-10-03,No
P01822,Electronics,Televisions,Samsung,SamsungTelevisionsMax,177505,155195.32,22309.68,2020-10-29,Yes
P01823,Grocery,Cooking Oil,Fortune,FortuneCooking OilMax,577,514.28,62.72,2023-12-23,Yes
P01824,Fashion,Men's Wear,Louis Philippe,Louis PhilippeMen's WearPro,13696,8142.52,5553.48,2021-06-26,Yes
P01825,Grocery,Rice,Daawat,DaawatRiceElite,1222,1049.44,172.56,2026-05-06,Yes
P01826,Electronics,Smartphones,Google,GoogleSmartphonesPlus,110752,93551.21,17200.79,2020-09-02,No
P01827,Electronics,Smartphones,Samsung,SamsungSmartphonesStandard,48160,42964.07,5195.93,2025-03-25,Yes
P01828,Grocery,Beverages,Sprite,SpriteBeveragesPremium,1694,1516.54,177.46,2023-03-26,Yes
P01829,Electronics,Smartphones,OnePlus,OnePlusSmartphonesStandard,66598,55681.55,10916.45,2025-10-17,Yes
P01830,Fashion,Women's Wear,Zara,ZaraWomen's WearMax,13065,5425.18,7639.82,2025-09-09,Yes
P01831,Grocery,Beverages,Fanta,FantaBeveragesPremium,1810,1580.21,229.79,2024-08-11,Yes
P01832,Fashion,Men's Wear,Louis Philippe,Louis PhilippeMen's WearElite,10235,6832.36,3402.64,2018-11-30,Yes
P01833,Fashion,Footwear,Nike,NikeFootwearMax,14716,8969.59,5746.41,2021-03-15,Yes
P01834,Fashion,Men's Wear,Allen Solly,Allen SollyMen's WearElite,2455,1687.9,767.1,2020-09-03,Yes
P01835,Electronics,Televisions,Samsung,SamsungTelevisionsMax,98623,80879.02,17743.98,2024-03-13,Yes
P01836,Grocery,Cooking Oil,Fortune,FortuneCooking OilPlus,1449,1310.84,138.16,2026-03-28,Yes
P01837,Grocery,Beverages,Coca-Cola,Coca-ColaBeveragesStandard,523,477.44,45.56,2023-05-14,Yes
P01838,Electronics,Laptops,Dell,DellLaptopsElite,181108,146333.27,34774.73,2022-12-14,Yes
P01839,Electronics,Televisions,Samsung,SamsungTelevisionsElite,94516,82282.42,12233.58,2024-09-13,Yes
P01840,Fashion,Women's Wear,W,WWomen's WearPro,13893,6214.22,7678.78,2019-09-05,Yes
P01841,Electronics,Smartphones,Google,GoogleSmartphonesPro,49177,40191.6,8985.4,2019-01-22,Yes
P01842,Electronics,Televisions,Panasonic,PanasonicTelevisionsPro,96867,84543.58,12323.42,2020-12-20,Yes
P01843,Electronics,Smartphones,Motorola,MotorolaSmartphonesPlus,19971,16083.57,3887.43,2024-08-19,Yes
P01844,Fashion,Men's Wear,US Polo,US PoloMen's WearPremium,14106,8723.42,5382.58,2025-04-06,Yes
P01845,Fashion,Women's Wear,Global Desi,Global DesiWomen's WearStandard,5548,2983.31,2564.69,2024-12-29,Yes
P01846,Fashion,Men's Wear,Louis Philippe,Louis PhilippeMen's WearPlus,14829,6293.97,8535.03,2022-11-08,Yes
P01847,Fashion,Men's Wear,Levi's,Levi'sMen's WearPlus,3614,1617.67,1996.33,2024-04-17,Yes
P01848,Grocery,Beverages,7UP,7UPBeveragesMax,1407,1269.41,137.59,2019-03-03,Yes
P01849,Fashion,Footwear,Nike,NikeFootwearPremium,8616,4328.4,4287.6,2026-02-15,Yes
P01850,Fashion,Women's Wear,Biba,BibaWomen's WearElite,9420,6142.03,3277.97,2026-01-12,Yes
P01851,Fashion,Women's Wear,Zara,ZaraWomen's WearElite,6759,3442.29,3316.71,2025-07-29,Yes
P01852,Grocery,Beverages,Sprite,SpriteBeveragesPlus,1706,1575.03,130.97,2022-08-05,Yes
P01853,Electronics,Laptops,HP,HPLaptopsPro,1008,882.88,125.12,2020-04-11,Yes
P01854,Fashion,Men's Wear,Levi's,Levi'sMen's WearPremium,14980,10314.39,4665.61,2023-11-09,Yes
P01855,Electronics,Televisions,Samsung,SamsungTelevisionsElite,124370,104554.74,19815.26,2026-05-01,Yes
P01856,Grocery,Rice,Fortune,FortuneRicePlus,1359,1160.44,198.56,2025-05-20,Yes
P01857,Electronics,Televisions,TCL,TCLTelevisionsPro,114824,102582.82,12241.18,2022-11-25,Yes
P01858,Electronics,Smartphones,OnePlus,OnePlusSmartphonesPremium,130561,110315.7,20245.3,2025-05-29,Yes
P01859,Electronics,Laptops,Asus,AsusLaptopsMax,151260,128266.06,22993.94,2024-05-17,Yes
P01860,Electronics,Televisions,Panasonic,PanasonicTelevisionsPlus,42609,36697.09,5911.91,2020-05-13,Yes
P01861,Grocery,Beverages,Coca-Cola,Coca-ColaBeveragesMax,1846,1589.52,256.48,2019-07-03,Yes
P01862,Grocery,Rice,Fortune,FortuneRicePlus,771,666.91,104.09,2025-05-15,Yes
P01863,Electronics,Laptops,Acer,AcerLaptopsPro,198616,173951.73,24664.27,2020-05-13,Yes
P01864,Grocery,Cooking Oil,Saffola,SaffolaCooking OilElite,179,165.47,13.53,2018-10-25,Yes
P01865,Fashion,Women's Wear,Biba,BibaWomen's WearPremium,12834,8913.18,3920.82,2020-09-05,Yes
P01866,Electronics,Smartphones,Apple,AppleSmartphonesPremium,171402,140706.49,30695.51,2021-03-03,Yes
P01867,Fashion,Footwear,Adidas,AdidasFootwearMax,936,376.37,559.63,2019-07-17,Yes
P01868,Electronics,Smartphones,Motorola,MotorolaSmartphonesPremium,199201,172283.32,26917.68,2024-03-12,Yes
P01869,Fashion,Men's Wear,US Polo,US PoloMen's WearPremium,710,437.23,272.77,2021-03-28,Yes
P01870,Electronics,Smartphones,OnePlus,OnePlusSmartphonesStandard,124822,111175.76,13646.24,2022-12-14,Yes
P01871,Fashion,Men's Wear,Louis Philippe,Louis PhilippeMen's WearPro,2663,1748.95,914.05,2020-01-24,Yes
P01872,Electronics,Smartphones,Motorola,MotorolaSmartphonesMax,5387,4627.98,759.02,2023-10-07,Yes
P01873,Fashion,Footwear,Adidas,AdidasFootwearStandard,3052,1569.92,1482.08,2021-08-09,Yes
P01874,Fashion,Footwear,Adidas,AdidasFootwearStandard,12290,8121.88,4168.12,2025-12-30,Yes
P01875,Electronics,Televisions,LG,LGTelevisionsPro,171927,146036.92,25890.08,2025-12-26,Yes
P01876,Fashion,Women's Wear,W,WWomen's WearPremium,13928,7295.44,6632.56,2022-02-03,Yes
P01877,Fashion,Footwear,Puma,PumaFootwearPro,10382,6652.06,3729.94,2024-07-14,Yes
P01878,Electronics,Laptops,Lenovo,LenovoLaptopsPlus,199929,174205.67,25723.33,2022-03-21,Yes
P01879,Grocery,Beverages,Fanta,FantaBeveragesMax,1040,966.98,73.02,2024-09-08,Yes
P01880,Electronics,Laptops,Dell,DellLaptopsStandard,93164,81795.25,11368.75,2021-12-12,Yes
P01881,Electronics,Televisions,LG,LGTelevisionsPlus,38618,34576.61,4041.39,2020-09-17,Yes
P01882,Fashion,Women's Wear,Biba,BibaWomen's WearMax,5392,3575.1,1816.9,2022-04-01,Yes
P01883,Fashion,Footwear,Puma,PumaFootwearPlus,6854,4416.16,2437.84,2018-11-04,Yes
P01884,Grocery,Beverages,Coca-Cola,Coca-ColaBeveragesMax,1217,1107.08,109.92,2021-01-25,Yes
P01885,Electronics,Laptops,Lenovo,LenovoLaptopsElite,92985,81297.21,11687.79,2022-03-13,Yes
P01886,Fashion,Men's Wear,Allen Solly,Allen SollyMen's WearStandard,6060,2676.49,3383.51,2020-05-10,Yes
P01887,Grocery,Beverages,Coca-Cola,Coca-ColaBeveragesElite,1526,1390.26,135.74,2020-07-18,Yes
P01888,Grocery,Beverages,7UP,7UPBeveragesPro,1874,1620.28,253.72,2019-03-28,Yes
P01889,Grocery,Beverages,Coca-Cola,Coca-ColaBeveragesElite,1070,1014.72,55.28,2024-07-01,Yes
P01890,Grocery,Rice,Fortune,FortuneRicePlus,714,661.47,52.53,2019-12-25,Yes
P01891,Electronics,Laptops,Asus,AsusLaptopsMax,184098,148003.04,36094.96,2026-04-04,Yes
P01892,Electronics,Laptops,Asus,AsusLaptopsMax,194613,167196.32,27416.68,2025-06-09,Yes
P01893,Grocery,Rice,Daawat,DaawatRiceStandard,156,135.09,20.91,2020-10-16,Yes
P01894,Fashion,Footwear,Puma,PumaFootwearElite,627,420.45,206.55,2021-10-07,Yes
P01895,Grocery,Beverages,Coca-Cola,Coca-ColaBeveragesMax,990,923.49,66.51,2025-04-22,Yes
P01896,Grocery,Rice,India Gate,India GateRicePremium,833,720.25,112.75,2020-10-09,Yes
P01897,Electronics,Laptops,Acer,AcerLaptopsPremium,18987,16654.35,2332.65,2019-05-23,Yes
P01898,Electronics,Laptops,Dell,DellLaptopsPro,150967,124054.61,26912.39,2019-06-25,Yes
P01899,Grocery,Cooking Oil,Dhara,DharaCooking OilElite,489,424.42,64.58,2020-12-19,Yes
P01900,Electronics,Smartphones,OnePlus,OnePlusSmartphonesPro,186144,153449.29,32694.71,2018-09-08,Yes
P01901,Fashion,Footwear,Bata,BataFootwearStandard,3475,2211.91,1263.09,2021-03-05,Yes
P01902,Fashion,Women's Wear,Global Desi,Global DesiWomen's WearPro,12925,7108.84,5816.16,2019-04-11,Yes
P01903,Fashion,Women's Wear,H&M,H&MWomen's WearStandard,9499,6061.92,3437.08,2021-01-06,Yes
P01904,Electronics,Smartphones,Apple,AppleSmartphonesStandard,119710,103476.58,16233.42,2025-10-20,Yes
P01905,Electronics,Televisions,Sony,SonyTelevisionsMax,140648,123502.02,17145.98,2025-05-23,Yes
P01906,Fashion,Footwear,Puma,PumaFootwearPlus,1081,479.17,601.83,2023-04-17,Yes
P01907,Grocery,Rice,India Gate,India GateRiceElite,25,21.5,3.5,2023-04-01,Yes
P01908,Electronics,Laptops,HP,HPLaptopsPremium,23782,19256.3,4525.7,2023-12-23,Yes
P01909,Grocery,Rice,Daawat,DaawatRiceMax,898,774.09,123.91,2020-08-02,Yes
P01910,Fashion,Footwear,Nike,NikeFootwearPremium,10278,6225.43,4052.57,2022-10-30,Yes
P01911,Grocery,Beverages,Sprite,SpriteBeveragesPro,598,522.98,75.02,2022-12-03,Yes
P01912,Electronics,Laptops,Asus,AsusLaptopsPlus,98868,81123.43,17744.57,2022-11-18,Yes
P01913,Electronics,Smartphones,OnePlus,OnePlusSmartphonesElite,85625,70839.48,14785.52,2021-03-09,Yes
P01914,Electronics,Smartphones,Google,GoogleSmartphonesMax,21477,17896.9,3580.1,2023-03-18,Yes
P01915,Grocery,Beverages,7UP,7UPBeveragesElite,1395,1198.18,196.82,2025-03-21,Yes
P01916,Grocery,Rice,India Gate,India GateRiceMax,243,213.14,29.86,2022-07-24,Yes
P01917,Fashion,Women's Wear,Biba,BibaWomen's WearPro,9403,5968.99,3434.01,2020-10-18,Yes
P01918,Electronics,Laptops,HP,HPLaptopsPro,90280,76666.08,13613.92,2021-09-22,Yes
P01919,Fashion,Men's Wear,Van Heusen,Van HeusenMen's WearPlus,2934,1345.4,1588.6,2022-10-24,Yes
P01920,Grocery,Cooking Oil,Dhara,DharaCooking OilElite,826,769.63,56.37,2022-08-03,Yes
P01921,Electronics,Laptops,Lenovo,LenovoLaptopsElite,169544,148410.78,21133.22,2020-11-01,Yes
P01922,Grocery,Beverages,Fanta,FantaBeveragesPremium,1606,1440.44,165.56,2025-10-18,Yes
P01923,Fashion,Footwear,Nike,NikeFootwearPlus,10456,5483.63,4972.37,2025-07-17,Yes
P01924,Electronics,Televisions,LG,LGTelevisionsPlus,199850,166852.07,32997.93,2019-02-13,Yes
P01925,Grocery,Cooking Oil,Dhara,DharaCooking OilStandard,812,741.87,70.13,2022-08-09,Yes
P01926,Electronics,Laptops,Acer,AcerLaptopsPlus,174710,149261.47,25448.53,2026-01-17,Yes
P01927,Grocery,Beverages,Sprite,SpriteBeveragesPremium,398,360.96,37.04,2019-01-12,Yes
P01928,Fashion,Footwear,Skechers,SkechersFootwearMax,2730,1776.0,954.0,2022-12-04,Yes
P01929,Fashion,Men's Wear,Allen Solly,Allen SollyMen's WearPro,6994,4423.01,2570.99,2023-06-22,Yes
P01930,Electronics,Televisions,TCL,TCLTelevisionsPremium,182746,147704.85,35041.15,2021-10-25,Yes
P01931,Fashion,Footwear,Bata,BataFootwearMax,10634,5044.97,5589.03,2019-05-10,Yes
P01932,Grocery,Beverages,7UP,7UPBeveragesElite,806,750.94,55.06,2021-05-22,Yes
P01933,Fashion,Men's Wear,Van Heusen,Van HeusenMen's WearPro,380,160.82,219.18,2021-12-20,Yes
P01934,Electronics,Televisions,TCL,TCLTelevisionsPro,56221,49713.28,6507.72,2026-01-21,Yes
P01935,Electronics,Smartphones,Samsung,SamsungSmartphonesMax,80296,70976.29,9319.71,2025-06-05,Yes
P01936,Electronics,Televisions,LG,LGTelevisionsStandard,68153,59925.32,8227.68,2023-06-04,Yes
P01937,Grocery,Beverages,7UP,7UPBeveragesStandard,1583,1399.37,183.63,2021-11-21,Yes
P01938,Fashion,Women's Wear,W,WWomen's WearPro,3192,1934.56,1257.44,2022-09-22,Yes
P01939,Electronics,Laptops,Lenovo,LenovoLaptopsPlus,89160,73463.24,15696.76,2019-02-15,Yes
P01940,Electronics,Televisions,Samsung,SamsungTelevisionsPro,51748,44562.57,7185.43,2024-05-30,Yes
P01941,Grocery,Cooking Oil,Dhara,DharaCooking OilStandard,1865,1686.62,178.38,2021-01-19,Yes
P01942,Electronics,Laptops,Asus,AsusLaptopsPlus,140269,121835.74,18433.26,2026-07-23,Yes
P01943,Grocery,Rice,Daawat,DaawatRicePlus,1243,1103.6,139.4,2021-06-22,Yes
P01944,Electronics,Smartphones,OnePlus,OnePlusSmartphonesPlus,137220,111490.58,25729.42,2025-11-10,No
P01945,Electronics,Laptops,HP,HPLaptopsElite,134638,107748.46,26889.54,2022-05-27,Yes
P01946,Fashion,Women's Wear,W,WWomen's WearMax,9709,5227.07,4481.93,2023-01-09,Yes
P01947,Grocery,Cooking Oil,Dhara,DharaCooking OilPremium,1950,1806.08,143.92,2025-02-28,Yes
P01948,Fashion,Men's Wear,Van Heusen,Van HeusenMen's WearMax,9129,5227.82,3901.18,2020-09-05,Yes
P01949,Grocery,Beverages,Coca-Cola,Coca-ColaBeveragesElite,336,289.11,46.89,2026-02-20,Yes
P01950,Grocery,Cooking Oil,Saffola,SaffolaCooking OilPlus,1878,1611.91,266.09,2018-08-24,Yes
P01951,Electronics,Televisions,LG,LGTelevisionsMax,145379,119522.08,25856.92,2022-04-13,Yes
P01952,Fashion,Footwear,Adidas,AdidasFootwearPlus,10848,6726.26,4121.74,2025-08-14,Yes
P01953,Fashion,Footwear,Skechers,SkechersFootwearMax,3700,2384.47,1315.53,2024-04-27,Yes
P01954,Electronics,Smartphones,Motorola,MotorolaSmartphonesElite,59939,53573.22,6365.78,2026-01-07,Yes
P01955,Electronics,Smartphones,OnePlus,OnePlusSmartphonesMax,136012,121857.58,14154.42,2024-03-04,Yes
P01956,Grocery,Rice,Fortune,FortuneRicePlus,1926,1654.5,271.5,2022-02-14,Yes
P01957,Grocery,Beverages,Fanta,FantaBeveragesPremium,213,192.95,20.05,2024-01-14,Yes
P01958,Electronics,Smartphones,Motorola,MotorolaSmartphonesElite,85587,71765.14,13821.86,2020-07-31,Yes
P01959,Fashion,Men's Wear,US Polo,US PoloMen's WearElite,8175,5227.56,2947.44,2020-12-21,Yes
P01960,Fashion,Women's Wear,H&M,H&MWomen's WearPro,632,352.68,279.32,2024-06-09,Yes
P01961,Fashion,Men's Wear,Louis Philippe,Louis PhilippeMen's WearPremium,13477,7718.51,5758.49,2026-07-28,Yes
P01962,Fashion,Women's Wear,H&M,H&MWomen's WearStandard,794,418.18,375.82,2026-07-02,Yes
P01963,Electronics,Televisions,LG,LGTelevisionsPremium,7456,6248.85,1207.15,2022-11-26,Yes
P01964,Grocery,Beverages,Fanta,FantaBeveragesElite,983,858.86,124.14,2025-06-14,Yes
P01965,Electronics,Laptops,Acer,AcerLaptopsStandard,110842,95179.08,15662.92,2025-02-25,Yes
P01966,Fashion,Men's Wear,Allen Solly,Allen SollyMen's WearStandard,7118,3015.38,4102.62,2026-02-23,Yes
P01967,Fashion,Footwear,Nike,NikeFootwearPremium,8589,3878.56,4710.44,2020-04-15,Yes
P01968,Electronics,Televisions,Samsung,SamsungTelevisionsPlus,83482,71830.58,11651.42,2026-04-18,Yes
P01969,Fashion,Footwear,Bata,BataFootwearPro,8545,3798.3,4746.7,2019-07-16,Yes
P01970,Electronics,Televisions,TCL,TCLTelevisionsStandard,174255,145208.92,29046.08,2023-01-20,Yes
P01971,Grocery,Cooking Oil,Dhara,DharaCooking OilElite,978,884.95,93.05,2025-06-13,Yes
P01972,Grocery,Cooking Oil,Saffola,SaffolaCooking OilPlus,699,628.27,70.73,2021-01-26,Yes
P01973,Grocery,Beverages,Coca-Cola,Coca-ColaBeveragesMax,1929,1800.31,128.69,2019-07-15,Yes
P01974,Electronics,Laptops,Asus,AsusLaptopsPro,14553,12732.87,1820.13,2024-11-15,Yes
P01975,Fashion,Men's Wear,US Polo,US PoloMen's WearStandard,13893,7851.89,6041.11,2021-04-02,Yes
P01976,Grocery,Cooking Oil,Fortune,FortuneCooking OilPremium,291,249.31,41.69,2024-06-27,Yes
P01977,Grocery,Rice,Daawat,DaawatRiceMax,1392,1316.92,75.08,2021-04-19,Yes
P01978,Electronics,Smartphones,Apple,AppleSmartphonesPro,104987,89085.1,15901.9,2023-12-15,Yes
P01979,Grocery,Beverages,Fanta,FantaBeveragesPro,1998,1764.18,233.82,2023-02-04,Yes
P01980,Grocery,Rice,India Gate,India GateRiceMax,1551,1374.13,176.87,2024-01-21,Yes
P01981,Electronics,Televisions,LG,LGTelevisionsPro,131233,113553.05,17679.95,2021-09-30,Yes
P01982,Electronics,Televisions,TCL,TCLTelevisionsMax,15348,13591.36,1756.64,2022-03-06,Yes
P01983,Grocery,Beverages,Coca-Cola,Coca-ColaBeveragesElite,1248,1127.35,120.65,2020-03-04,Yes
P01984,Grocery,Cooking Oil,Dhara,DharaCooking OilMax,138,125.58,12.42,2019-07-18,Yes
P01985,Grocery,Cooking Oil,Dhara,DharaCooking OilElite,1441,1342.24,98.76,2019-02-11,Yes
P01986,Grocery,Rice,Fortune,FortuneRicePlus,1981,1759.04,221.96,2022-10-12,Yes
P01987,Electronics,Televisions,Samsung,SamsungTelevisionsElite,15794,13220.73,2573.27,2019-11-05,Yes
P01988,Electronics,Smartphones,Google,GoogleSmartphonesPro,120539,106362.74,14176.26,2020-04-20,Yes
P01989,Electronics,Televisions,TCL,TCLTelevisionsPlus,15549,13163.49,2385.51,2020-11-07,Yes
P01990,Electronics,Laptops,Lenovo,LenovoLaptopsMax,148685,128426.9,20258.1,2021-03-04,Yes
P01991,Electronics,Laptops,Acer,AcerLaptopsPlus,61516,52067.59,9448.41,2025-03-07,Yes
P01992,Electronics,Televisions,Sony,SonyTelevisionsStandard,60109,52190.68,7918.32,2024-02-02,Yes
P01993,Electronics,Laptops,Dell,DellLaptopsElite,44060,36645.54,7414.46,2022-06-19,Yes
P01994,Fashion,Women's Wear,Zara,ZaraWomen's WearPro,5235,2424.75,2810.25,2026-07-07,Yes
P01995,Grocery,Rice,Daawat,DaawatRiceStandard,1265,1148.87,116.13,2025-09-15,Yes
P01996,Grocery,Cooking Oil,Fortune,FortuneCooking OilPlus,674,576.05,97.95,2025-05-31,Yes
P01997,Fashion,Footwear,Nike,NikeFootwearPlus,10624,4606.14,6017.86,2022-05-30,Yes
P01998,Grocery,Beverages,Coca-Cola,Coca-ColaBeveragesPro,1672,1568.49,103.51,2019-01-31,Yes
P01999,Electronics,Smartphones,Samsung,SamsungSmartphonesPremium,108111,86619.85,21491.15,2023-03-09,Yes
P02000,Electronics,Laptops,Asus,AsusLaptopsMax,12565,10985.51,1579.49,2019-03-22,Yes
P02001,Grocery,Rice,Fortune,FortuneRiceStandard,1786,1558.17,227.83,2020-09-20,Yes
P02002,Grocery,Rice,Daawat,DaawatRicePro,1579,1439.63,139.37,2021-10-27,Yes
P02003,Electronics,Televisions,Samsung,SamsungTelevisionsPro,31021,26626.28,4394.72,2020-10-13,Yes
P02004,Grocery,Beverages,Pepsi,PepsiBeveragesMax,192,178.74,13.26,2025-12-03,Yes
P02005,Fashion,Women's Wear,Global Desi,Global DesiWomen's WearPremium,10537,7094.8,3442.2,2023-11-15,Yes
P02006,Electronics,Laptops,Lenovo,LenovoLaptopsPlus,175537,155615.94,19921.06,2022-05-12,Yes
P02007,Fashion,Women's Wear,Biba,BibaWomen's WearElite,8064,4969.23,3094.77,2023-03-31,Yes
P02008,Electronics,Televisions,Samsung,SamsungTelevisionsElite,126562,104264.42,22297.58,2025-06-28,Yes
P02009,Grocery,Rice,India Gate,India GateRiceElite,619,528.97,90.03,2024-12-20,Yes
P02010,Grocery,Rice,Fortune,FortuneRicePremium,635,590.0,45.0,2025-11-01,Yes
P02011,Grocery,Rice,Fortune,FortuneRiceStandard,1413,1333.36,79.64,2020-03-10,Yes
P02012,Fashion,Women's Wear,W,WWomen's WearStandard,5608,2482.57,3125.43,2025-07-11,Yes
P02013,Electronics,Smartphones,Motorola,MotorolaSmartphonesPremium,178477,146586.52,31890.48,2022-03-29,Yes
P02014,Electronics,Smartphones,Google,GoogleSmartphonesElite,165437,137247.85,28189.15,2021-10-05,Yes
P02015,Electronics,Laptops,Acer,AcerLaptopsStandard,80928,70057.75,10870.25,2022-11-18,Yes
P02016,Grocery,Beverages,7UP,7UPBeveragesMax,1290,1221.68,68.32,2024-08-11,Yes
P02017,Fashion,Women's Wear,Global Desi,Global DesiWomen's WearElite,1847,1046.95,800.05,2024-05-21,Yes
P02018,Fashion,Women's Wear,Biba,BibaWomen's WearPro,5846,3934.16,1911.84,2020-08-02,Yes
P02019,Grocery,Beverages,Coca-Cola,Coca-ColaBeveragesElite,818,746.63,71.37,2018-12-02,Yes
P02020,Fashion,Women's Wear,Zara,ZaraWomen's WearMax,6991,4674.84,2316.16,2023-12-19,Yes
P02021,Electronics,Televisions,Samsung,SamsungTelevisionsStandard,53948,46611.71,7336.29,2023-06-12,Yes
P02022,Electronics,Laptops,Dell,DellLaptopsPro,193368,164395.28,28972.72,2021-05-23,Yes
P02023,Grocery,Rice,Daawat,DaawatRiceStandard,142,121.06,20.94,2020-12-24,Yes
P02024,Electronics,Televisions,TCL,TCLTelevisionsElite,140035,115523.39,24511.61,2021-03-19,Yes
P02025,Electronics,Laptops,Asus,AsusLaptopsStandard,153332,128886.92,24445.08,2025-08-17,Yes
P02026,Electronics,Smartphones,Motorola,MotorolaSmartphonesStandard,30484,26550.01,3933.99,2019-07-01,Yes
P02027,Electronics,Laptops,Dell,DellLaptopsElite,98221,80548.02,17672.98,2026-07-06,No
P02028,Grocery,Cooking Oil,Saffola,SaffolaCooking OilPro,919,868.23,50.77,2024-08-06,Yes
P02029,Grocery,Rice,Daawat,DaawatRicePro,1199,1101.09,97.91,2025-12-16,Yes
P02030,Fashion,Men's Wear,US Polo,US PoloMen's WearPlus,399,263.39,135.61,2022-11-26,Yes
P02031,Electronics,Smartphones,OnePlus,OnePlusSmartphonesPro,67394,54661.26,12732.74,2022-08-23,Yes
P02032,Fashion,Men's Wear,Levi's,Levi'sMen's WearPlus,13690,8384.75,5305.25,2026-02-05,Yes
P02033,Grocery,Beverages,Pepsi,PepsiBeveragesPro,1965,1755.28,209.72,2023-11-12,Yes
P02034,Grocery,Beverages,Fanta,FantaBeveragesStandard,1568,1353.02,214.98,2021-11-02,Yes
P02035,Fashion,Men's Wear,Allen Solly,Allen SollyMen's WearMax,3178,1396.11,1781.89,2024-08-29,Yes
P02036,Fashion,Men's Wear,Van Heusen,Van HeusenMen's WearMax,3405,2219.56,1185.44,2021-10-30,Yes
P02037,Electronics,Laptops,Dell,DellLaptopsPlus,73009,58969.33,14039.67,2022-10-16,Yes
P02038,Electronics,Laptops,Asus,AsusLaptopsPlus,35223,31178.67,4044.33,2019-05-22,Yes
P02039,Fashion,Men's Wear,Van Heusen,Van HeusenMen's WearElite,4418,2645.68,1772.32,2025-08-12,Yes
P02040,Grocery,Cooking Oil,Fortune,FortuneCooking OilElite,1718,1584.07,133.93,2026-03-18,Yes
P02041,Fashion,Men's Wear,US Polo,US PoloMen's WearElite,6156,3444.93,2711.07,2019-06-21,Yes
P02042,Grocery,Beverages,Fanta,FantaBeveragesPremium,98,84.04,13.96,2020-07-19,Yes
P02043,Electronics,Laptops,Acer,AcerLaptopsPremium,63674,52582.65,11091.35,2023-09-29,Yes
P02044,Electronics,Smartphones,OnePlus,OnePlusSmartphonesPremium,99311,81255.18,18055.82,2023-02-02,Yes
P02045,Electronics,Laptops,HP,HPLaptopsPro,190383,165550.63,24832.37,2020-07-08,Yes
P02046,Grocery,Beverages,Coca-Cola,Coca-ColaBeveragesPremium,1205,1089.01,115.99,2019-05-23,Yes
P02047,Electronics,Laptops,Asus,AsusLaptopsElite,152781,124796.17,27984.83,2019-09-17,Yes
P02048,Grocery,Beverages,Fanta,FantaBeveragesPlus,46,39.44,6.56,2025-06-20,Yes
P02049,Electronics,Smartphones,OnePlus,OnePlusSmartphonesPlus,17244,14740.15,2503.85,2024-10-26,Yes
P02050,Grocery,Cooking Oil,Dhara,DharaCooking OilPro,1777,1682.63,94.37,2024-02-08,Yes
P02051,Electronics,Televisions,Samsung,SamsungTelevisionsPremium,130529,115561.16,14967.84,2025-09-02,Yes
P02052,Electronics,Laptops,Lenovo,LenovoLaptopsStandard,145826,118238.94,27587.06,2022-04-07,Yes
P02053,Fashion,Men's Wear,Allen Solly,Allen SollyMen's WearPlus,2840,1157.69,1682.31,2018-08-27,Yes
P02054,Electronics,Smartphones,Motorola,MotorolaSmartphonesPremium,157802,140451.63,17350.37,2024-08-25,Yes
P02055,Fashion,Women's Wear,Biba,BibaWomen's WearPlus,7837,3563.83,4273.17,2023-03-28,Yes
P02056,Fashion,Women's Wear,Zara,ZaraWomen's WearPlus,12067,7914.16,4152.84,2022-04-22,Yes
P02057,Fashion,Footwear,Nike,NikeFootwearPro,10971,6871.55,4099.45,2022-10-22,Yes
P02058,Grocery,Rice,Daawat,DaawatRiceElite,785,680.97,104.03,2020-12-02,Yes
P02059,Grocery,Beverages,7UP,7UPBeveragesMax,359,305.9,53.1,2024-06-24,Yes
P02060,Electronics,Laptops,Lenovo,LenovoLaptopsPremium,17308,14418.95,2889.05,2019-08-31,Yes
P02061,Electronics,Smartphones,Apple,AppleSmartphonesPremium,179524,156107.64,23416.36,2018-08-09,Yes
P02062,Fashion,Men's Wear,Allen Solly,Allen SollyMen's WearMax,11005,6795.63,4209.37,2024-10-06,Yes
P02063,Grocery,Cooking Oil,Saffola,SaffolaCooking OilMax,1025,880.35,144.65,2022-04-22,Yes
P02064,Fashion,Footwear,Adidas,AdidasFootwearElite,7387,4001.98,3385.02,2022-06-25,Yes
P02065,Fashion,Footwear,Bata,BataFootwearStandard,550,334.04,215.96,2019-03-19,Yes
P02066,Fashion,Women's Wear,Global Desi,Global DesiWomen's WearPro,12939,6478.68,6460.32,2021-09-02,Yes
P02067,Fashion,Footwear,Adidas,AdidasFootwearStandard,9445,4721.06,4723.94,2026-02-06,Yes
P02068,Electronics,Laptops,Acer,AcerLaptopsPro,147470,119519.78,27950.22,2022-07-22,Yes
P02069,Electronics,Televisions,Panasonic,PanasonicTelevisionsPremium,145023,118751.35,26271.65,2023-09-05,No
P02070,Fashion,Footwear,Nike,NikeFootwearPlus,3303,1753.32,1549.68,2019-10-17,Yes
P02071,Fashion,Men's Wear,Louis Philippe,Louis PhilippeMen's WearElite,1116,590.73,525.27,2019-07-12,Yes
P02072,Fashion,Men's Wear,Van Heusen,Van HeusenMen's WearPro,11335,6742.77,4592.23,2021-08-02,Yes
P02073,Grocery,Cooking Oil,Dhara,DharaCooking OilStandard,1648,1431.0,217.0,2023-02-09,Yes
P02074,Electronics,Laptops,Acer,AcerLaptopsPremium,17610,14153.39,3456.61,2022-11-21,Yes
P02075,Fashion,Men's Wear,Louis Philippe,Louis PhilippeMen's WearElite,7288,4826.59,2461.41,2019-02-24,Yes
P02076,Fashion,Footwear,Adidas,AdidasFootwearPlus,10476,4203.56,6272.44,2019-04-15,Yes
P02077,Electronics,Laptops,HP,HPLaptopsStandard,97561,79219.14,18341.86,2020-07-28,Yes
P02078,Fashion,Footwear,Puma,PumaFootwearMax,13029,8760.06,4268.94,2022-07-27,Yes
P02079,Grocery,Rice,Daawat,DaawatRiceElite,355,320.72,34.28,2022-02-18,Yes
P02080,Electronics,Laptops,HP,HPLaptopsPremium,67077,59575.49,7501.51,2020-06-12,Yes
P02081,Electronics,Televisions,Sony,SonyTelevisionsPremium,58054,49432.99,8621.01,2026-03-27,Yes
P02082,Electronics,Smartphones,Google,GoogleSmartphonesPro,120944,107395.73,13548.27,2024-05-03,Yes
P02083,Grocery,Rice,Fortune,FortuneRicePremium,396,372.13,23.87,2020-05-23,Yes
P02084,Electronics,Smartphones,Apple,AppleSmartphonesPlus,149916,124813.94,25102.06,2019-06-30,Yes
P02085,Fashion,Men's Wear,Allen Solly,Allen SollyMen's WearPremium,3265,2005.13,1259.87,2023-11-11,Yes
P02086,Electronics,Laptops,Lenovo,LenovoLaptopsPro,184587,164678.2,19908.8,2025-05-16,Yes
P02087,Electronics,Televisions,Panasonic,PanasonicTelevisionsPlus,84520,71141.77,13378.23,2019-06-18,Yes
P02088,Grocery,Cooking Oil,Dhara,DharaCooking OilStandard,194,165.4,28.6,2023-06-24,Yes
P02089,Fashion,Women's Wear,Zara,ZaraWomen's WearPremium,1354,671.01,682.99,2021-11-04,Yes
P02090,Grocery,Beverages,Pepsi,PepsiBeveragesPro,1530,1373.13,156.87,2024-02-16,Yes
P02091,Electronics,Laptops,Acer,AcerLaptopsPlus,75769,65996.95,9772.05,2025-06-07,Yes
P02092,Fashion,Footwear,Skechers,SkechersFootwearPlus,14604,8184.66,6419.34,2023-03-25,Yes
P02093,Grocery,Cooking Oil,Fortune,FortuneCooking OilMax,101,93.84,7.16,2019-11-19,Yes
P02094,Electronics,Televisions,Sony,SonyTelevisionsPremium,164277,143445.59,20831.41,2022-08-19,Yes
P02095,Grocery,Beverages,Pepsi,PepsiBeveragesElite,837,785.73,51.27,2018-12-23,Yes
P02096,Fashion,Men's Wear,US Polo,US PoloMen's WearMax,9741,4066.73,5674.27,2021-11-25,Yes
P02097,Electronics,Televisions,TCL,TCLTelevisionsPremium,135885,115601.12,20283.88,2026-04-28,Yes
P02098,Grocery,Rice,Fortune,FortuneRicePremium,681,630.09,50.91,2025-02-09,Yes
P02099,Grocery,Rice,India Gate,India GateRicePlus,1514,1370.62,143.38,2022-09-19,Yes
P02100,Fashion,Footwear,Puma,PumaFootwearStandard,4466,2825.04,1640.96,2025-04-27,Yes
P02101,Grocery,Cooking Oil,Saffola,SaffolaCooking OilPlus,1482,1378.89,103.11,2025-04-07,Yes
P02102,Grocery,Beverages,Fanta,FantaBeveragesElite,929,800.42,128.58,2023-03-18,Yes
P02103,Electronics,Smartphones,Motorola,MotorolaSmartphonesMax,193882,155584.29,38297.71,2022-02-18,Yes
P02104,Fashion,Women's Wear,Global Desi,Global DesiWomen's WearStandard,1628,792.94,835.06,2019-05-03,Yes
P02105,Grocery,Beverages,7UP,7UPBeveragesStandard,532,461.59,70.41,2019-03-05,Yes
P02106,Grocery,Beverages,Pepsi,PepsiBeveragesPremium,1835,1698.34,136.66,2026-07-28,Yes
P02107,Electronics,Smartphones,Motorola,MotorolaSmartphonesPlus,199736,179112.28,20623.72,2026-02-14,Yes
P02108,Fashion,Men's Wear,US Polo,US PoloMen's WearMax,4614,1977.44,2636.56,2022-03-29,Yes
P02109,Electronics,Televisions,LG,LGTelevisionsPremium,197059,174105.17,22953.83,2019-09-08,Yes
P02110,Fashion,Footwear,Bata,BataFootwearPro,5798,2804.5,2993.5,2022-07-13,Yes
P02111,Grocery,Cooking Oil,Saffola,SaffolaCooking OilPro,1659,1434.1,224.9,2022-02-11,Yes
P02112,Fashion,Women's Wear,W,WWomen's WearElite,9503,4068.07,5434.93,2024-11-23,Yes
P02113,Electronics,Smartphones,Samsung,SamsungSmartphonesMax,123051,100642.03,22408.97,2022-09-28,Yes
P02114,Fashion,Footwear,Adidas,AdidasFootwearPlus,11702,4867.87,6834.13,2018-10-09,Yes
P02115,Grocery,Rice,Fortune,FortuneRiceStandard,662,568.48,93.52,2021-03-08,Yes
P02116,Electronics,Televisions,Sony,SonyTelevisionsElite,25668,23056.65,2611.35,2023-07-08,Yes
P02117,Electronics,Laptops,Acer,AcerLaptopsPremium,96370,82632.21,13737.79,2025-04-05,Yes
P02118,Electronics,Laptops,Acer,AcerLaptopsPlus,9083,7339.29,1743.71,2020-04-08,Yes
P02119,Electronics,Smartphones,Samsung,SamsungSmartphonesPro,165424,142306.93,23117.07,2025-11-03,Yes
P02120,Fashion,Men's Wear,Van Heusen,Van HeusenMen's WearMax,6233,2938.41,3294.59,2025-05-31,Yes
P02121,Electronics,Televisions,Sony,SonyTelevisionsPro,70096,58111.31,11984.69,2019-09-29,Yes
P02122,Electronics,Laptops,Dell,DellLaptopsMax,78668,63626.69,15041.31,2019-02-16,Yes
P02123,Fashion,Men's Wear,Levi's,Levi'sMen's WearElite,11299,6719.64,4579.36,2023-02-07,Yes
P02124,Grocery,Cooking Oil,Saffola,SaffolaCooking OilStandard,1473,1342.37,130.63,2026-02-12,Yes
P02125,Grocery,Cooking Oil,Fortune,FortuneCooking OilPlus,261,241.66,19.34,2022-12-13,Yes
P02126,Electronics,Laptops,Lenovo,LenovoLaptopsPlus,6580,5430.7,1149.3,2023-01-01,Yes
P02127,Electronics,Televisions,Panasonic,PanasonicTelevisionsStandard,96709,85384.12,11324.88,2018-11-04,Yes
P02128,Grocery,Rice,Fortune,FortuneRicePremium,1567,1367.69,199.31,2020-06-28,Yes
P02129,Fashion,Women's Wear,Biba,BibaWomen's WearElite,1203,505.6,697.4,2019-06-20,Yes
P02130,Electronics,Laptops,HP,HPLaptopsPlus,41270,34572.34,6697.66,2018-08-09,Yes
P02131,Grocery,Rice,Daawat,DaawatRiceStandard,1758,1549.28,208.72,2022-11-13,Yes
P02132,Fashion,Women's Wear,W,WWomen's WearElite,10739,6674.46,4064.54,2020-03-11,Yes
P02133,Electronics,Smartphones,Motorola,MotorolaSmartphonesPremium,119128,104439.75,14688.25,2018-12-20,Yes
P02134,Fashion,Footwear,Bata,BataFootwearPremium,8936,5675.05,3260.95,2022-03-23,Yes
P02135,Electronics,Laptops,Acer,AcerLaptopsMax,93177,79691.69,13485.31,2025-10-26,Yes
P02136,Electronics,Televisions,Sony,SonyTelevisionsPremium,58387,49401.08,8985.92,2022-02-15,Yes
P02137,Fashion,Women's Wear,Global Desi,Global DesiWomen's WearStandard,3509,1813.42,1695.58,2021-12-16,Yes
P02138,Electronics,Laptops,Asus,AsusLaptopsPlus,64227,57447.44,6779.56,2022-08-17,Yes
P02139,Electronics,Televisions,TCL,TCLTelevisionsPremium,66359,58130.35,8228.65,2022-04-26,Yes
P02140,Fashion,Women's Wear,Biba,BibaWomen's WearPlus,2903,1412.55,1490.45,2019-12-26,Yes
P02141,Electronics,Smartphones,Apple,AppleSmartphonesElite,88467,75185.14,13281.86,2019-03-09,Yes
P02142,Fashion,Men's Wear,Louis Philippe,Louis PhilippeMen's WearMax,2397,1308.26,1088.74,2023-08-01,Yes
P02143,Fashion,Women's Wear,W,WWomen's WearElite,10611,6657.86,3953.14,2024-01-28,Yes
P02144,Grocery,Beverages,Pepsi,PepsiBeveragesPlus,429,385.0,44.0,2025-03-09,Yes
P02145,Grocery,Cooking Oil,Fortune,FortuneCooking OilElite,1932,1688.53,243.47,2023-11-14,Yes
P02146,Electronics,Smartphones,OnePlus,OnePlusSmartphonesElite,79884,67587.48,12296.52,2026-05-03,Yes
P02147,Electronics,Laptops,Lenovo,LenovoLaptopsStandard,178455,148049.27,30405.73,2021-02-06,Yes
P02148,Electronics,Smartphones,Apple,AppleSmartphonesStandard,186454,166355.76,20098.24,2023-04-06,Yes
P02149,Electronics,Smartphones,Google,GoogleSmartphonesStandard,16704,14281.75,2422.25,2019-11-15,Yes
P02150,Grocery,Cooking Oil,Saffola,SaffolaCooking OilMax,353,306.94,46.06,2022-07-25,Yes
P02151,Grocery,Beverages,Fanta,FantaBeveragesPro,88,78.24,9.76,2025-11-27,Yes
P02152,Electronics,Laptops,Dell,DellLaptopsPlus,129714,109418.84,20295.16,2023-09-13,Yes
P02153,Grocery,Cooking Oil,Saffola,SaffolaCooking OilElite,1743,1605.56,137.44,2025-11-27,Yes
P02154,Fashion,Women's Wear,Biba,BibaWomen's WearMax,4788,2681.94,2106.06,2021-04-30,Yes
P02155,Electronics,Smartphones,Apple,AppleSmartphonesElite,175105,140869.11,34235.89,2023-07-01,Yes
P02156,Grocery,Beverages,Pepsi,PepsiBeveragesPremium,985,877.09,107.91,2026-04-23,Yes
P02157,Grocery,Beverages,Pepsi,PepsiBeveragesElite,1710,1506.53,203.47,2025-03-13,Yes
P02158,Fashion,Men's Wear,Levi's,Levi'sMen's WearStandard,4174,2068.69,2105.31,2019-10-28,Yes
P02159,Electronics,Laptops,HP,HPLaptopsMax,139236,123654.91,15581.09,2019-08-08,Yes
P02160,Grocery,Beverages,Fanta,FantaBeveragesStandard,858,788.73,69.27,2019-10-06,Yes
P02161,Electronics,Smartphones,Samsung,SamsungSmartphonesPro,59715,49309.18,10405.82,2024-04-22,Yes
P02162,Fashion,Women's Wear,H&M,H&MWomen's WearMax,11032,4638.28,6393.72,2021-05-19,Yes
P02163,Fashion,Men's Wear,Allen Solly,Allen SollyMen's WearElite,3793,2200.78,1592.22,2019-05-07,Yes
P02164,Fashion,Men's Wear,US Polo,US PoloMen's WearPro,13743,7254.59,6488.41,2019-01-27,Yes
P02165,Fashion,Men's Wear,Levi's,Levi'sMen's WearMax,1222,805.32,416.68,2025-01-04,Yes
P02166,Electronics,Televisions,Panasonic,PanasonicTelevisionsPremium,49693,44642.35,5050.65,2021-05-11,Yes
P02167,Fashion,Women's Wear,Global Desi,Global DesiWomen's WearElite,9951,5041.55,4909.45,2025-09-28,Yes
P02168,Grocery,Rice,Fortune,FortuneRiceElite,1681,1434.3,246.7,2018-08-16,Yes
P02169,Fashion,Men's Wear,Louis Philippe,Louis PhilippeMen's WearPro,1219,731.63,487.37,2019-08-29,Yes
P02170,Grocery,Beverages,Fanta,FantaBeveragesPlus,979,883.27,95.73,2019-09-08,Yes
P02171,Electronics,Televisions,Sony,SonyTelevisionsStandard,195287,174758.27,20528.73,2020-11-11,Yes
P02172,Fashion,Women's Wear,Global Desi,Global DesiWomen's WearStandard,1217,659.11,557.89,2024-01-04,Yes
P02173,Fashion,Footwear,Nike,NikeFootwearMax,10759,7287.16,3471.84,2023-01-03,Yes
P02174,Fashion,Men's Wear,Levi's,Levi'sMen's WearPlus,1661,860.62,800.38,2021-09-09,Yes
P02175,Grocery,Cooking Oil,Saffola,SaffolaCooking OilPro,768,653.93,114.07,2024-07-28,Yes
P02176,Grocery,Rice,India Gate,India GateRicePremium,1990,1776.29,213.71,2019-04-09,Yes
P02177,Grocery,Cooking Oil,Saffola,SaffolaCooking OilMax,1753,1660.41,92.59,2018-11-16,Yes
P02178,Electronics,Smartphones,Apple,AppleSmartphonesPlus,32698,28945.36,3752.64,2025-11-23,Yes
P02179,Grocery,Rice,Daawat,DaawatRicePremium,921,841.89,79.11,2019-10-30,Yes
P02180,Electronics,Laptops,Lenovo,LenovoLaptopsPro,194865,166245.57,28619.43,2025-10-23,Yes
P02181,Electronics,Smartphones,OnePlus,OnePlusSmartphonesStandard,47781,42565.04,5215.96,2023-02-02,Yes
P02182,Grocery,Cooking Oil,Dhara,DharaCooking OilMax,849,767.08,81.92,2022-04-05,Yes
P02183,Grocery,Beverages,Pepsi,PepsiBeveragesPremium,877,746.3,130.7,2024-07-15,Yes
P02184,Electronics,Laptops,HP,HPLaptopsMax,35801,31344.13,4456.87,2024-04-11,Yes
P02185,Fashion,Footwear,Bata,BataFootwearMax,4676,2607.6,2068.4,2021-02-06,Yes
P02186,Fashion,Footwear,Skechers,SkechersFootwearElite,751,447.8,303.2,2025-02-27,Yes
P02187,Grocery,Rice,Daawat,DaawatRicePro,1745,1536.1,208.9,2024-02-02,Yes
P02188,Grocery,Cooking Oil,Saffola,SaffolaCooking OilPremium,289,271.82,17.18,2025-11-12,Yes
P02189,Electronics,Smartphones,Samsung,SamsungSmartphonesElite,129917,111173.77,18743.23,2022-02-20,Yes
P02190,Grocery,Cooking Oil,Fortune,FortuneCooking OilStandard,1426,1213.46,212.54,2021-04-25,Yes
P02191,Grocery,Beverages,7UP,7UPBeveragesStandard,1259,1184.43,74.57,2022-08-14,Yes
P02192,Fashion,Men's Wear,Louis Philippe,Louis PhilippeMen's WearPro,1309,609.62,699.38,2019-06-18,Yes
P02193,Electronics,Smartphones,OnePlus,OnePlusSmartphonesPlus,38933,33255.37,5677.63,2018-08-17,Yes
P02194,Grocery,Rice,India Gate,India GateRicePlus,1338,1237.45,100.55,2022-08-15,Yes
P02195,Grocery,Rice,India Gate,India GateRicePlus,1741,1637.22,103.78,2018-12-06,Yes
P02196,Electronics,Televisions,TCL,TCLTelevisionsStandard,176747,158013.55,18733.45,2025-04-10,Yes
P02197,Grocery,Cooking Oil,Fortune,FortuneCooking OilStandard,434,383.6,50.4,2019-02-24,Yes
P02198,Electronics,Laptops,Asus,AsusLaptopsPro,118717,106687.05,12029.95,2022-04-09,Yes
P02199,Electronics,Smartphones,Apple,AppleSmartphonesMax,170623,142781.71,27841.29,2024-02-24,Yes
P02200,Electronics,Smartphones,Samsung,SamsungSmartphonesStandard,18514,16364.9,2149.1,2025-11-28,Yes
P02201,Grocery,Cooking Oil,Saffola,SaffolaCooking OilStandard,565,528.95,36.05,2021-03-14,Yes
P02202,Grocery,Rice,Fortune,FortuneRiceStandard,1410,1314.94,95.06,2018-08-01,Yes
P02203,Electronics,Laptops,Acer,AcerLaptopsPlus,75291,64776.75,10514.25,2025-08-13,Yes
P02204,Fashion,Footwear,Skechers,SkechersFootwearStandard,10874,5655.9,5218.1,2025-06-07,Yes
P02205,Electronics,Smartphones,OnePlus,OnePlusSmartphonesElite,127974,107237.21,20736.79,2023-07-30,Yes
P02206,Electronics,Smartphones,Apple,AppleSmartphonesStandard,195928,167042.44,28885.56,2021-10-08,Yes
P02207,Fashion,Men's Wear,Van Heusen,Van HeusenMen's WearElite,13167,5552.26,7614.74,2026-06-10,Yes
P02208,Grocery,Rice,India Gate,India GateRicePremium,1908,1730.6,177.4,2023-03-07,Yes
P02209,Electronics,Televisions,LG,LGTelevisionsStandard,120529,97096.79,23432.21,2026-03-07,Yes
P02210,Grocery,Rice,Fortune,FortuneRiceElite,564,482.94,81.06,2022-05-03,Yes
P02211,Grocery,Beverages,Sprite,SpriteBeveragesElite,1479,1366.07,112.93,2021-11-25,Yes
P02212,Fashion,Men's Wear,Van Heusen,Van HeusenMen's WearMax,2868,2000.06,867.94,2026-04-26,Yes
P02213,Grocery,Beverages,Coca-Cola,Coca-ColaBeveragesPlus,235,207.57,27.43,2025-08-04,Yes
P02214,Grocery,Cooking Oil,Dhara,DharaCooking OilElite,1375,1220.72,154.28,2024-11-14,Yes
P02215,Electronics,Laptops,Lenovo,LenovoLaptopsPro,158582,142461.02,16120.98,2022-04-21,Yes
P02216,Grocery,Cooking Oil,Fortune,FortuneCooking OilMax,895,818.65,76.35,2026-06-12,Yes
P02217,Electronics,Televisions,Panasonic,PanasonicTelevisionsElite,72296,63804.78,8491.22,2025-07-08,Yes
P02218,Fashion,Footwear,Puma,PumaFootwearMax,12578,7489.07,5088.93,2025-12-31,Yes
P02219,Fashion,Women's Wear,H&M,H&MWomen's WearPlus,2168,1228.84,939.16,2023-06-16,Yes
P02220,Grocery,Beverages,Fanta,FantaBeveragesPlus,968,896.12,71.88,2023-08-01,Yes
P02221,Grocery,Beverages,Sprite,SpriteBeveragesPro,840,739.44,100.56,2022-12-08,Yes
P02222,Electronics,Smartphones,OnePlus,OnePlusSmartphonesPremium,173615,138933.04,34681.96,2026-03-23,Yes
P02223,Grocery,Cooking Oil,Saffola,SaffolaCooking OilPlus,488,429.67,58.33,2021-10-26,Yes
P02224,Grocery,Beverages,Coca-Cola,Coca-ColaBeveragesPro,492,419.42,72.58,2018-09-04,Yes
P02225,Fashion,Women's Wear,Biba,BibaWomen's WearPremium,6146,3440.7,2705.3,2022-09-26,Yes
P02226,Grocery,Cooking Oil,Fortune,FortuneCooking OilStandard,763,702.51,60.49,2024-01-04,Yes
P02227,Grocery,Beverages,Pepsi,PepsiBeveragesElite,342,319.25,22.75,2022-09-08,Yes
P02228,Grocery,Beverages,Pepsi,PepsiBeveragesElite,204,187.57,16.43,2023-10-27,Yes
P02229,Fashion,Men's Wear,Van Heusen,Van HeusenMen's WearElite,12883,6736.37,6146.63,2026-07-27,Yes
P02230,Fashion,Men's Wear,Levi's,Levi'sMen's WearPro,11063,6296.32,4766.68,2025-07-21,Yes
P02231,Fashion,Footwear,Adidas,AdidasFootwearElite,9514,4635.69,4878.31,2021-11-07,Yes
P02232,Grocery,Cooking Oil,Dhara,DharaCooking OilPremium,1307,1185.65,121.35,2021-03-20,Yes
P02233,Grocery,Cooking Oil,Dhara,DharaCooking OilPlus,415,378.78,36.22,2021-03-03,Yes
P02234,Fashion,Men's Wear,Van Heusen,Van HeusenMen's WearPremium,7150,4673.85,2476.15,2023-09-01,Yes
P02235,Grocery,Beverages,Fanta,FantaBeveragesStandard,88,76.68,11.32,2024-12-12,Yes
P02236,Electronics,Laptops,Dell,DellLaptopsStandard,79495,64771.07,14723.93,2019-02-21,Yes
P02237,Fashion,Footwear,Bata,BataFootwearMax,1438,860.31,577.69,2026-07-01,Yes
P02238,Grocery,Beverages,Pepsi,PepsiBeveragesPlus,20,17.74,2.26,2020-07-14,Yes
P02239,Fashion,Women's Wear,Zara,ZaraWomen's WearMax,5551,2508.81,3042.19,2025-09-20,Yes
P02240,Electronics,Televisions,TCL,TCLTelevisionsMax,49582,40185.54,9396.46,2025-07-12,Yes
P02241,Grocery,Beverages,Fanta,FantaBeveragesPlus,1174,1082.65,91.35,2024-01-04,Yes
P02242,Grocery,Rice,Fortune,FortuneRiceMax,893,782.72,110.28,2024-01-17,Yes
P02243,Electronics,Laptops,Lenovo,LenovoLaptopsPlus,49520,40647.93,8872.07,2024-12-01,Yes
P02244,Electronics,Smartphones,Motorola,MotorolaSmartphonesElite,62771,52573.56,10197.44,2020-09-18,Yes
P02245,Fashion,Men's Wear,US Polo,US PoloMen's WearStandard,6191,2519.3,3671.7,2025-11-12,Yes
P02246,Fashion,Women's Wear,Global Desi,Global DesiWomen's WearElite,4916,2822.05,2093.95,2020-03-23,Yes
P02247,Grocery,Cooking Oil,Dhara,DharaCooking OilMax,556,525.45,30.55,2019-08-16,Yes
P02248,Electronics,Laptops,Lenovo,LenovoLaptopsPlus,113939,99729.05,14209.95,2024-09-07,Yes
P02249,Grocery,Cooking Oil,Dhara,DharaCooking OilPro,698,650.0,48.0,2018-12-26,Yes
P02250,Fashion,Men's Wear,Levi's,Levi'sMen's WearPlus,14965,6342.5,8622.5,2025-02-07,Yes
P02251,Fashion,Footwear,Puma,PumaFootwearPlus,14610,7963.71,6646.29,2026-02-03,Yes
P02252,Grocery,Beverages,7UP,7UPBeveragesStandard,1589,1404.96,184.04,2020-07-22,Yes
P02253,Fashion,Footwear,Nike,NikeFootwearPro,14001,8987.61,5013.39,2023-08-27,Yes
P02254,Grocery,Beverages,Coca-Cola,Coca-ColaBeveragesPlus,1886,1742.75,143.25,2019-08-13,Yes
P02255,Electronics,Smartphones,Google,GoogleSmartphonesStandard,88773,79148.05,9624.95,2019-01-01,Yes
P02256,Electronics,Laptops,Lenovo,LenovoLaptopsPro,146497,118691.19,27805.81,2019-12-13,Yes
P02257,Fashion,Men's Wear,Allen Solly,Allen SollyMen's WearPro,6562,3996.47,2565.53,2025-08-01,Yes
P02258,Fashion,Women's Wear,H&M,H&MWomen's WearPlus,3051,1580.91,1470.09,2018-08-27,Yes
P02259,Fashion,Footwear,Adidas,AdidasFootwearMax,2816,1559.72,1256.28,2024-01-27,Yes
P02260,Grocery,Beverages,Sprite,SpriteBeveragesMax,455,430.83,24.17,2021-04-04,Yes
P02261,Electronics,Laptops,Lenovo,LenovoLaptopsPro,53579,44939.43,8639.57,2019-02-25,Yes
P02262,Electronics,Smartphones,Google,GoogleSmartphonesPremium,65517,57951.25,7565.75,2019-04-01,Yes
P02263,Electronics,Laptops,HP,HPLaptopsPremium,137685,117053.19,20631.81,2022-10-21,Yes
P02264,Electronics,Televisions,LG,LGTelevisionsPlus,79189,67636.21,11552.79,2025-08-09,Yes
P02265,Electronics,Televisions,Samsung,SamsungTelevisionsStandard,88462,77169.93,11292.07,2023-08-10,Yes
P02266,Electronics,Laptops,HP,HPLaptopsMax,165852,141970.27,23881.73,2024-05-24,Yes
P02267,Grocery,Cooking Oil,Dhara,DharaCooking OilStandard,266,234.52,31.48,2020-02-19,Yes
P02268,Grocery,Rice,Daawat,DaawatRiceElite,1902,1705.03,196.97,2018-08-09,Yes
P02269,Fashion,Men's Wear,Levi's,Levi'sMen's WearPro,652,368.32,283.68,2022-06-13,Yes
P02270,Fashion,Women's Wear,Zara,ZaraWomen's WearPlus,11651,6770.22,4880.78,2022-12-28,Yes
P02271,Fashion,Women's Wear,Biba,BibaWomen's WearPlus,354,200.08,153.92,2021-04-27,Yes
P02272,Electronics,Laptops,Asus,AsusLaptopsPlus,117834,96044.63,21789.37,2025-04-23,Yes
P02273,Fashion,Women's Wear,Global Desi,Global DesiWomen's WearPremium,5273,3581.74,1691.26,2021-04-22,Yes
P02274,Grocery,Beverages,Sprite,SpriteBeveragesPlus,1707,1616.32,90.68,2019-12-25,Yes
P02275,Grocery,Beverages,7UP,7UPBeveragesMax,946,867.46,78.54,2023-01-26,Yes
P02276,Electronics,Smartphones,OnePlus,OnePlusSmartphonesPro,51896,41517.08,10378.92,2022-05-22,No
P02277,Grocery,Rice,Fortune,FortuneRiceElite,1444,1331.55,112.45,2023-12-15,Yes
P02278,Grocery,Beverages,7UP,7UPBeveragesMax,885,813.59,71.41,2018-11-08,Yes
P02279,Grocery,Cooking Oil,Saffola,SaffolaCooking OilPlus,131,112.95,18.05,2023-05-09,Yes
P02280,Electronics,Televisions,Sony,SonyTelevisionsPro,50884,40925.27,9958.73,2022-10-12,Yes
P02281,Grocery,Cooking Oil,Dhara,DharaCooking OilPremium,102,89.34,12.66,2021-09-18,Yes
P02282,Grocery,Beverages,Sprite,SpriteBeveragesPlus,1097,1013.27,83.73,2020-09-24,Yes
P02283,Fashion,Women's Wear,W,WWomen's WearElite,3593,2420.7,1172.3,2025-09-22,Yes
P02284,Electronics,Laptops,Asus,AsusLaptopsElite,111989,99779.49,12209.51,2022-07-30,Yes
P02285,Fashion,Men's Wear,Allen Solly,Allen SollyMen's WearPlus,1601,983.82,617.18,2021-09-18,Yes
P02286,Electronics,Smartphones,Motorola,MotorolaSmartphonesPlus,191596,154355.13,37240.87,2020-02-29,Yes
P02287,Electronics,Laptops,HP,HPLaptopsStandard,67897,57049.86,10847.14,2022-05-06,Yes
P02288,Grocery,Cooking Oil,Fortune,FortuneCooking OilElite,1661,1509.78,151.22,2018-11-19,Yes
P02289,Fashion,Footwear,Bata,BataFootwearElite,7326,3828.47,3497.53,2019-02-28,Yes
P02290,Grocery,Rice,Fortune,FortuneRicePlus,1265,1137.18,127.82,2022-12-03,Yes
P02291,Fashion,Footwear,Adidas,AdidasFootwearPro,4606,1859.57,2746.43,2021-05-11,Yes
P02292,Electronics,Televisions,Panasonic,PanasonicTelevisionsPlus,1362,1117.09,244.91,2021-10-04,Yes
P02293,Grocery,Beverages,7UP,7UPBeveragesStandard,1071,1009.43,61.57,2018-08-12,Yes
P02294,Electronics,Smartphones,Samsung,SamsungSmartphonesPlus,174784,156681.3,18102.7,2026-01-30,Yes
P02295,Grocery,Beverages,7UP,7UPBeveragesElite,1823,1620.35,202.65,2023-07-21,Yes
P02296,Grocery,Cooking Oil,Fortune,FortuneCooking OilStandard,1795,1610.43,184.57,2025-08-25,Yes
P02297,Fashion,Women's Wear,Zara,ZaraWomen's WearPremium,13510,6530.56,6979.44,2023-05-15,Yes
P02298,Fashion,Footwear,Skechers,SkechersFootwearMax,1857,1271.57,585.43,2021-05-30,Yes
P02299,Electronics,Smartphones,Samsung,SamsungSmartphonesPremium,16507,13887.9,2619.1,2026-06-10,Yes
P02300,Fashion,Men's Wear,Louis Philippe,Louis PhilippeMen's WearStandard,11489,6617.54,4871.46,2024-04-18,Yes
P02301,Fashion,Men's Wear,Allen Solly,Allen SollyMen's WearElite,5666,3662.97,2003.03,2020-08-25,Yes
P02302,Electronics,Laptops,Acer,AcerLaptopsElite,159549,130390.79,29158.21,2020-06-04,Yes
P02303,Electronics,Laptops,Lenovo,LenovoLaptopsStandard,79269,65059.28,14209.72,2022-10-31,Yes
P02304,Grocery,Cooking Oil,Fortune,FortuneCooking OilStandard,308,277.17,30.83,2024-11-24,Yes
P02305,Grocery,Cooking Oil,Fortune,FortuneCooking OilPro,572,530.42,41.58,2024-03-12,Yes
P02306,Grocery,Beverages,Fanta,FantaBeveragesPremium,474,409.9,64.1,2020-08-19,Yes
P02307,Electronics,Smartphones,Google,GoogleSmartphonesPremium,116801,103301.66,13499.34,2021-05-27,Yes
P02308,Grocery,Beverages,Sprite,SpriteBeveragesStandard,1124,1015.83,108.17,2021-01-22,Yes
P02309,Fashion,Women's Wear,Zara,ZaraWomen's WearPlus,8984,5054.55,3929.45,2024-05-04,Yes
P02310,Electronics,Smartphones,Apple,AppleSmartphonesPlus,44423,37508.53,6914.47,2026-01-20,Yes
P02311,Grocery,Rice,Daawat,DaawatRicePlus,437,413.73,23.27,2022-06-13,Yes
P02312,Fashion,Men's Wear,US Polo,US PoloMen's WearPlus,13306,5480.16,7825.84,2023-06-27,Yes
P02313,Fashion,Men's Wear,Louis Philippe,Louis PhilippeMen's WearElite,13185,6872.11,6312.89,2020-10-19,Yes
P02314,Electronics,Smartphones,Apple,AppleSmartphonesPro,106016,92280.99,13735.01,2021-07-30,Yes
P02315,Grocery,Rice,India Gate,India GateRicePro,1287,1208.17,78.83,2020-12-11,Yes
P02316,Fashion,Women's Wear,Zara,ZaraWomen's WearPro,1464,931.05,532.95,2020-01-19,Yes
P02317,Electronics,Smartphones,Samsung,SamsungSmartphonesPremium,189356,162531.98,26824.02,2024-12-09,Yes
P02318,Fashion,Men's Wear,Louis Philippe,Louis PhilippeMen's WearPro,10636,6064.16,4571.84,2026-02-24,Yes
P02319,Fashion,Men's Wear,Louis Philippe,Louis PhilippeMen's WearMax,1619,666.88,952.12,2021-03-25,Yes
P02320,Fashion,Women's Wear,Zara,ZaraWomen's WearPlus,11105,5318.77,5786.23,2025-07-12,Yes
P02321,Grocery,Cooking Oil,Dhara,DharaCooking OilPlus,845,778.9,66.1,2020-03-18,Yes
P02322,Fashion,Men's Wear,Allen Solly,Allen SollyMen's WearPremium,6757,3675.89,3081.11,2020-04-04,Yes
P02323,Grocery,Beverages,Sprite,SpriteBeveragesPro,104,90.23,13.77,2023-03-05,Yes
P02324,Grocery,Beverages,Coca-Cola,Coca-ColaBeveragesStandard,321,279.12,41.88,2022-08-25,Yes
P02325,Grocery,Cooking Oil,Fortune,FortuneCooking OilPremium,1191,1045.74,145.26,2023-02-28,Yes
P02326,Electronics,Smartphones,Motorola,MotorolaSmartphonesElite,70113,57753.02,12359.98,2020-12-22,Yes
P02327,Electronics,Smartphones,OnePlus,OnePlusSmartphonesStandard,86832,73061.1,13770.9,2026-03-21,Yes
P02328,Grocery,Beverages,Sprite,SpriteBeveragesStandard,1432,1280.44,151.56,2026-06-05,Yes
P02329,Fashion,Women's Wear,Global Desi,Global DesiWomen's WearStandard,8394,3693.27,4700.73,2023-06-08,Yes
P02330,Grocery,Cooking Oil,Fortune,FortuneCooking OilPro,1796,1627.63,168.37,2018-09-27,Yes
P02331,Electronics,Laptops,Lenovo,LenovoLaptopsMax,192690,170086.85,22603.15,2025-12-15,Yes
P02332,Fashion,Footwear,Adidas,AdidasFootwearPremium,13876,7686.83,6189.17,2019-05-10,Yes
P02333,Fashion,Men's Wear,US Polo,US PoloMen's WearStandard,12463,8430.46,4032.54,2019-08-19,Yes
P02334,Grocery,Cooking Oil,Fortune,FortuneCooking OilPlus,1129,1016.89,112.11,2020-01-15,Yes
P02335,Electronics,Smartphones,Samsung,SamsungSmartphonesPremium,151330,126366.14,24963.86,2022-12-28,Yes
P02336,Fashion,Footwear,Skechers,SkechersFootwearPlus,11674,6645.73,5028.27,2021-07-31,Yes
P02337,Grocery,Beverages,Fanta,FantaBeveragesPlus,671,598.87,72.13,2024-11-16,Yes
P02338,Grocery,Cooking Oil,Dhara,DharaCooking OilMax,466,412.53,53.47,2019-02-24,Yes
P02339,Fashion,Women's Wear,Biba,BibaWomen's WearPremium,4129,2277.14,1851.86,2024-09-19,Yes
P02340,Electronics,Televisions,Sony,SonyTelevisionsStandard,50660,40909.77,9750.23,2025-03-01,Yes
P02341,Grocery,Rice,Daawat,DaawatRicePro,33,30.41,2.59,2022-05-31,Yes
P02342,Fashion,Men's Wear,US Polo,US PoloMen's WearPremium,10790,4516.38,6273.62,2025-06-02,Yes
P02343,Electronics,Smartphones,OnePlus,OnePlusSmartphonesPremium,163879,144485.56,19393.44,2024-09-26,Yes
P02344,Grocery,Rice,India Gate,India GateRicePlus,1143,1014.65,128.35,2022-02-16,Yes
P02345,Grocery,Rice,Fortune,FortuneRiceMax,427,380.12,46.88,2023-02-01,Yes
P02346,Electronics,Smartphones,Apple,AppleSmartphonesElite,80191,71624.04,8566.96,2019-07-14,Yes
P02347,Electronics,Smartphones,OnePlus,OnePlusSmartphonesPremium,105787,87453.8,18333.2,2019-08-09,Yes
P02348,Fashion,Women's Wear,Biba,BibaWomen's WearStandard,9701,6437.5,3263.5,2018-09-12,Yes
P02349,Electronics,Smartphones,Google,GoogleSmartphonesStandard,160333,140383.3,19949.7,2020-03-03,Yes
P02350,Electronics,Smartphones,OnePlus,OnePlusSmartphonesPremium,151995,128121.11,23873.89,2018-09-06,Yes
P02351,Fashion,Footwear,Puma,PumaFootwearPremium,4302,2470.88,1831.12,2026-05-03,Yes
P02352,Electronics,Televisions,Panasonic,PanasonicTelevisionsPlus,69964,56680.74,13283.26,2021-02-21,Yes
P02353,Grocery,Rice,India Gate,India GateRicePremium,1033,974.89,58.11,2019-07-28,Yes
P02354,Grocery,Cooking Oil,Saffola,SaffolaCooking OilMax,362,334.21,27.79,2026-07-16,Yes
P02355,Electronics,Laptops,HP,HPLaptopsMax,152240,127849.97,24390.03,2023-10-20,Yes
P02356,Grocery,Cooking Oil,Dhara,DharaCooking OilPro,499,445.73,53.27,2024-05-10,Yes
P02357,Electronics,Smartphones,Google,GoogleSmartphonesPro,53598,47880.83,5717.17,2021-03-20,Yes
P02358,Electronics,Smartphones,Motorola,MotorolaSmartphonesPlus,161465,133368.59,28096.41,2026-01-10,Yes
P02359,Grocery,Beverages,Sprite,SpriteBeveragesPlus,1105,951.08,153.92,2021-03-27,Yes
P02360,Fashion,Men's Wear,Allen Solly,Allen SollyMen's WearPremium,14025,7097.78,6927.22,2025-12-12,Yes
P02361,Electronics,Televisions,TCL,TCLTelevisionsElite,26991,23675.48,3315.52,2024-08-01,Yes
P02362,Grocery,Beverages,Coca-Cola,Coca-ColaBeveragesStandard,654,607.08,46.92,2022-09-16,Yes
P02363,Fashion,Footwear,Skechers,SkechersFootwearElite,10204,6135.37,4068.63,2021-12-21,Yes
P02364,Fashion,Women's Wear,H&M,H&MWomen's WearMax,13106,8937.77,4168.23,2023-03-27,Yes
P02365,Electronics,Laptops,Acer,AcerLaptopsMax,60585,54036.17,6548.83,2026-01-10,Yes
P02366,Grocery,Beverages,Coca-Cola,Coca-ColaBeveragesPro,784,687.8,96.2,2020-02-11,Yes
P02367,Electronics,Laptops,HP,HPLaptopsStandard,112822,94094.1,18727.9,2024-10-11,Yes
P02368,Fashion,Women's Wear,Global Desi,Global DesiWomen's WearPro,12748,7140.81,5607.19,2018-10-28,Yes
P02369,Electronics,Televisions,Samsung,SamsungTelevisionsMax,7953,6803.27,1149.73,2024-05-29,Yes
P02370,Fashion,Footwear,Bata,BataFootwearStandard,10638,5859.12,4778.88,2018-12-01,Yes
P02371,Grocery,Rice,Fortune,FortuneRiceStandard,157,138.79,18.21,2025-10-28,Yes
P02372,Fashion,Footwear,Nike,NikeFootwearPro,2224,1133.72,1090.28,2023-03-22,Yes
P02373,Electronics,Televisions,TCL,TCLTelevisionsPremium,160113,133442.45,26670.55,2026-02-14,Yes
P02374,Electronics,Laptops,HP,HPLaptopsPlus,197626,160971.05,36654.95,2020-03-22,Yes
P02375,Electronics,Laptops,Lenovo,LenovoLaptopsElite,176106,152803.02,23302.98,2019-09-23,Yes
P02376,Grocery,Cooking Oil,Fortune,FortuneCooking OilPlus,230,211.24,18.76,2019-01-11,Yes
P02377,Fashion,Men's Wear,Levi's,Levi'sMen's WearPremium,2601,1607.3,993.7,2023-06-11,Yes
P02378,Grocery,Cooking Oil,Saffola,SaffolaCooking OilPro,241,208.86,32.14,2020-05-21,Yes
P02379,Fashion,Men's Wear,Van Heusen,Van HeusenMen's WearPremium,12461,6307.08,6153.92,2022-01-07,Yes
P02380,Grocery,Rice,India Gate,India GateRicePremium,1802,1542.03,259.97,2024-03-23,Yes
P02381,Fashion,Women's Wear,W,WWomen's WearElite,9776,6283.59,3492.41,2026-06-22,Yes
P02382,Grocery,Rice,Daawat,DaawatRicePremium,227,215.28,11.72,2023-12-06,Yes
P02383,Fashion,Men's Wear,Allen Solly,Allen SollyMen's WearPlus,10619,6773.74,3845.26,2020-11-30,Yes
P02384,Electronics,Smartphones,Motorola,MotorolaSmartphonesMax,23480,19825.96,3654.04,2026-01-22,Yes
P02385,Electronics,Laptops,Acer,AcerLaptopsMax,78016,69862.82,8153.18,2022-02-25,Yes
P02386,Grocery,Rice,Daawat,DaawatRicePlus,402,359.84,42.16,2023-12-02,Yes
P02387,Fashion,Footwear,Nike,NikeFootwearPro,872,487.36,384.64,2019-04-18,Yes
P02388,Electronics,Laptops,HP,HPLaptopsPro,134339,107518.3,26820.7,2021-01-15,Yes
P02389,Fashion,Footwear,Nike,NikeFootwearPro,598,339.21,258.79,2026-05-01,Yes
P02390,Fashion,Women's Wear,Zara,ZaraWomen's WearElite,4499,2943.65,1555.35,2018-09-03,Yes
P02391,Grocery,Beverages,Fanta,FantaBeveragesPremium,356,314.96,41.04,2023-10-09,Yes
P02392,Electronics,Laptops,Lenovo,LenovoLaptopsPlus,121101,104701.25,16399.75,2024-02-28,Yes
P02393,Electronics,Televisions,LG,LGTelevisionsPro,32225,27221.67,5003.33,2022-08-02,Yes
P02394,Fashion,Men's Wear,Van Heusen,Van HeusenMen's WearStandard,424,233.45,190.55,2020-11-06,Yes
P02395,Electronics,Televisions,Panasonic,PanasonicTelevisionsPro,35520,31340.7,4179.3,2019-02-22,Yes
P02396,Electronics,Smartphones,Motorola,MotorolaSmartphonesPremium,90912,78403.22,12508.78,2020-03-06,Yes
P02397,Grocery,Cooking Oil,Dhara,DharaCooking OilPremium,902,770.64,131.36,2021-08-07,Yes
P02398,Fashion,Men's Wear,Louis Philippe,Louis PhilippeMen's WearStandard,9094,5763.98,3330.02,2024-07-10,Yes
P02399,Grocery,Beverages,7UP,7UPBeveragesStandard,346,303.38,42.62,2026-02-26,Yes
P02400,Electronics,Smartphones,Motorola,MotorolaSmartphonesPro,150255,129672.37,20582.63,2025-05-20,Yes
P02401,Electronics,Laptops,Acer,AcerLaptopsPremium,103071,87828.42,15242.58,2023-11-17,Yes
P02402,Grocery,Rice,India Gate,India GateRiceMax,1513,1297.88,215.12,2023-08-10,Yes
P02403,Grocery,Cooking Oil,Dhara,DharaCooking OilMax,1833,1664.44,168.56,2024-06-12,Yes
P02404,Grocery,Rice,Daawat,DaawatRiceMax,1605,1519.57,85.43,2020-09-12,Yes
P02405,Electronics,Televisions,Sony,SonyTelevisionsElite,147903,131537.73,16365.27,2026-03-28,Yes
P02406,Electronics,Smartphones,Motorola,MotorolaSmartphonesPlus,88470,72134.25,16335.75,2024-03-26,Yes
P02407,Fashion,Women's Wear,Biba,BibaWomen's WearPro,9680,5705.92,3974.08,2021-01-25,Yes
P02408,Electronics,Laptops,HP,HPLaptopsPro,87403,78149.59,9253.41,2024-12-06,Yes
P02409,Electronics,Televisions,Samsung,SamsungTelevisionsStandard,74658,62014.07,12643.93,2022-10-20,Yes
P02410,Grocery,Beverages,Pepsi,PepsiBeveragesPro,1939,1689.42,249.58,2025-07-03,Yes
P02411,Electronics,Smartphones,Google,GoogleSmartphonesPlus,111262,94821.79,16440.21,2023-03-07,Yes
P02412,Fashion,Footwear,Skechers,SkechersFootwearStandard,13383,8508.95,4874.05,2026-01-18,Yes
P02413,Electronics,Smartphones,Motorola,MotorolaSmartphonesStandard,101536,84815.26,16720.74,2025-01-10,Yes
P02414,Fashion,Women's Wear,Biba,BibaWomen's WearPlus,10104,4691.2,5412.8,2021-08-25,Yes
P02415,Grocery,Cooking Oil,Saffola,SaffolaCooking OilMax,1784,1679.1,104.9,2020-12-04,Yes
P02416,Grocery,Cooking Oil,Saffola,SaffolaCooking OilPremium,803,691.51,111.49,2025-06-20,Yes
P02417,Electronics,Smartphones,Apple,AppleSmartphonesPro,86181,69656.18,16524.82,2023-12-18,Yes
P02418,Fashion,Women's Wear,Zara,ZaraWomen's WearElite,13730,8937.98,4792.02,2024-07-10,Yes
P02419,Electronics,Televisions,LG,LGTelevisionsPlus,122551,103328.98,19222.02,2024-06-03,Yes
P02420,Electronics,Smartphones,OnePlus,OnePlusSmartphonesPremium,172447,151548.66,20898.34,2024-10-02,Yes
P02421,Fashion,Men's Wear,Van Heusen,Van HeusenMen's WearStandard,11492,7099.72,4392.28,2019-09-19,Yes
P02422,Electronics,Laptops,Lenovo,LenovoLaptopsPro,104196,91045.47,13150.53,2019-05-15,Yes
P02423,Fashion,Women's Wear,H&M,H&MWomen's WearMax,6334,2637.39,3696.61,2022-09-26,Yes
P02424,Fashion,Footwear,Bata,BataFootwearPremium,2065,844.61,1220.39,2021-12-04,Yes
P02425,Grocery,Cooking Oil,Fortune,FortuneCooking OilPlus,780,717.45,62.55,2024-11-24,Yes
P02426,Electronics,Smartphones,Motorola,MotorolaSmartphonesPremium,148875,129428.53,19446.47,2023-05-27,Yes
P02427,Grocery,Beverages,Sprite,SpriteBeveragesPlus,876,792.49,83.51,2020-07-03,Yes
P02428,Electronics,Televisions,Panasonic,PanasonicTelevisionsPro,73090,63650.33,9439.67,2026-05-28,Yes
P02429,Electronics,Smartphones,Google,GoogleSmartphonesPro,189730,166030.17,23699.83,2019-11-11,Yes
P02430,Grocery,Beverages,Coca-Cola,Coca-ColaBeveragesMax,1971,1718.29,252.71,2020-04-03,Yes
P02431,Grocery,Beverages,7UP,7UPBeveragesMax,1469,1329.18,139.82,2019-01-14,Yes
P02432,Grocery,Rice,India Gate,India GateRiceMax,147,132.71,14.29,2023-07-12,Yes
P02433,Electronics,Televisions,TCL,TCLTelevisionsPremium,4263,3768.89,494.11,2023-04-21,Yes
P02434,Electronics,Smartphones,Google,GoogleSmartphonesMax,192357,166080.53,26276.47,2021-04-01,Yes
P02435,Fashion,Men's Wear,Van Heusen,Van HeusenMen's WearMax,5770,3460.88,2309.12,2025-06-09,Yes
P02436,Fashion,Footwear,Nike,NikeFootwearPro,3357,1620.32,1736.68,2022-11-17,Yes
P02437,Electronics,Laptops,Lenovo,LenovoLaptopsStandard,6689,5628.12,1060.88,2023-12-10,Yes
P02438,Electronics,Televisions,Samsung,SamsungTelevisionsMax,13654,11046.79,2607.21,2022-07-07,Yes
P02439,Grocery,Cooking Oil,Fortune,FortuneCooking OilPlus,1135,1061.12,73.88,2021-07-27,Yes
P02440,Grocery,Rice,India Gate,India GateRicePlus,1562,1459.21,102.79,2024-10-11,Yes
P02441,Electronics,Televisions,TCL,TCLTelevisionsPro,105571,86059.98,19511.02,2022-03-27,Yes
P02442,Grocery,Beverages,Coca-Cola,Coca-ColaBeveragesPlus,321,286.48,34.52,2023-04-14,Yes
P02443,Grocery,Rice,India Gate,India GateRiceElite,1108,1005.04,102.96,2024-07-05,Yes
P02444,Fashion,Footwear,Bata,BataFootwearElite,6672,2851.68,3820.32,2021-06-01,Yes
P02445,Grocery,Cooking Oil,Fortune,FortuneCooking OilPlus,1602,1397.15,204.85,2018-09-18,Yes
P02446,Grocery,Rice,India Gate,India GateRiceElite,806,722.42,83.58,2023-06-01,Yes
P02447,Electronics,Smartphones,OnePlus,OnePlusSmartphonesPremium,151602,135804.03,15797.97,2021-01-22,Yes
P02448,Fashion,Footwear,Nike,NikeFootwearElite,10123,5207.92,4915.08,2022-09-19,Yes
P02449,Electronics,Laptops,Lenovo,LenovoLaptopsElite,187385,161003.96,26381.04,2023-04-28,Yes
P02450,Fashion,Women's Wear,Zara,ZaraWomen's WearStandard,2877,1232.93,1644.07,2021-04-20,Yes
P02451,Fashion,Women's Wear,H&M,H&MWomen's WearMax,4914,2230.6,2683.4,2019-11-27,Yes
P02452,Grocery,Beverages,Fanta,FantaBeveragesPremium,100,93.59,6.41,2024-08-02,Yes
P02453,Grocery,Rice,Fortune,FortuneRiceStandard,564,496.73,67.27,2019-05-19,Yes
P02454,Grocery,Rice,India Gate,India GateRiceMax,1025,908.3,116.7,2019-08-19,Yes
P02455,Fashion,Men's Wear,Allen Solly,Allen SollyMen's WearStandard,10309,5659.81,4649.19,2024-01-02,Yes
P02456,Electronics,Laptops,Asus,AsusLaptopsStandard,59618,49980.91,9637.09,2026-06-22,Yes
P02457,Grocery,Rice,India Gate,India GateRicePremium,1042,902.7,139.3,2025-02-23,Yes
P02458,Electronics,Laptops,Dell,DellLaptopsPro,113661,90974.13,22686.87,2024-05-26,Yes
P02459,Electronics,Smartphones,OnePlus,OnePlusSmartphonesMax,194210,157322.85,36887.15,2022-07-16,Yes
P02460,Grocery,Rice,India Gate,India GateRicePro,1981,1798.76,182.24,2020-10-16,Yes
P02461,Grocery,Beverages,Sprite,SpriteBeveragesPremium,1589,1497.75,91.25,2021-01-30,Yes
P02462,Grocery,Cooking Oil,Fortune,FortuneCooking OilPlus,531,457.74,73.26,2021-10-04,Yes
P02463,Electronics,Laptops,Acer,AcerLaptopsElite,117739,103366.35,14372.65,2023-07-01,Yes
P02464,Fashion,Women's Wear,Global Desi,Global DesiWomen's WearPlus,4387,3002.7,1384.3,2019-08-10,Yes
P02465,Fashion,Men's Wear,Van Heusen,Van HeusenMen's WearPlus,14676,9753.9,4922.1,2023-03-25,Yes
P02466,Grocery,Cooking Oil,Fortune,FortuneCooking OilPremium,378,349.01,28.99,2024-09-03,Yes
P02467,Electronics,Laptops,Asus,AsusLaptopsPro,71393,60087.11,11305.89,2021-09-12,Yes
P02468,Electronics,Smartphones,Samsung,SamsungSmartphonesElite,114683,93860.36,20822.64,2019-02-15,Yes
P02469,Grocery,Rice,Daawat,DaawatRicePlus,1316,1170.81,145.19,2021-02-20,Yes
P02470,Fashion,Men's Wear,Levi's,Levi'sMen's WearPro,6520,3744.4,2775.6,2019-09-30,Yes
P02471,Grocery,Cooking Oil,Dhara,DharaCooking OilPro,1368,1204.06,163.94,2026-02-10,Yes
P02472,Grocery,Cooking Oil,Saffola,SaffolaCooking OilPro,87,75.82,11.18,2019-10-15,Yes
P02473,Electronics,Laptops,Asus,AsusLaptopsMax,53374,43481.59,9892.41,2020-04-30,Yes
P02474,Grocery,Beverages,Fanta,FantaBeveragesPlus,1012,898.22,113.78,2024-05-20,Yes
P02475,Electronics,Smartphones,Apple,AppleSmartphonesPro,124267,106013.27,18253.73,2025-12-10,Yes
P02476,Electronics,Smartphones,Motorola,MotorolaSmartphonesMax,163884,144968.96,18915.04,2024-11-23,Yes
P02477,Grocery,Beverages,Coca-Cola,Coca-ColaBeveragesPremium,1720,1477.76,242.24,2019-01-14,Yes
P02478,Grocery,Beverages,Pepsi,PepsiBeveragesMax,531,486.4,44.6,2019-08-28,Yes
P02479,Grocery,Beverages,Coca-Cola,Coca-ColaBeveragesPremium,1191,1031.41,159.59,2026-05-14,Yes
P02480,Grocery,Cooking Oil,Saffola,SaffolaCooking OilPro,559,489.31,69.69,2026-03-01,Yes
P02481,Fashion,Men's Wear,US Polo,US PoloMen's WearMax,9181,5267.43,3913.57,2021-01-13,Yes
P02482,Fashion,Women's Wear,H&M,H&MWomen's WearPro,12069,4917.73,7151.27,2023-10-22,Yes
P02483,Fashion,Women's Wear,H&M,H&MWomen's WearPremium,7256,4630.36,2625.64,2025-12-08,Yes
P02484,Electronics,Televisions,Samsung,SamsungTelevisionsMax,22849,18574.21,4274.79,2023-10-12,Yes
P02485,Fashion,Footwear,Bata,BataFootwearPlus,9476,5199.83,4276.17,2019-10-21,Yes
P02486,Fashion,Women's Wear,Biba,BibaWomen's WearPlus,4161,2486.51,1674.49,2020-06-16,Yes
P02487,Fashion,Footwear,Nike,NikeFootwearElite,13186,6166.3,7019.7,2025-11-17,Yes
P02488,Grocery,Cooking Oil,Fortune,FortuneCooking OilElite,1064,939.17,124.83,2023-04-15,Yes
P02489,Grocery,Rice,Fortune,FortuneRicePlus,846,787.26,58.74,2019-12-17,Yes
P02490,Fashion,Footwear,Nike,NikeFootwearPro,7206,4377.9,2828.1,2021-03-19,Yes
P02491,Fashion,Footwear,Adidas,AdidasFootwearElite,10700,4781.88,5918.12,2024-05-02,Yes
P02492,Grocery,Cooking Oil,Fortune,FortuneCooking OilStandard,1728,1520.0,208.0,2020-07-23,Yes
P02493,Electronics,Smartphones,Apple,AppleSmartphonesElite,13640,11408.46,2231.54,2025-06-03,Yes
P02494,Electronics,Smartphones,OnePlus,OnePlusSmartphonesElite,162723,130720.95,32002.05,2023-08-14,Yes
P02495,Fashion,Women's Wear,Biba,BibaWomen's WearPro,6872,2755.3,4116.7,2024-11-30,Yes
P02496,Electronics,Laptops,Dell,DellLaptopsPro,46596,39879.42,6716.58,2021-10-14,Yes
P02497,Fashion,Men's Wear,US Polo,US PoloMen's WearElite,2825,1487.3,1337.7,2024-06-23,Yes
P02498,Grocery,Rice,Fortune,FortuneRiceMax,160,140.75,19.25,2025-12-12,Yes
P02499,Grocery,Beverages,7UP,7UPBeveragesElite,961,821.24,139.76,2024-05-14,Yes
P02500,Electronics,Smartphones,Google,GoogleSmartphonesElite,52223,42224.43,9998.57,2019-08-03,Yes
P02501,Grocery,Cooking Oil,Dhara,DharaCooking OilPremium,545,470.71,74.29,2024-10-24,Yes
P02502,Grocery,Rice,Daawat,DaawatRicePlus,421,393.92,27.08,2021-01-19,Yes
P02503,Fashion,Footwear,Nike,NikeFootwearMax,6320,2776.49,3543.51,2018-11-29,Yes
P02504,Electronics,Televisions,Samsung,SamsungTelevisionsMax,46345,37215.66,9129.34,2023-01-24,Yes
P02505,Electronics,Laptops,Dell,DellLaptopsPlus,162279,135607.79,26671.21,2026-07-02,Yes
P02506,Electronics,Smartphones,Samsung,SamsungSmartphonesElite,110130,93292.15,16837.85,2024-01-08,Yes
P02507,Fashion,Women's Wear,Global Desi,Global DesiWomen's WearPro,1972,1179.43,792.57,2019-08-23,Yes
P02508,Electronics,Laptops,Lenovo,LenovoLaptopsMax,133087,107692.41,25394.59,2020-05-19,Yes
P02509,Electronics,Smartphones,Motorola,MotorolaSmartphonesPremium,58085,50237.33,7847.67,2024-02-01,Yes
P02510,Electronics,Televisions,LG,LGTelevisionsStandard,149089,125388.61,23700.39,2023-05-20,Yes
P02511,Grocery,Rice,Daawat,DaawatRicePro,547,469.71,77.29,2026-01-25,Yes
P02512,Electronics,Televisions,TCL,TCLTelevisionsPlus,169983,147575.75,22407.25,2019-04-08,Yes
P02513,Grocery,Cooking Oil,Fortune,FortuneCooking OilMax,101,92.69,8.31,2023-06-19,Yes
P02514,Electronics,Laptops,Acer,AcerLaptopsMax,84455,67996.3,16458.7,2023-01-03,Yes
P02515,Electronics,Televisions,LG,LGTelevisionsMax,177606,145024.05,32581.95,2023-05-24,Yes
P02516,Electronics,Televisions,TCL,TCLTelevisionsElite,63095,53225.25,9869.75,2025-03-29,Yes
P02517,Electronics,Televisions,Samsung,SamsungTelevisionsPro,78103,67596.5,10506.5,2020-06-13,Yes
P02518,Grocery,Cooking Oil,Saffola,SaffolaCooking OilElite,622,553.87,68.13,2020-09-23,Yes
P02519,Grocery,Rice,India Gate,India GateRiceMax,545,516.75,28.25,2023-11-26,Yes
P02520,Grocery,Cooking Oil,Saffola,SaffolaCooking OilElite,1630,1465.06,164.94,2021-09-12,Yes
P02521,Electronics,Laptops,Acer,AcerLaptopsStandard,53210,44508.23,8701.77,2025-12-13,Yes
P02522,Fashion,Men's Wear,US Polo,US PoloMen's WearMax,3407,1556.03,1850.97,2022-07-06,Yes
P02523,Grocery,Cooking Oil,Dhara,DharaCooking OilPlus,1548,1417.17,130.83,2021-04-02,Yes
P02524,Electronics,Laptops,HP,HPLaptopsPro,45364,40161.78,5202.22,2019-02-23,Yes
P02525,Grocery,Rice,Daawat,DaawatRiceStandard,215,192.93,22.07,2021-08-29,Yes
P02526,Electronics,Smartphones,Samsung,SamsungSmartphonesPro,68496,60317.31,8178.69,2024-08-19,Yes
P02527,Electronics,Laptops,Acer,AcerLaptopsMax,9712,8189.25,1522.75,2025-05-09,Yes
P02528,Fashion,Men's Wear,Levi's,Levi'sMen's WearStandard,5413,3251.66,2161.34,2021-02-03,Yes
P02529,Fashion,Footwear,Adidas,AdidasFootwearPlus,7535,5109.76,2425.24,2021-03-28,Yes
P02530,Fashion,Women's Wear,Biba,BibaWomen's WearPlus,13936,6025.04,7910.96,2020-08-11,Yes
P02531,Fashion,Footwear,Adidas,AdidasFootwearPro,11401,6764.49,4636.51,2018-09-18,Yes
P02532,Grocery,Rice,Fortune,FortuneRicePlus,901,789.04,111.96,2023-08-20,Yes
P02533,Electronics,Televisions,Samsung,SamsungTelevisionsMax,59356,47496.43,11859.57,2026-03-24,Yes
P02534,Fashion,Men's Wear,Allen Solly,Allen SollyMen's WearElite,831,401.47,429.53,2024-07-10,Yes
P02535,Electronics,Televisions,LG,LGTelevisionsStandard,100354,88634.55,11719.45,2021-09-28,Yes
P02536,Grocery,Cooking Oil,Saffola,SaffolaCooking OilPro,1225,1059.37,165.63,2020-11-01,Yes
P02537,Grocery,Cooking Oil,Fortune,FortuneCooking OilElite,510,436.77,73.23,2024-07-26,Yes
P02538,Electronics,Smartphones,Apple,AppleSmartphonesPro,112424,97101.05,15322.95,2020-01-04,Yes
P02539,Grocery,Cooking Oil,Dhara,DharaCooking OilStandard,1791,1611.36,179.64,2019-03-03,Yes
P02540,Grocery,Rice,India Gate,India GateRiceElite,782,676.28,105.72,2026-05-13,Yes
P02541,Electronics,Televisions,TCL,TCLTelevisionsMax,81129,65887.06,15241.94,2025-12-14,Yes
P02542,Electronics,Smartphones,Motorola,MotorolaSmartphonesStandard,196135,167254.33,28880.67,2025-04-29,Yes
P02543,Grocery,Beverages,7UP,7UPBeveragesElite,1387,1282.52,104.48,2020-09-22,Yes
P02544,Electronics,Laptops,Dell,DellLaptopsPro,40373,35942.89,4430.11,2020-06-19,Yes
P02545,Electronics,Laptops,Dell,DellLaptopsStandard,32373,27089.65,5283.35,2022-11-04,Yes
P02546,Electronics,Televisions,Panasonic,PanasonicTelevisionsElite,9459,7697.54,1761.46,2023-10-11,Yes
P02547,Fashion,Footwear,Adidas,AdidasFootwearPremium,4683,3041.34,1641.66,2023-05-11,Yes
P02548,Electronics,Televisions,LG,LGTelevisionsPremium,76963,64274.49,12688.51,2019-07-06,Yes
P02549,Electronics,Smartphones,Samsung,SamsungSmartphonesPlus,11102,9058.7,2043.3,2021-06-19,Yes
P02550,Grocery,Beverages,Pepsi,PepsiBeveragesElite,98,86.18,11.82,2019-12-10,Yes
P02551,Grocery,Beverages,Coca-Cola,Coca-ColaBeveragesPremium,1360,1233.4,126.6,2022-09-05,Yes
P02552,Fashion,Men's Wear,Levi's,Levi'sMen's WearPlus,9857,5863.4,3993.6,2024-12-08,Yes
P02553,Electronics,Smartphones,Apple,AppleSmartphonesStandard,43389,37352.43,6036.57,2019-09-29,Yes
P02554,Grocery,Rice,Daawat,DaawatRicePremium,372,340.62,31.38,2020-05-21,Yes
P02555,Fashion,Men's Wear,Louis Philippe,Louis PhilippeMen's WearMax,9952,5407.81,4544.19,2022-06-22,Yes
P02556,Grocery,Beverages,Sprite,SpriteBeveragesPro,82,75.98,6.02,2019-01-26,Yes
P02557,Grocery,Beverages,Sprite,SpriteBeveragesElite,1504,1326.05,177.95,2019-01-09,Yes
P02558,Grocery,Rice,Fortune,FortuneRicePremium,1750,1545.49,204.51,2022-05-29,Yes
P02559,Grocery,Cooking Oil,Dhara,DharaCooking OilMax,1824,1715.05,108.95,2025-01-05,Yes
P02560,Grocery,Cooking Oil,Dhara,DharaCooking OilPlus,1423,1265.93,157.07,2024-11-23,Yes
P02561,Electronics,Televisions,Samsung,SamsungTelevisionsMax,11596,10034.85,1561.15,2025-07-23,Yes
P02562,Grocery,Rice,Daawat,DaawatRiceStandard,1935,1723.85,211.15,2026-01-14,Yes
P02563,Electronics,Laptops,Acer,AcerLaptopsPlus,185558,163064.01,22493.99,2023-10-05,Yes
P02564,Grocery,Beverages,7UP,7UPBeveragesPremium,1421,1274.87,146.13,2022-10-28,Yes
P02565,Grocery,Beverages,Fanta,FantaBeveragesPremium,1896,1751.1,144.9,2025-02-04,Yes
P02566,Electronics,Laptops,Asus,AsusLaptopsStandard,33500,29450.71,4049.29,2022-08-07,Yes
P02567,Grocery,Rice,India Gate,India GateRicePremium,635,580.98,54.02,2025-10-02,Yes
P02568,Electronics,Televisions,Panasonic,PanasonicTelevisionsPremium,39217,31912.03,7304.97,2024-11-25,Yes
P02569,Electronics,Televisions,TCL,TCLTelevisionsElite,113125,94378.2,18746.8,2025-01-03,Yes
P02570,Electronics,Laptops,HP,HPLaptopsMax,118645,95993.6,22651.4,2023-09-04,Yes
P02571,Electronics,Smartphones,Samsung,SamsungSmartphonesStandard,137358,117770.2,19587.8,2019-03-04,Yes
P02572,Fashion,Footwear,Skechers,SkechersFootwearStandard,10617,7123.8,3493.2,2024-12-17,Yes
P02573,Fashion,Women's Wear,Global Desi,Global DesiWomen's WearPremium,4805,3078.98,1726.02,2021-05-16,Yes
P02574,Fashion,Women's Wear,Biba,BibaWomen's WearMax,3239,1439.2,1799.8,2021-09-17,Yes
P02575,Fashion,Men's Wear,Levi's,Levi'sMen's WearElite,10876,5226.92,5649.08,2018-12-21,Yes
P02576,Grocery,Cooking Oil,Fortune,FortuneCooking OilStandard,936,859.52,76.48,2020-03-12,Yes
P02577,Grocery,Beverages,Pepsi,PepsiBeveragesStandard,116,103.94,12.06,2024-09-29,Yes
P02578,Grocery,Rice,Daawat,DaawatRiceStandard,915,840.68,74.32,2019-04-16,Yes
P02579,Fashion,Footwear,Bata,BataFootwearStandard,10892,4493.44,6398.56,2023-05-28,Yes
P02580,Grocery,Rice,India Gate,India GateRicePremium,1136,968.22,167.78,2019-07-02,Yes
P02581,Electronics,Laptops,Asus,AsusLaptopsElite,133193,110706.51,22486.49,2020-06-20,Yes
P02582,Grocery,Rice,India Gate,India GateRiceStandard,1860,1635.8,224.2,2019-12-07,Yes
P02583,Fashion,Women's Wear,Zara,ZaraWomen's WearStandard,13509,7256.69,6252.31,2022-12-21,Yes
P02584,Fashion,Men's Wear,Allen Solly,Allen SollyMen's WearMax,12581,7129.98,5451.02,2026-04-11,Yes
P02585,Grocery,Cooking Oil,Saffola,SaffolaCooking OilPlus,1372,1200.59,171.41,2026-06-03,Yes
P02586,Electronics,Smartphones,Apple,AppleSmartphonesPlus,62806,54060.3,8745.7,2021-10-22,Yes
P02587,Electronics,Laptops,Acer,AcerLaptopsMax,31697,27953.82,3743.18,2019-08-22,Yes
P02588,Fashion,Women's Wear,Global Desi,Global DesiWomen's WearMax,5711,3492.18,2218.82,2019-06-29,Yes
P02589,Grocery,Cooking Oil,Saffola,SaffolaCooking OilStandard,1898,1734.25,163.75,2024-10-05,Yes
P02590,Fashion,Footwear,Nike,NikeFootwearPremium,11731,7055.07,4675.93,2023-08-10,Yes
P02591,Fashion,Men's Wear,Van Heusen,Van HeusenMen's WearPro,13887,5686.88,8200.12,2025-09-03,Yes
P02592,Fashion,Footwear,Nike,NikeFootwearElite,4992,3317.06,1674.94,2025-11-28,Yes
P02593,Fashion,Men's Wear,Levi's,Levi'sMen's WearPlus,3922,1820.96,2101.04,2018-11-24,Yes
P02594,Fashion,Footwear,Bata,BataFootwearMax,1024,559.98,464.02,2020-10-31,Yes
P02595,Electronics,Laptops,Asus,AsusLaptopsPlus,115471,100047.12,15423.88,2021-12-28,Yes
P02596,Grocery,Beverages,Fanta,FantaBeveragesPremium,386,345.38,40.62,2022-02-06,Yes
P02597,Electronics,Televisions,Samsung,SamsungTelevisionsMax,25202,20626.45,4575.55,2026-07-03,Yes
P02598,Electronics,Smartphones,Google,GoogleSmartphonesPlus,45797,40534.73,5262.27,2020-08-12,Yes
P02599,Fashion,Women's Wear,H&M,H&MWomen's WearStandard,13359,8091.43,5267.57,2025-10-29,Yes
P02600,Fashion,Women's Wear,H&M,H&MWomen's WearPro,3086,1447.69,1638.31,2023-01-02,Yes
P02601,Fashion,Footwear,Nike,NikeFootwearPlus,6565,4556.21,2008.79,2020-10-11,Yes
P02602,Fashion,Men's Wear,Levi's,Levi'sMen's WearElite,11784,8134.87,3649.13,2020-05-31,Yes
P02603,Fashion,Men's Wear,Louis Philippe,Louis PhilippeMen's WearPremium,6143,3485.35,2657.65,2023-01-28,Yes
P02604,Electronics,Laptops,Acer,AcerLaptopsPro,71189,60906.58,10282.42,2023-10-30,Yes
P02605,Fashion,Women's Wear,Zara,ZaraWomen's WearStandard,4301,2647.27,1653.73,2021-01-12,Yes
P02606,Electronics,Televisions,LG,LGTelevisionsPremium,11916,10664.83,1251.17,2018-11-06,No
P02607,Grocery,Rice,Daawat,DaawatRicePro,1591,1373.75,217.25,2022-10-07,Yes
P02608,Electronics,Smartphones,Apple,AppleSmartphonesPro,53057,45533.97,7523.03,2020-02-28,Yes
P02609,Fashion,Women's Wear,Zara,ZaraWomen's WearMax,8497,5899.96,2597.04,2025-04-11,Yes
P02610,Grocery,Rice,India Gate,India GateRicePremium,514,439.78,74.22,2018-09-28,Yes
P02611,Fashion,Men's Wear,Louis Philippe,Louis PhilippeMen's WearElite,743,325.75,417.25,2025-04-03,Yes
P02612,Grocery,Beverages,Coca-Cola,Coca-ColaBeveragesElite,1395,1296.94,98.06,2022-06-21,Yes
P02613,Fashion,Footwear,Skechers,SkechersFootwearPro,7001,3347.56,3653.44,2021-03-15,Yes
P02614,Electronics,Televisions,Sony,SonyTelevisionsPlus,16916,14937.24,1978.76,2023-11-23,Yes
P02615,Electronics,Televisions,Samsung,SamsungTelevisionsPremium,101071,82176.72,18894.28,2019-01-12,Yes
P02616,Grocery,Beverages,Pepsi,PepsiBeveragesMax,1010,946.39,63.61,2025-05-31,Yes
P02617,Grocery,Rice,Fortune,FortuneRicePremium,1417,1302.56,114.44,2019-12-23,Yes
P02618,Electronics,Smartphones,Motorola,MotorolaSmartphonesStandard,178259,151372.28,26886.72,2022-04-27,Yes
P02619,Grocery,Cooking Oil,Fortune,FortuneCooking OilPremium,1466,1298.24,167.76,2021-02-11,Yes
P02620,Grocery,Rice,Fortune,FortuneRicePlus,1716,1536.03,179.97,2023-12-12,Yes
P02621,Fashion,Women's Wear,Zara,ZaraWomen's WearPro,10657,7368.39,3288.61,2025-03-13,Yes
P02622,Electronics,Smartphones,Google,GoogleSmartphonesStandard,193774,169926.12,23847.88,2022-07-20,Yes
P02623,Grocery,Beverages,Sprite,SpriteBeveragesPro,369,344.51,24.49,2026-02-10,Yes
P02624,Grocery,Rice,Daawat,DaawatRiceStandard,1657,1542.36,114.64,2023-02-16,Yes
P02625,Fashion,Footwear,Adidas,AdidasFootwearElite,1060,621.16,438.84,2022-01-31,Yes
P02626,Grocery,Beverages,Pepsi,PepsiBeveragesMax,939,849.05,89.95,2023-07-22,Yes
P02627,Grocery,Cooking Oil,Fortune,FortuneCooking OilMax,137,116.95,20.05,2019-11-21,Yes
P02628,Electronics,Televisions,LG,LGTelevisionsStandard,33155,28677.14,4477.86,2024-07-29,Yes
P02629,Fashion,Men's Wear,Levi's,Levi'sMen's WearMax,3918,2224.44,1693.56,2020-03-01,Yes
P02630,Electronics,Laptops,HP,HPLaptopsMax,49736,41160.54,8575.46,2024-11-07,No
P02631,Fashion,Men's Wear,US Polo,US PoloMen's WearStandard,3409,1815.66,1593.34,2023-02-05,Yes
P02632,Electronics,Televisions,Panasonic,PanasonicTelevisionsPremium,166061,149036.36,17024.64,2023-12-24,Yes
P02633,Grocery,Beverages,Fanta,FantaBeveragesPlus,273,239.77,33.23,2020-06-23,No
P02634,Fashion,Women's Wear,Global Desi,Global DesiWomen's WearPro,14788,9973.18,4814.82,2024-09-11,Yes
P02635,Fashion,Footwear,Puma,PumaFootwearPro,14380,6713.04,7666.96,2021-08-27,Yes
P02636,Grocery,Cooking Oil,Dhara,DharaCooking OilMax,754,651.13,102.87,2025-08-08,Yes
P02637,Electronics,Smartphones,Samsung,SamsungSmartphonesPremium,98370,84880.71,13489.29,2022-03-23,Yes
P02638,Fashion,Men's Wear,US Polo,US PoloMen's WearPro,13635,9325.24,4309.76,2019-09-05,Yes
P02639,Fashion,Men's Wear,Allen Solly,Allen SollyMen's WearPro,7686,5340.12,2345.88,2020-05-09,Yes
P02640,Fashion,Women's Wear,Global Desi,Global DesiWomen's WearPro,7213,3098.06,4114.94,2018-12-08,Yes
P02641,Grocery,Rice,India Gate,India GateRicePlus,725,681.7,43.3,2019-07-18,Yes
P02642,Grocery,Beverages,Sprite,SpriteBeveragesMax,271,233.55,37.45,2019-08-20,Yes
P02643,Electronics,Smartphones,Samsung,SamsungSmartphonesElite,31356,25941.36,5414.64,2022-03-18,Yes
P02644,Grocery,Rice,India Gate,India GateRiceStandard,291,263.11,27.89,2020-01-11,Yes
P02645,Grocery,Cooking Oil,Dhara,DharaCooking OilStandard,869,794.12,74.88,2023-04-22,Yes
P02646,Fashion,Men's Wear,Louis Philippe,Louis PhilippeMen's WearElite,4227,2921.54,1305.46,2020-02-11,Yes
P02647,Grocery,Cooking Oil,Saffola,SaffolaCooking OilElite,1061,1002.46,58.54,2025-02-10,Yes
P02648,Electronics,Televisions,Panasonic,PanasonicTelevisionsPro,40181,33297.79,6883.21,2026-01-07,Yes
P02649,Grocery,Beverages,Pepsi,PepsiBeveragesPremium,445,407.97,37.03,2023-02-17,Yes
P02650,Electronics,Smartphones,Google,GoogleSmartphonesPremium,57885,49047.97,8837.03,2021-09-01,Yes
P02651,Electronics,Televisions,Samsung,SamsungTelevisionsElite,20070,17111.67,2958.33,2021-11-03,Yes
P02652,Grocery,Beverages,Fanta,FantaBeveragesMax,556,488.27,67.73,2026-05-03,Yes
P02653,Electronics,Televisions,Sony,SonyTelevisionsPro,28380,23108.34,5271.66,2024-12-01,Yes
P02654,Fashion,Footwear,Puma,PumaFootwearElite,9539,6175.89,3363.11,2020-08-04,Yes
P02655,Fashion,Men's Wear,US Polo,US PoloMen's WearStandard,8406,3534.11,4871.89,2021-09-28,Yes
P02656,Fashion,Women's Wear,Zara,ZaraWomen's WearPremium,12942,9007.19,3934.81,2019-12-25,No
P02657,Electronics,Laptops,Dell,DellLaptopsPro,15598,13627.11,1970.89,2019-12-22,Yes
P02658,Fashion,Footwear,Adidas,AdidasFootwearMax,12598,6475.52,6122.48,2023-04-21,Yes
P02659,Electronics,Televisions,Samsung,SamsungTelevisionsPremium,15137,12824.28,2312.72,2023-11-20,Yes
P02660,Grocery,Rice,Daawat,DaawatRiceStandard,738,636.43,101.57,2021-01-18,Yes
P02661,Grocery,Beverages,Fanta,FantaBeveragesPremium,216,188.47,27.53,2023-01-16,No
P02662,Fashion,Women's Wear,H&M,H&MWomen's WearElite,2999,1904.73,1094.27,2024-09-03,Yes
P02663,Fashion,Women's Wear,H&M,H&MWomen's WearMax,13217,6386.37,6830.63,2018-09-02,Yes
P02664,Electronics,Laptops,Dell,DellLaptopsPremium,8826,7167.46,1658.54,2023-04-17,Yes
P02665,Fashion,Footwear,Nike,NikeFootwearStandard,6057,3663.99,2393.01,2022-09-13,Yes
P02666,Electronics,Televisions,Sony,SonyTelevisionsStandard,197683,158590.62,39092.38,2023-03-25,Yes
P02667,Fashion,Men's Wear,Louis Philippe,Louis PhilippeMen's WearStandard,14350,7091.94,7258.06,2021-11-21,Yes
P02668,Electronics,Smartphones,Apple,AppleSmartphonesMax,133685,116150.38,17534.62,2019-09-04,Yes
P02669,Grocery,Beverages,7UP,7UPBeveragesElite,1997,1893.03,103.97,2021-10-05,Yes
P02670,Grocery,Cooking Oil,Saffola,SaffolaCooking OilMax,292,258.81,33.19,2025-03-07,Yes
P02671,Grocery,Cooking Oil,Dhara,DharaCooking OilElite,1578,1366.6,211.4,2025-03-30,Yes
P02672,Fashion,Footwear,Adidas,AdidasFootwearPremium,6947,2948.72,3998.28,2019-01-12,Yes
P02673,Grocery,Cooking Oil,Dhara,DharaCooking OilPlus,225,210.18,14.82,2024-03-22,Yes
P02674,Grocery,Cooking Oil,Fortune,FortuneCooking OilPlus,1670,1501.3,168.7,2023-06-26,Yes
P02675,Fashion,Women's Wear,Global Desi,Global DesiWomen's WearPremium,1470,893.09,576.91,2025-08-27,Yes
P02676,Electronics,Smartphones,OnePlus,OnePlusSmartphonesStandard,20940,18183.68,2756.32,2022-01-20,Yes
P02677,Fashion,Men's Wear,Van Heusen,Van HeusenMen's WearElite,13917,7765.96,6151.04,2020-09-07,Yes
P02678,Fashion,Men's Wear,Levi's,Levi'sMen's WearElite,7716,5400.96,2315.04,2026-06-25,Yes
P02679,Grocery,Rice,India Gate,India GateRiceElite,923,845.64,77.36,2020-08-16,Yes
P02680,Electronics,Smartphones,Apple,AppleSmartphonesPlus,135606,116287.4,19318.6,2026-02-18,Yes
P02681,Electronics,Smartphones,Samsung,SamsungSmartphonesMax,169631,144106.09,25524.91,2026-07-15,Yes
P02682,Grocery,Rice,India Gate,India GateRicePlus,1796,1589.49,206.51,2024-02-29,Yes
P02683,Grocery,Beverages,Pepsi,PepsiBeveragesPremium,1896,1635.18,260.82,2020-08-08,Yes
P02684,Grocery,Beverages,Fanta,FantaBeveragesElite,594,545.89,48.11,2022-03-27,Yes
P02685,Grocery,Beverages,Sprite,SpriteBeveragesMax,1373,1219.03,153.97,2019-04-02,Yes
P02686,Fashion,Men's Wear,Allen Solly,Allen SollyMen's WearPlus,6102,2898.81,3203.19,2019-05-10,Yes
P02687,Electronics,Laptops,HP,HPLaptopsMax,63619,55436.84,8182.16,2023-06-22,Yes
P02688,Electronics,Smartphones,Apple,AppleSmartphonesStandard,125118,111552.61,13565.39,2025-12-24,Yes
P02689,Grocery,Cooking Oil,Dhara,DharaCooking OilPremium,253,219.37,33.63,2026-01-11,Yes
P02690,Fashion,Footwear,Nike,NikeFootwearPro,5284,2117.8,3166.2,2022-09-20,Yes
P02691,Electronics,Smartphones,Samsung,SamsungSmartphonesPro,189143,158643.63,30499.37,2019-05-24,Yes
P02692,Electronics,Laptops,Asus,AsusLaptopsStandard,116353,95579.41,20773.59,2021-06-28,Yes
P02693,Grocery,Rice,Daawat,DaawatRicePro,291,276.18,14.82,2022-02-22,Yes
P02694,Grocery,Cooking Oil,Fortune,FortuneCooking OilPremium,1541,1433.81,107.19,2022-08-03,Yes
P02695,Grocery,Rice,India Gate,India GateRiceMax,734,634.56,99.44,2024-04-28,Yes
P02696,Grocery,Cooking Oil,Fortune,FortuneCooking OilPlus,90,81.25,8.75,2019-08-22,Yes
P02697,Electronics,Televisions,Sony,SonyTelevisionsPro,54208,43509.3,10698.7,2018-09-02,Yes
P02698,Fashion,Men's Wear,Levi's,Levi'sMen's WearStandard,13755,6133.34,7621.66,2019-01-11,Yes
P02699,Electronics,Laptops,Lenovo,LenovoLaptopsStandard,30020,25426.39,4593.61,2023-12-17,Yes
P02700,Electronics,Televisions,Samsung,SamsungTelevisionsMax,19943,16035.27,3907.73,2023-10-30,Yes
P02701,Fashion,Footwear,Skechers,SkechersFootwearPro,2491,1509.37,981.63,2026-05-08,Yes
P02702,Electronics,Smartphones,Motorola,MotorolaSmartphonesPlus,178714,145192.19,33521.81,2020-12-14,Yes
P02703,Electronics,Televisions,Samsung,SamsungTelevisionsPremium,27618,22114.79,5503.21,2024-07-16,Yes
P02704,Grocery,Beverages,Pepsi,PepsiBeveragesPlus,684,587.09,96.91,2018-10-27,Yes
P02705,Grocery,Beverages,Pepsi,PepsiBeveragesPlus,1594,1486.84,107.16,2025-09-12,Yes
P02706,Fashion,Men's Wear,Allen Solly,Allen SollyMen's WearMax,11536,7378.1,4157.9,2021-08-05,Yes
P02707,Fashion,Men's Wear,Allen Solly,Allen SollyMen's WearPremium,1611,844.71,766.29,2022-04-11,Yes
P02708,Grocery,Rice,Daawat,DaawatRiceElite,61,55.57,5.43,2023-03-02,Yes
P02709,Grocery,Rice,India Gate,India GateRicePlus,1617,1428.41,188.59,2019-02-19,Yes
P02710,Electronics,Smartphones,Samsung,SamsungSmartphonesElite,155116,132785.59,22330.41,2026-07-12,Yes
P02711,Electronics,Smartphones,OnePlus,OnePlusSmartphonesElite,139815,115319.82,24495.18,2021-02-26,Yes
P02712,Fashion,Men's Wear,Van Heusen,Van HeusenMen's WearPremium,2962,1731.51,1230.49,2022-05-24,Yes
P02713,Fashion,Footwear,Skechers,SkechersFootwearStandard,1271,623.71,647.29,2024-07-31,Yes
P02714,Electronics,Smartphones,Motorola,MotorolaSmartphonesPlus,106963,94097.5,12865.5,2025-02-08,Yes
P02715,Electronics,Televisions,TCL,TCLTelevisionsStandard,85822,75895.29,9926.71,2024-07-29,Yes
P02716,Grocery,Cooking Oil,Saffola,SaffolaCooking OilMax,477,428.8,48.2,2021-07-20,Yes
P02717,Fashion,Women's Wear,Biba,BibaWomen's WearPremium,13195,8253.2,4941.8,2021-07-20,Yes
P02718,Electronics,Televisions,TCL,TCLTelevisionsPro,133757,119598.81,14158.19,2020-05-04,Yes
P02719,Grocery,Rice,India Gate,India GateRicePlus,330,312.74,17.26,2024-03-01,Yes
P02720,Electronics,Smartphones,Apple,AppleSmartphonesElite,4836,3922.83,913.17,2019-03-16,Yes
P02721,Grocery,Cooking Oil,Fortune,FortuneCooking OilPlus,119,109.84,9.16,2021-08-02,Yes
P02722,Electronics,Laptops,Dell,DellLaptopsStandard,94581,82076.82,12504.18,2021-08-15,Yes
P02723,Electronics,Laptops,Dell,DellLaptopsStandard,83757,69040.83,14716.17,2022-08-07,Yes
P02724,Electronics,Televisions,TCL,TCLTelevisionsPremium,149709,125046.38,24662.62,2019-01-23,Yes
P02725,Fashion,Footwear,Puma,PumaFootwearStandard,8991,6131.33,2859.67,2020-09-07,Yes
P02726,Fashion,Men's Wear,US Polo,US PoloMen's WearPro,1878,814.09,1063.91,2022-03-21,Yes
P02727,Grocery,Beverages,Sprite,SpriteBeveragesElite,1737,1613.77,123.23,2021-03-17,Yes
P02728,Fashion,Women's Wear,Zara,ZaraWomen's WearElite,11794,6187.13,5606.87,2019-09-09,Yes
P02729,Fashion,Women's Wear,Zara,ZaraWomen's WearPlus,2739,1676.11,1062.89,2025-12-16,Yes
P02730,Fashion,Footwear,Nike,NikeFootwearElite,14269,8637.93,5631.07,2021-09-18,Yes
P02731,Grocery,Rice,India Gate,India GateRicePlus,1633,1488.11,144.89,2021-12-07,Yes
P02732,Grocery,Cooking Oil,Dhara,DharaCooking OilPremium,1422,1309.68,112.32,2023-12-06,Yes
P02733,Fashion,Men's Wear,Louis Philippe,Louis PhilippeMen's WearStandard,326,167.09,158.91,2021-09-04,Yes
P02734,Grocery,Rice,Fortune,FortuneRicePremium,1525,1417.03,107.97,2020-01-08,Yes
P02735,Fashion,Men's Wear,Levi's,Levi'sMen's WearMax,1981,965.6,1015.4,2020-04-30,Yes
P02736,Grocery,Rice,Fortune,FortuneRiceMax,1882,1677.27,204.73,2019-07-12,Yes
P02737,Electronics,Televisions,Sony,SonyTelevisionsPro,155708,136044.24,19663.76,2018-09-11,No
P02738,Fashion,Men's Wear,US Polo,US PoloMen's WearStandard,1328,665.39,662.61,2025-03-29,Yes
P02739,Grocery,Beverages,Pepsi,PepsiBeveragesMax,1135,1058.77,76.23,2026-02-01,Yes
P02740,Fashion,Footwear,Adidas,AdidasFootwearElite,5786,2563.92,3222.08,2024-08-10,Yes
P02741,Grocery,Rice,India Gate,India GateRicePlus,92,80.84,11.16,2023-03-21,Yes
P02742,Electronics,Televisions,Panasonic,PanasonicTelevisionsMax,177483,159487.79,17995.21,2026-07-31,Yes
P02743,Electronics,Smartphones,Google,GoogleSmartphonesPlus,139558,111857.13,27700.87,2024-07-14,Yes
P02744,Grocery,Rice,India Gate,India GateRiceElite,288,260.04,27.96,2020-03-08,Yes
P02745,Electronics,Televisions,Sony,SonyTelevisionsPlus,22052,18615.0,3437.0,2026-05-24,Yes
P02746,Grocery,Cooking Oil,Saffola,SaffolaCooking OilStandard,1073,969.83,103.17,2019-06-26,Yes
P02747,Fashion,Men's Wear,Louis Philippe,Louis PhilippeMen's WearPremium,9337,4511.81,4825.19,2026-03-06,Yes
P02748,Fashion,Footwear,Puma,PumaFootwearElite,13582,5757.18,7824.82,2023-04-12,Yes
P02749,Electronics,Laptops,Dell,DellLaptopsStandard,197580,167904.22,29675.78,2020-07-07,Yes
P02750,Electronics,Laptops,HP,HPLaptopsElite,174240,151268.84,22971.16,2019-07-08,Yes
P02751,Electronics,Smartphones,Google,GoogleSmartphonesStandard,82700,67150.93,15549.07,2019-02-13,Yes
P02752,Electronics,Laptops,Lenovo,LenovoLaptopsElite,46755,41045.75,5709.25,2025-09-28,Yes
P02753,Grocery,Beverages,Sprite,SpriteBeveragesPro,1068,963.74,104.26,2020-05-25,Yes
P02754,Grocery,Cooking Oil,Dhara,DharaCooking OilPlus,1089,1033.49,55.51,2023-12-02,Yes
P02755,Fashion,Men's Wear,Allen Solly,Allen SollyMen's WearStandard,2938,1800.92,1137.08,2022-09-27,Yes
P02756,Electronics,Laptops,Acer,AcerLaptopsPremium,166104,146476.32,19627.68,2022-10-22,Yes
P02757,Grocery,Cooking Oil,Fortune,FortuneCooking OilStandard,1893,1774.59,118.41,2024-08-27,Yes
P02758,Grocery,Rice,Daawat,DaawatRicePro,99,89.53,9.47,2022-02-17,Yes
P02759,Fashion,Men's Wear,US Polo,US PoloMen's WearPro,12913,5719.44,7193.56,2023-05-21,Yes
P02760,Grocery,Rice,India Gate,India GateRiceMax,122,112.55,9.45,2020-04-13,Yes
P02761,Grocery,Rice,India Gate,India GateRicePremium,896,793.21,102.79,2022-01-23,Yes
P02762,Grocery,Beverages,Pepsi,PepsiBeveragesPremium,1949,1800.34,148.66,2026-04-16,Yes
P02763,Fashion,Footwear,Skechers,SkechersFootwearMax,14967,8448.01,6518.99,2023-04-30,Yes
P02764,Fashion,Men's Wear,Van Heusen,Van HeusenMen's WearStandard,2845,1675.01,1169.99,2024-08-27,Yes
P02765,Grocery,Rice,India Gate,India GateRiceStandard,1395,1195.83,199.17,2024-11-09,Yes
P02766,Grocery,Beverages,Fanta,FantaBeveragesPremium,34,31.83,2.17,2018-12-17,Yes
P02767,Grocery,Cooking Oil,Saffola,SaffolaCooking OilPro,139,124.94,14.06,2020-07-03,Yes
P02768,Fashion,Men's Wear,US Polo,US PoloMen's WearStandard,6293,4183.82,2109.18,2023-06-15,Yes
P02769,Electronics,Smartphones,Samsung,SamsungSmartphonesMax,92009,74566.65,17442.35,2019-04-15,Yes
P02770,Fashion,Women's Wear,Biba,BibaWomen's WearElite,11731,7394.12,4336.88,2022-07-22,Yes
P02771,Fashion,Footwear,Adidas,AdidasFootwearPlus,8857,3771.23,5085.77,2020-07-02,Yes
P02772,Electronics,Laptops,HP,HPLaptopsPro,59845,50981.44,8863.56,2025-10-08,Yes
P02773,Electronics,Televisions,TCL,TCLTelevisionsPro,78689,67073.49,11615.51,2023-02-12,Yes
P02774,Grocery,Cooking Oil,Saffola,SaffolaCooking OilStandard,667,622.32,44.68,2019-09-18,Yes
P02775,Electronics,Smartphones,Motorola,MotorolaSmartphonesMax,142704,121621.98,21082.02,2019-01-18,Yes
P02776,Grocery,Rice,Daawat,DaawatRicePlus,1570,1455.28,114.72,2020-07-05,Yes
P02777,Electronics,Televisions,TCL,TCLTelevisionsStandard,143259,128429.9,14829.1,2019-06-10,Yes
P02778,Fashion,Men's Wear,Van Heusen,Van HeusenMen's WearPlus,9679,5317.33,4361.67,2021-03-18,Yes
P02779,Fashion,Women's Wear,Zara,ZaraWomen's WearPro,11767,5118.46,6648.54,2024-07-07,Yes
P02780,Electronics,Smartphones,OnePlus,OnePlusSmartphonesPlus,64428,56342.85,8085.15,2023-03-24,No
P02781,Grocery,Rice,Fortune,FortuneRicePlus,909,784.37,124.63,2021-02-14,Yes
P02782,Grocery,Cooking Oil,Fortune,FortuneCooking OilElite,1615,1447.16,167.84,2020-07-10,Yes
P02783,Fashion,Footwear,Bata,BataFootwearPlus,5240,2355.68,2884.32,2023-05-13,Yes
P02784,Grocery,Rice,India Gate,India GateRiceElite,1241,1150.72,90.28,2021-09-03,Yes
P02785,Electronics,Smartphones,OnePlus,OnePlusSmartphonesMax,160330,134288.16,26041.84,2019-01-28,Yes
P02786,Fashion,Footwear,Adidas,AdidasFootwearElite,14152,7240.62,6911.38,2019-01-31,Yes
P02787,Grocery,Rice,Daawat,DaawatRicePro,1827,1729.16,97.84,2023-07-02,Yes
P02788,Grocery,Beverages,7UP,7UPBeveragesPlus,955,813.68,141.32,2025-09-19,Yes
P02789,Fashion,Men's Wear,US Polo,US PoloMen's WearPro,11439,6030.89,5408.11,2021-02-01,Yes
P02790,Electronics,Televisions,LG,LGTelevisionsPremium,100291,84989.14,15301.86,2024-12-10,Yes
P02791,Fashion,Men's Wear,Allen Solly,Allen SollyMen's WearMax,8011,4211.6,3799.4,2026-01-17,Yes
P02792,Fashion,Men's Wear,Van Heusen,Van HeusenMen's WearStandard,1537,999.68,537.32,2022-04-10,Yes
P02793,Electronics,Smartphones,Google,GoogleSmartphonesElite,188158,153680.9,34477.1,2021-08-14,Yes
P02794,Fashion,Footwear,Adidas,AdidasFootwearStandard,7160,4397.92,2762.08,2024-11-01,Yes
P02795,Grocery,Rice,India Gate,India GateRiceStandard,1393,1266.86,126.14,2022-05-20,Yes
P02796,Electronics,Laptops,Asus,AsusLaptopsMax,66022,53028.58,12993.42,2022-11-05,Yes
P02797,Electronics,Televisions,Panasonic,PanasonicTelevisionsPro,108667,92124.77,16542.23,2020-12-15,Yes
P02798,Fashion,Footwear,Puma,PumaFootwearElite,7073,4451.02,2621.98,2025-11-21,Yes
P02799,Fashion,Men's Wear,Louis Philippe,Louis PhilippeMen's WearStandard,7304,3618.38,3685.62,2018-10-11,Yes
P02800,Electronics,Smartphones,Apple,AppleSmartphonesPlus,123827,101464.6,22362.4,2020-06-03,Yes
P02801,Grocery,Rice,Fortune,FortuneRiceElite,335,308.89,26.11,2022-09-01,Yes
P02802,Grocery,Cooking Oil,Dhara,DharaCooking OilMax,1095,1040.08,54.92,2019-11-16,Yes
P02803,Fashion,Women's Wear,H&M,H&MWomen's WearMax,1435,603.56,831.44,2021-08-15,Yes
P02804,Grocery,Beverages,Pepsi,PepsiBeveragesPremium,818,745.63,72.37,2026-06-10,Yes
P02805,Fashion,Women's Wear,Zara,ZaraWomen's WearPlus,4520,2932.94,1587.06,2026-02-14,Yes
P02806,Electronics,Televisions,Sony,SonyTelevisionsMax,3590,3111.55,478.45,2022-11-14,Yes
P02807,Grocery,Beverages,Sprite,SpriteBeveragesElite,1753,1659.13,93.87,2019-06-18,Yes
P02808,Grocery,Cooking Oil,Fortune,FortuneCooking OilPro,1807,1714.78,92.22,2019-08-19,Yes
P02809,Grocery,Beverages,Pepsi,PepsiBeveragesPremium,1106,1002.62,103.38,2019-06-24,Yes
P02810,Fashion,Men's Wear,Louis Philippe,Louis PhilippeMen's WearElite,9541,5293.7,4247.3,2019-09-25,Yes
P02811,Fashion,Women's Wear,Global Desi,Global DesiWomen's WearPlus,9975,5095.55,4879.45,2018-10-12,Yes
P02812,Fashion,Women's Wear,H&M,H&MWomen's WearPremium,3613,1701.82,1911.18,2020-10-22,Yes
P02813,Fashion,Footwear,Nike,NikeFootwearStandard,1002,550.5,451.5,2019-12-24,Yes
P02814,Fashion,Women's Wear,Biba,BibaWomen's WearElite,7569,3353.36,4215.64,2024-09-03,Yes
P02815,Electronics,Laptops,Acer,AcerLaptopsPro,21234,17927.8,3306.2,2021-07-06,Yes
P02816,Fashion,Men's Wear,Levi's,Levi'sMen's WearStandard,9780,5067.22,4712.78,2024-10-19,Yes
P02817,Grocery,Rice,India Gate,India GateRicePro,1089,1001.0,88.0,2023-12-29,Yes
P02818,Electronics,Televisions,Panasonic,PanasonicTelevisionsPremium,111829,91768.88,20060.12,2022-10-11,Yes
P02819,Fashion,Men's Wear,US Polo,US PoloMen's WearPremium,591,411.79,179.21,2022-08-28,Yes
P02820,Fashion,Men's Wear,Van Heusen,Van HeusenMen's WearStandard,11461,5474.37,5986.63,2020-03-18,Yes
P02821,Electronics,Smartphones,OnePlus,OnePlusSmartphonesPro,157978,127485.59,30492.41,2022-01-01,Yes
P02822,Fashion,Men's Wear,Allen Solly,Allen SollyMen's WearPlus,5904,2630.21,3273.79,2024-04-14,Yes
P02823,Grocery,Beverages,Sprite,SpriteBeveragesElite,1841,1690.83,150.17,2022-09-30,Yes
P02824,Fashion,Men's Wear,Allen Solly,Allen SollyMen's WearStandard,10617,5974.51,4642.49,2023-06-09,Yes
P02825,Grocery,Cooking Oil,Fortune,FortuneCooking OilStandard,57,50.14,6.86,2020-01-23,Yes
P02826,Fashion,Men's Wear,Louis Philippe,Louis PhilippeMen's WearMax,8613,5964.27,2648.73,2022-04-06,Yes
P02827,Electronics,Laptops,Asus,AsusLaptopsPlus,103264,87251.11,16012.89,2021-07-16,Yes
P02828,Electronics,Televisions,LG,LGTelevisionsPro,60494,49199.79,11294.21,2025-01-06,Yes
P02829,Electronics,Televisions,LG,LGTelevisionsElite,140457,115853.82,24603.18,2020-12-15,Yes
P02830,Fashion,Women's Wear,Global Desi,Global DesiWomen's WearStandard,6693,3825.56,2867.44,2019-01-08,Yes
P02831,Grocery,Rice,Daawat,DaawatRicePro,1257,1186.72,70.28,2024-04-16,Yes
P02832,Grocery,Rice,Daawat,DaawatRiceMax,1858,1664.2,193.8,2019-04-10,Yes
P02833,Fashion,Women's Wear,Biba,BibaWomen's WearPro,1642,862.3,779.7,2019-07-15,Yes
P02834,Electronics,Laptops,Acer,AcerLaptopsPremium,197840,171432.92,26407.08,2019-03-04,Yes
P02835,Grocery,Cooking Oil,Saffola,SaffolaCooking OilPlus,1490,1318.43,171.57,2025-03-22,Yes
P02836,Grocery,Beverages,Fanta,FantaBeveragesPremium,393,345.51,47.49,2025-02-27,Yes
P02837,Fashion,Footwear,Nike,NikeFootwearStandard,10245,5073.54,5171.46,2025-09-14,Yes
P02838,Fashion,Footwear,Bata,BataFootwearPlus,4823,2732.73,2090.27,2023-07-31,Yes
P02839,Grocery,Cooking Oil,Saffola,SaffolaCooking OilStandard,1496,1409.01,86.99,2023-12-08,Yes
P02840,Grocery,Cooking Oil,Dhara,DharaCooking OilStandard,457,414.84,42.16,2024-05-10,Yes
P02841,Fashion,Footwear,Bata,BataFootwearPro,4942,2369.97,2572.03,2024-04-10,Yes
P02842,Fashion,Men's Wear,Van Heusen,Van HeusenMen's WearStandard,920,507.41,412.59,2025-03-19,Yes
P02843,Grocery,Beverages,7UP,7UPBeveragesMax,1056,913.1,142.9,2019-07-30,Yes
P02844,Fashion,Men's Wear,Levi's,Levi'sMen's WearElite,14138,6016.99,8121.01,2019-05-28,Yes
P02845,Grocery,Rice,India Gate,India GateRiceElite,247,228.11,18.89,2021-10-30,Yes
P02846,Electronics,Laptops,Dell,DellLaptopsMax,113158,94756.85,18401.15,2025-07-31,Yes
P02847,Electronics,Laptops,Lenovo,LenovoLaptopsPremium,53962,43589.18,10372.82,2020-08-13,Yes
P02848,Grocery,Cooking Oil,Fortune,FortuneCooking OilMax,524,478.27,45.73,2025-07-03,Yes
P02849,Fashion,Men's Wear,Allen Solly,Allen SollyMen's WearStandard,13458,6653.01,6804.99,2024-10-08,Yes
P02850,Electronics,Smartphones,Motorola,MotorolaSmartphonesPlus,187287,151394.68,35892.32,2021-07-10,Yes
P02851,Fashion,Footwear,Nike,NikeFootwearStandard,4039,1631.9,2407.1,2022-01-12,Yes
P02852,Grocery,Beverages,Fanta,FantaBeveragesPlus,417,386.74,30.26,2019-07-03,Yes
P02853,Fashion,Women's Wear,H&M,H&MWomen's WearMax,767,517.27,249.73,2025-02-21,Yes
P02854,Fashion,Women's Wear,Global Desi,Global DesiWomen's WearMax,9155,5002.5,4152.5,2023-01-24,Yes
P02855,Fashion,Men's Wear,US Polo,US PoloMen's WearMax,12621,7402.65,5218.35,2024-06-04,Yes
P02856,Fashion,Women's Wear,H&M,H&MWomen's WearStandard,978,601.7,376.3,2025-06-06,Yes
P02857,Grocery,Rice,India Gate,India GateRicePro,1722,1635.72,86.28,2021-03-15,Yes
P02858,Fashion,Footwear,Nike,NikeFootwearElite,10209,6262.29,3946.71,2024-02-04,Yes
P02859,Fashion,Women's Wear,Biba,BibaWomen's WearPro,8794,4845.56,3948.44,2019-12-10,Yes
P02860,Fashion,Women's Wear,Global Desi,Global DesiWomen's WearMax,8034,4698.25,3335.75,2026-02-19,Yes
P02861,Electronics,Televisions,LG,LGTelevisionsMax,124651,108834.84,15816.16,2026-06-03,Yes
P02862,Electronics,Smartphones,OnePlus,OnePlusSmartphonesPro,105251,85868.67,19382.33,2020-03-21,Yes
P02863,Fashion,Men's Wear,Louis Philippe,Louis PhilippeMen's WearPlus,2128,979.4,1148.6,2020-01-17,Yes
P02864,Fashion,Men's Wear,Louis Philippe,Louis PhilippeMen's WearMax,7261,4567.53,2693.47,2020-11-24,Yes
P02865,Fashion,Men's Wear,Van Heusen,Van HeusenMen's WearElite,7394,4860.31,2533.69,2024-04-25,Yes
P02866,Grocery,Rice,Daawat,DaawatRicePro,1117,1030.51,86.49,2022-01-28,Yes
P02867,Fashion,Men's Wear,Levi's,Levi'sMen's WearPro,6150,3014.25,3135.75,2021-01-01,Yes
P02868,Fashion,Footwear,Puma,PumaFootwearPlus,5136,2511.26,2624.74,2021-09-26,Yes
P02869,Fashion,Men's Wear,Levi's,Levi'sMen's WearElite,2998,1683.12,1314.88,2024-11-21,Yes
P02870,Electronics,Laptops,HP,HPLaptopsElite,73962,63680.54,10281.46,2019-03-09,Yes
P02871,Fashion,Men's Wear,Van Heusen,Van HeusenMen's WearMax,11048,4999.89,6048.11,2023-12-26,Yes
P02872,Fashion,Footwear,Nike,NikeFootwearMax,10621,4496.79,6124.21,2022-05-02,Yes
P02873,Electronics,Televisions,Sony,SonyTelevisionsMax,111914,97483.57,14430.43,2025-09-06,Yes
P02874,Fashion,Men's Wear,Allen Solly,Allen SollyMen's WearStandard,5660,3223.38,2436.62,2019-02-27,Yes
P02875,Fashion,Men's Wear,Allen Solly,Allen SollyMen's WearPlus,5597,3749.48,1847.52,2026-02-03,Yes
P02876,Fashion,Men's Wear,Louis Philippe,Louis PhilippeMen's WearPremium,4100,2853.55,1246.45,2026-04-29,Yes
P02877,Fashion,Footwear,Skechers,SkechersFootwearPlus,1258,583.61,674.39,2018-10-01,Yes
P02878,Fashion,Footwear,Puma,PumaFootwearPremium,9311,4103.2,5207.8,2021-06-19,Yes
P02879,Grocery,Cooking Oil,Saffola,SaffolaCooking OilMax,1553,1378.11,174.89,2018-09-04,Yes
P02880,Electronics,Smartphones,Samsung,SamsungSmartphonesElite,69386,57093.36,12292.64,2025-08-19,No
P02881,Electronics,Televisions,Sony,SonyTelevisionsPlus,91548,76198.66,15349.34,2019-12-24,Yes
P02882,Fashion,Footwear,Nike,NikeFootwearStandard,3893,1947.58,1945.42,2023-11-30,No
P02883,Fashion,Footwear,Bata,BataFootwearPremium,13546,6096.54,7449.46,2023-07-16,Yes
P02884,Electronics,Laptops,Lenovo,LenovoLaptopsPro,75556,61076.5,14479.5,2022-09-29,Yes
P02885,Electronics,Smartphones,Apple,AppleSmartphonesPro,193298,157312.25,35985.75,2019-01-11,Yes
P02886,Fashion,Men's Wear,Levi's,Levi'sMen's WearElite,2009,871.98,1137.02,2019-09-13,Yes
P02887,Grocery,Cooking Oil,Dhara,DharaCooking OilPro,1662,1437.59,224.41,2019-08-30,Yes
P02888,Electronics,Televisions,Panasonic,PanasonicTelevisionsMax,120610,102351.77,18258.23,2020-09-03,Yes
P02889,Electronics,Laptops,Lenovo,LenovoLaptopsMax,136586,119581.03,17004.97,2020-06-13,Yes
P02890,Fashion,Footwear,Nike,NikeFootwearPremium,14030,7534.66,6495.34,2021-08-24,Yes
P02891,Fashion,Men's Wear,Allen Solly,Allen SollyMen's WearMax,9089,5168.21,3920.79,2020-07-19,Yes
P02892,Electronics,Smartphones,Google,GoogleSmartphonesPremium,171363,145083.06,26279.94,2019-12-25,Yes
P02893,Fashion,Women's Wear,Global Desi,Global DesiWomen's WearElite,14725,10223.78,4501.22,2019-02-17,Yes
P02894,Grocery,Rice,India Gate,India GateRicePro,1261,1094.68,166.32,2024-10-09,Yes
P02895,Electronics,Laptops,Acer,AcerLaptopsMax,34488,28901.18,5586.82,2019-02-25,Yes
P02896,Fashion,Women's Wear,Global Desi,Global DesiWomen's WearPlus,7129,3814.33,3314.67,2025-09-06,Yes
P02897,Grocery,Cooking Oil,Dhara,DharaCooking OilElite,837,749.02,87.98,2026-07-24,Yes
P02898,Electronics,Laptops,Acer,AcerLaptopsMax,120523,105679.82,14843.18,2022-09-21,Yes
P02899,Grocery,Cooking Oil,Dhara,DharaCooking OilPro,1704,1546.7,157.3,2025-04-01,Yes
P02900,Electronics,Smartphones,Samsung,SamsungSmartphonesElite,107087,92363.69,14723.31,2018-12-26,Yes
P02901,Grocery,Cooking Oil,Dhara,DharaCooking OilPremium,536,493.48,42.52,2025-07-28,No
P02902,Electronics,Laptops,Asus,AsusLaptopsPremium,8390,7092.57,1297.43,2020-06-17,Yes
P02903,Electronics,Laptops,Asus,AsusLaptopsPro,115387,102796.01,12590.99,2019-03-06,Yes
P02904,Electronics,Smartphones,Google,GoogleSmartphonesPro,139092,120528.14,18563.86,2021-01-22,Yes
P02905,Electronics,Laptops,HP,HPLaptopsPremium,193649,165499.96,28149.04,2022-12-24,Yes
P02906,Electronics,Smartphones,Google,GoogleSmartphonesPremium,4304,3573.81,730.19,2024-10-03,Yes
P02907,Electronics,Televisions,Panasonic,PanasonicTelevisionsStandard,23277,20005.77,3271.23,2019-09-06,Yes
P02908,Fashion,Men's Wear,Allen Solly,Allen SollyMen's WearStandard,695,382.67,312.33,2022-09-18,Yes
P02909,Fashion,Men's Wear,Louis Philippe,Louis PhilippeMen's WearStandard,9474,6620.79,2853.21,2025-11-23,Yes
P02910,Electronics,Televisions,Sony,SonyTelevisionsMax,52631,47040.0,5591.0,2019-05-14,Yes
P02911,Electronics,Laptops,Asus,AsusLaptopsPremium,12222,10480.88,1741.12,2019-12-01,Yes
P02912,Grocery,Cooking Oil,Dhara,DharaCooking OilMax,267,248.2,18.8,2018-12-02,Yes
P02913,Electronics,Smartphones,Samsung,SamsungSmartphonesStandard,10438,9085.94,1352.06,2019-02-18,Yes
P02914,Fashion,Footwear,Adidas,AdidasFootwearStandard,12676,6018.1,6657.9,2021-05-12,Yes
P02915,Electronics,Smartphones,OnePlus,OnePlusSmartphonesPro,115003,93972.98,21030.02,2025-07-25,Yes
P02916,Fashion,Men's Wear,Van Heusen,Van HeusenMen's WearPremium,11147,5981.98,5165.02,2026-07-11,Yes
P02917,Fashion,Men's Wear,Van Heusen,Van HeusenMen's WearElite,14272,8234.46,6037.54,2021-04-13,Yes
P02918,Fashion,Men's Wear,Allen Solly,Allen SollyMen's WearPro,1001,614.78,386.22,2025-10-08,Yes
P02919,Grocery,Beverages,Pepsi,PepsiBeveragesPlus,1469,1342.68,126.32,2021-12-04,Yes
P02920,Electronics,Televisions,Sony,SonyTelevisionsStandard,172336,146778.68,25557.32,2018-11-17,Yes
P02921,Fashion,Men's Wear,US Polo,US PoloMen's WearPremium,2254,963.07,1290.93,2025-12-06,Yes
P02922,Grocery,Cooking Oil,Saffola,SaffolaCooking OilPro,140,131.12,8.88,2019-02-03,Yes
P02923,Electronics,Televisions,Sony,SonyTelevisionsElite,106442,90876.27,15565.73,2019-01-14,Yes
P02924,Electronics,Laptops,HP,HPLaptopsPro,76075,66380.85,9694.15,2025-12-21,Yes
P02925,Electronics,Smartphones,Samsung,SamsungSmartphonesPro,32989,27455.21,5533.79,2019-07-24,Yes
P02926,Grocery,Rice,India Gate,India GateRiceStandard,238,215.58,22.42,2023-03-06,Yes
P02927,Grocery,Beverages,7UP,7UPBeveragesElite,164,140.64,23.36,2024-02-26,Yes
P02928,Grocery,Cooking Oil,Saffola,SaffolaCooking OilPlus,716,632.73,83.27,2022-09-11,Yes
P02929,Grocery,Beverages,Fanta,FantaBeveragesPro,207,191.57,15.43,2025-01-30,Yes
P02930,Fashion,Women's Wear,Global Desi,Global DesiWomen's WearPro,1205,705.47,499.53,2020-10-13,Yes
P02931,Fashion,Men's Wear,Levi's,Levi'sMen's WearPremium,7043,3447.06,3595.94,2022-12-11,Yes
P02932,Grocery,Cooking Oil,Saffola,SaffolaCooking OilPremium,1908,1700.04,207.96,2019-08-26,Yes
P02933,Electronics,Laptops,Acer,AcerLaptopsElite,187792,160126.83,27665.17,2020-02-09,Yes
P02934,Fashion,Men's Wear,Louis Philippe,Louis PhilippeMen's WearPro,10168,4993.11,5174.89,2021-03-16,Yes
P02935,Fashion,Men's Wear,Allen Solly,Allen SollyMen's WearPlus,12916,7974.54,4941.46,2019-05-09,Yes
P02936,Electronics,Smartphones,Google,GoogleSmartphonesPro,197441,162818.73,34622.27,2025-02-02,Yes
P02937,Grocery,Rice,India Gate,India GateRiceElite,303,258.72,44.28,2020-12-14,Yes
P02938,Grocery,Beverages,Pepsi,PepsiBeveragesStandard,1302,1189.11,112.89,2024-10-23,Yes
P02939,Grocery,Cooking Oil,Dhara,DharaCooking OilPro,1078,1016.03,61.97,2023-02-09,Yes
P02940,Grocery,Cooking Oil,Fortune,FortuneCooking OilStandard,1916,1691.38,224.62,2025-08-11,Yes
P02941,Electronics,Televisions,LG,LGTelevisionsPlus,12291,10069.37,2221.63,2020-08-27,Yes
P02942,Fashion,Footwear,Nike,NikeFootwearMax,3421,1627.82,1793.18,2024-04-06,Yes
P02943,Grocery,Rice,India Gate,India GateRiceMax,1577,1352.21,224.79,2018-12-12,Yes
P02944,Fashion,Footwear,Nike,NikeFootwearStandard,3329,1824.78,1504.22,2025-11-25,Yes
P02945,Electronics,Laptops,Lenovo,LenovoLaptopsElite,53974,45289.93,8684.07,2024-10-24,Yes
P02946,Electronics,Laptops,Asus,AsusLaptopsPremium,26419,23492.32,2926.68,2026-05-08,Yes
P02947,Grocery,Cooking Oil,Saffola,SaffolaCooking OilStandard,789,719.36,69.64,2023-03-14,Yes
P02948,Fashion,Men's Wear,Van Heusen,Van HeusenMen's WearPro,2681,1368.63,1312.37,2020-06-02,Yes
P02949,Fashion,Men's Wear,Van Heusen,Van HeusenMen's WearPro,12880,7586.42,5293.58,2023-03-04,Yes
P02950,Fashion,Footwear,Adidas,AdidasFootwearStandard,14782,7479.2,7302.8,2025-08-06,Yes
P02951,Electronics,Smartphones,Apple,AppleSmartphonesStandard,61993,50581.87,11411.13,2024-03-13,Yes
P02952,Electronics,Laptops,Acer,AcerLaptopsPro,81473,71464.99,10008.01,2022-05-22,Yes
P02953,Electronics,Smartphones,Apple,AppleSmartphonesPlus,138101,116656.36,21444.64,2018-11-25,Yes
P02954,Fashion,Women's Wear,H&M,H&MWomen's WearPlus,13790,9362.83,4427.17,2019-12-10,Yes
P02955,Fashion,Footwear,Bata,BataFootwearPro,6345,2662.54,3682.46,2021-01-31,Yes
P02956,Fashion,Men's Wear,Louis Philippe,Louis PhilippeMen's WearMax,12971,5837.41,7133.59,2025-11-05,Yes
P02957,Grocery,Cooking Oil,Fortune,FortuneCooking OilPro,1001,873.94,127.06,2025-01-02,Yes
P02958,Fashion,Men's Wear,Van Heusen,Van HeusenMen's WearElite,3068,1482.4,1585.6,2020-09-19,No
P02959,Electronics,Smartphones,OnePlus,OnePlusSmartphonesPro,135336,114640.55,20695.45,2025-09-08,Yes
P02960,Fashion,Women's Wear,Zara,ZaraWomen's WearStandard,2782,1946.66,835.34,2021-12-26,Yes
P02961,Fashion,Women's Wear,Biba,BibaWomen's WearElite,10138,5639.98,4498.02,2021-10-06,Yes
P02962,Fashion,Footwear,Puma,PumaFootwearPlus,14027,8334.02,5692.98,2022-06-05,Yes
P02963,Fashion,Women's Wear,Zara,ZaraWomen's WearPlus,5600,2876.27,2723.73,2022-12-06,Yes
P02964,Electronics,Televisions,Samsung,SamsungTelevisionsMax,85924,70549.09,15374.91,2022-08-02,Yes
P02965,Grocery,Cooking Oil,Fortune,FortuneCooking OilMax,1036,888.81,147.19,2024-12-20,Yes
P02966,Grocery,Cooking Oil,Fortune,FortuneCooking OilElite,1695,1591.74,103.26,2023-05-08,Yes
P02967,Fashion,Women's Wear,Zara,ZaraWomen's WearMax,10714,4879.78,5834.22,2024-04-06,Yes
P02968,Fashion,Footwear,Nike,NikeFootwearPro,14456,9712.6,4743.4,2022-12-31,Yes
P02969,Electronics,Laptops,Asus,AsusLaptopsMax,21626,18144.09,3481.91,2018-10-13,Yes
P02970,Fashion,Footwear,Puma,PumaFootwearElite,4401,2437.98,1963.02,2022-02-28,Yes
P02971,Grocery,Rice,Fortune,FortuneRiceMax,1981,1768.47,212.53,2022-11-04,Yes
P02972,Fashion,Men's Wear,Van Heusen,Van HeusenMen's WearElite,12470,5155.52,7314.48,2021-04-25,Yes
P02973,Grocery,Cooking Oil,Dhara,DharaCooking OilPremium,390,364.0,26.0,2023-11-22,Yes
P02974,Electronics,Laptops,Asus,AsusLaptopsElite,37385,31630.2,5754.8,2025-05-11,Yes
P02975,Fashion,Women's Wear,H&M,H&MWomen's WearPremium,7314,3731.26,3582.74,2024-08-10,Yes
P02976,Electronics,Laptops,Lenovo,LenovoLaptopsPremium,139982,112212.0,27770.0,2022-07-10,Yes
P02977,Fashion,Men's Wear,Allen Solly,Allen SollyMen's WearPremium,10506,5323.67,5182.33,2019-06-03,Yes
P02978,Grocery,Cooking Oil,Dhara,DharaCooking OilStandard,1825,1642.39,182.61,2026-03-09,Yes
P02979,Grocery,Beverages,Fanta,FantaBeveragesElite,317,270.6,46.4,2020-10-20,Yes
P02980,Fashion,Women's Wear,Global Desi,Global DesiWomen's WearPlus,4750,2316.03,2433.97,2022-10-09,Yes
P02981,Fashion,Women's Wear,Zara,ZaraWomen's WearStandard,4968,3437.79,1530.21,2026-03-31,Yes
P02982,Grocery,Cooking Oil,Dhara,DharaCooking OilPlus,621,578.57,42.43,2018-12-04,Yes
P02983,Grocery,Cooking Oil,Fortune,FortuneCooking OilMax,89,81.06,7.94,2022-03-02,Yes
P02984,Fashion,Men's Wear,Levi's,Levi'sMen's WearMax,853,347.11,505.89,2020-04-23,Yes
P02985,Electronics,Laptops,Acer,AcerLaptopsPro,27729,23896.91,3832.09,2020-09-14,Yes
P02986,Grocery,Beverages,7UP,7UPBeveragesPremium,1020,884.54,135.46,2026-01-28,Yes
P02987,Grocery,Cooking Oil,Fortune,FortuneCooking OilPremium,702,630.0,72.0,2019-08-16,Yes
P02988,Electronics,Smartphones,OnePlus,OnePlusSmartphonesStandard,121587,105304.08,16282.92,2024-10-18,Yes
P02989,Electronics,Televisions,Sony,SonyTelevisionsPro,185676,160767.65,24908.35,2025-09-12,Yes
P02990,Electronics,Smartphones,Apple,AppleSmartphonesElite,124642,110431.09,14210.91,2020-08-08,Yes
P02991,Fashion,Footwear,Bata,BataFootwearPlus,3867,2270.6,1596.4,2018-12-21,Yes
P02992,Grocery,Beverages,Sprite,SpriteBeveragesPremium,178,155.69,22.31,2021-05-21,Yes
P02993,Fashion,Footwear,Bata,BataFootwearStandard,3415,1822.14,1592.86,2023-12-10,Yes
P02994,Fashion,Women's Wear,Biba,BibaWomen's WearStandard,10649,4700.34,5948.66,2025-03-09,Yes
P02995,Grocery,Cooking Oil,Fortune,FortuneCooking OilPro,1798,1594.06,203.94,2021-07-31,Yes
P02996,Fashion,Women's Wear,Biba,BibaWomen's WearPro,7105,3371.27,3733.73,2022-11-24,Yes
P02997,Grocery,Beverages,Fanta,FantaBeveragesPlus,1040,981.44,58.56,2025-01-19,Yes
P02998,Fashion,Footwear,Adidas,AdidasFootwearPlus,9826,6802.57,3023.43,2022-06-15,Yes
P02999,Grocery,Rice,India Gate,India GateRiceStandard,878,817.31,60.69,2019-08-20,Yes
P03000,Fashion,Men's Wear,US Polo,US PoloMen's WearStandard,11296,7424.82,3871.18,2025-06-07,Yes
P03001,Fashion,Footwear,Nike,NikeFootwearPlus,2693,1834.77,858.23,2022-08-21,Yes
P03002,Fashion,Footwear,Puma,PumaFootwearPro,11926,6363.93,5562.07,2022-09-27,Yes
P03003,Grocery,Rice,Daawat,DaawatRiceStandard,548,481.34,66.66,2025-05-02,Yes
P03004,Grocery,Cooking Oil,Fortune,FortuneCooking OilMax,1522,1306.86,215.14,2019-09-30,Yes
P03005,Grocery,Beverages,Coca-Cola,Coca-ColaBeveragesStandard,1028,968.03,59.97,2020-05-01,Yes
P03006,Electronics,Laptops,Acer,AcerLaptopsPlus,95786,85768.01,10017.99,2020-06-16,Yes
P03007,Grocery,Rice,India Gate,India GateRiceMax,179,161.68,17.32,2025-07-03,Yes
P03008,Electronics,Smartphones,Apple,AppleSmartphonesPremium,17312,14012.87,3299.13,2026-07-13,Yes
P03009,Electronics,Laptops,Lenovo,LenovoLaptopsPremium,4291,3670.93,620.07,2021-10-20,Yes
P03010,Grocery,Cooking Oil,Fortune,FortuneCooking OilPro,911,842.89,68.11,2022-02-27,Yes
P03011,Grocery,Cooking Oil,Dhara,DharaCooking OilStandard,1005,910.06,94.94,2023-07-08,Yes
P03012,Electronics,Televisions,Sony,SonyTelevisionsElite,51826,43970.04,7855.96,2025-02-17,Yes
P03013,Fashion,Women's Wear,Biba,BibaWomen's WearPlus,11702,5195.33,6506.67,2020-04-15,Yes
P03014,Electronics,Smartphones,OnePlus,OnePlusSmartphonesElite,184821,160405.15,24415.85,2021-12-25,Yes
P03015,Electronics,Televisions,Panasonic,PanasonicTelevisionsPlus,136734,122372.42,14361.58,2025-07-11,Yes
P03016,Grocery,Rice,Daawat,DaawatRiceStandard,1008,930.43,77.57,2026-02-27,Yes
P03017,Grocery,Rice,Fortune,FortuneRicePlus,125,112.82,12.18,2018-10-30,Yes
P03018,Fashion,Men's Wear,Allen Solly,Allen SollyMen's WearMax,8751,5293.81,3457.19,2024-09-16,Yes
P03019,Electronics,Laptops,Lenovo,LenovoLaptopsPro,192547,158401.07,34145.93,2019-08-31,Yes
P03020,Electronics,Smartphones,Apple,AppleSmartphonesPremium,120224,96415.47,23808.53,2022-01-23,Yes
P03021,Electronics,Smartphones,OnePlus,OnePlusSmartphonesElite,109784,91897.34,17886.66,2021-06-18,Yes
P03022,Electronics,Laptops,HP,HPLaptopsStandard,35459,31513.45,3945.55,2025-05-19,Yes
P03023,Fashion,Footwear,Adidas,AdidasFootwearPremium,7169,4039.58,3129.42,2022-04-14,Yes
P03024,Grocery,Rice,Fortune,FortuneRicePro,891,821.95,69.05,2022-12-03,Yes
P03025,Grocery,Rice,Fortune,FortuneRicePremium,148,128.03,19.97,2026-01-06,Yes
P03026,Electronics,Smartphones,Apple,AppleSmartphonesPremium,83724,73038.15,10685.85,2023-12-17,Yes
P03027,Fashion,Women's Wear,Biba,BibaWomen's WearElite,1073,629.21,443.79,2025-01-24,Yes
P03028,Fashion,Footwear,Bata,BataFootwearPremium,13619,6253.78,7365.22,2020-03-26,Yes
P03029,Fashion,Men's Wear,US Polo,US PoloMen's WearElite,1404,802.92,601.08,2025-02-10,Yes
P03030,Grocery,Rice,Fortune,FortuneRicePro,923,788.71,134.29,2020-04-15,Yes
P03031,Grocery,Beverages,Fanta,FantaBeveragesPremium,1370,1289.47,80.53,2021-09-09,Yes
P03032,Fashion,Women's Wear,H&M,H&MWomen's WearPlus,2566,1139.83,1426.17,2019-01-01,No
P03033,Fashion,Footwear,Nike,NikeFootwearPlus,946,433.65,512.35,2022-05-04,Yes
P03034,Electronics,Televisions,LG,LGTelevisionsPremium,165084,133020.37,32063.63,2021-08-25,Yes
P03035,Grocery,Beverages,7UP,7UPBeveragesMax,1042,917.08,124.92,2025-07-07,Yes
P03036,Electronics,Smartphones,Apple,AppleSmartphonesPro,182510,162415.59,20094.41,2020-03-02,Yes
P03037,Electronics,Televisions,LG,LGTelevisionsElite,158751,139991.38,18759.62,2022-04-01,Yes
P03038,Electronics,Smartphones,Google,GoogleSmartphonesMax,59031,49819.93,9211.07,2024-08-22,Yes
P03039,Grocery,Cooking Oil,Saffola,SaffolaCooking OilElite,68,59.22,8.78,2023-04-07,Yes
P03040,Grocery,Beverages,Fanta,FantaBeveragesPremium,1591,1453.15,137.85,2024-03-27,Yes
P03041,Fashion,Women's Wear,Biba,BibaWomen's WearElite,13027,8369.41,4657.59,2023-11-05,Yes
P03042,Grocery,Beverages,Sprite,SpriteBeveragesPremium,1248,1138.79,109.21,2021-03-18,Yes
P03043,Grocery,Cooking Oil,Saffola,SaffolaCooking OilPro,465,411.7,53.3,2023-04-27,Yes
P03044,Fashion,Women's Wear,H&M,H&MWomen's WearStandard,1575,694.55,880.45,2025-05-28,Yes
P03045,Electronics,Televisions,LG,LGTelevisionsMax,112674,99885.89,12788.11,2019-09-28,Yes
P03046,Electronics,Televisions,Panasonic,PanasonicTelevisionsPro,7336,6544.43,791.57,2019-07-16,Yes
P03047,Electronics,Laptops,Dell,DellLaptopsPlus,182767,147116.05,35650.95,2022-10-06,Yes
P03048,Fashion,Footwear,Skechers,SkechersFootwearStandard,7792,4176.61,3615.39,2024-06-03,Yes
P03049,Grocery,Beverages,Fanta,FantaBeveragesPremium,414,392.99,21.01,2021-01-12,Yes
P03050,Fashion,Women's Wear,Global Desi,Global DesiWomen's WearElite,5230,2511.78,2718.22,2019-01-03,Yes
P03051,Grocery,Cooking Oil,Dhara,DharaCooking OilStandard,327,286.21,40.79,2021-08-09,Yes
P03052,Electronics,Televisions,Sony,SonyTelevisionsStandard,171412,146214.97,25197.03,2023-05-11,Yes
P03053,Electronics,Televisions,LG,LGTelevisionsStandard,37831,30664.73,7166.27,2021-06-22,Yes
P03054,Electronics,Televisions,Sony,SonyTelevisionsElite,12407,10838.16,1568.84,2025-11-12,Yes
P03055,Grocery,Cooking Oil,Saffola,SaffolaCooking OilMax,274,246.31,27.69,2024-09-28,Yes
P03056,Grocery,Cooking Oil,Saffola,SaffolaCooking OilStandard,1610,1438.58,171.42,2025-02-20,Yes
P03057,Fashion,Men's Wear,Louis Philippe,Louis PhilippeMen's WearPremium,6392,3392.27,2999.73,2022-02-15,Yes
P03058,Electronics,Smartphones,Motorola,MotorolaSmartphonesPremium,7296,6563.16,732.84,2023-09-09,Yes
P03059,Electronics,Televisions,Samsung,SamsungTelevisionsMax,195622,166878.48,28743.52,2023-12-30,Yes
P03060,Grocery,Cooking Oil,Saffola,SaffolaCooking OilPremium,1885,1654.59,230.41,2023-10-30,Yes
P03061,Grocery,Rice,Daawat,DaawatRiceStandard,1049,968.5,80.5,2022-03-30,Yes
P03062,Electronics,Televisions,Samsung,SamsungTelevisionsMax,9866,8046.39,1819.61,2021-05-17,Yes
P03063,Electronics,Smartphones,OnePlus,OnePlusSmartphonesPlus,168575,141289.56,27285.44,2024-06-15,Yes
P03064,Fashion,Men's Wear,Louis Philippe,Louis PhilippeMen's WearStandard,3165,1555.94,1609.06,2026-07-03,Yes
P03065,Electronics,Laptops,Asus,AsusLaptopsElite,28583,23548.24,5034.76,2026-07-09,Yes
P03066,Fashion,Women's Wear,H&M,H&MWomen's WearStandard,729,388.87,340.13,2025-04-21,Yes
P03067,Fashion,Men's Wear,US Polo,US PoloMen's WearPro,14833,7208.47,7624.53,2019-01-14,Yes
P03068,Grocery,Beverages,7UP,7UPBeveragesPremium,722,614.9,107.1,2019-05-02,Yes
P03069,Electronics,Smartphones,Motorola,MotorolaSmartphonesMax,54160,44629.46,9530.54,2026-07-09,Yes
P03070,Fashion,Men's Wear,Allen Solly,Allen SollyMen's WearElite,13153,8835.03,4317.97,2022-09-06,No
P03071,Grocery,Cooking Oil,Saffola,SaffolaCooking OilElite,748,651.08,96.92,2020-02-07,Yes
P03072,Grocery,Beverages,Sprite,SpriteBeveragesStandard,348,312.83,35.17,2025-06-23,Yes
P03073,Electronics,Smartphones,Apple,AppleSmartphonesPlus,125608,104814.5,20793.5,2021-01-04,Yes
P03074,Grocery,Rice,Fortune,FortuneRicePlus,438,399.09,38.91,2026-04-12,Yes
P03075,Electronics,Laptops,Acer,AcerLaptopsPremium,147186,120014.42,27171.58,2019-06-02,Yes
P03076,Fashion,Footwear,Skechers,SkechersFootwearElite,1866,913.86,952.14,2019-11-19,Yes
P03077,Electronics,Smartphones,Motorola,MotorolaSmartphonesPro,113904,94080.84,19823.16,2022-12-26,Yes
P03078,Grocery,Cooking Oil,Saffola,SaffolaCooking OilStandard,421,394.3,26.7,2021-06-19,Yes
P03079,Electronics,Laptops,Asus,AsusLaptopsMax,49141,43981.72,5159.28,2023-03-10,Yes
P03080,Grocery,Beverages,Sprite,SpriteBeveragesPlus,543,463.64,79.36,2022-12-06,Yes
P03081,Grocery,Rice,Daawat,DaawatRicePro,175,161.25,13.75,2024-01-29,Yes
P03082,Fashion,Footwear,Nike,NikeFootwearStandard,6145,2863.62,3281.38,2018-11-27,Yes
P03083,Electronics,Televisions,Panasonic,PanasonicTelevisionsElite,150668,122117.86,28550.14,2024-07-22,Yes
P03084,Electronics,Smartphones,OnePlus,OnePlusSmartphonesPremium,144508,124750.81,19757.19,2019-02-14,Yes
P03085,Electronics,Smartphones,Google,GoogleSmartphonesPlus,163462,142321.9,21140.1,2018-11-18,Yes
P03086,Fashion,Men's Wear,Allen Solly,Allen SollyMen's WearPro,6975,4141.06,2833.94,2026-06-14,Yes
P03087,Grocery,Rice,Daawat,DaawatRiceMax,212,184.33,27.67,2020-01-07,No
P03088,Fashion,Men's Wear,US Polo,US PoloMen's WearPlus,9505,4648.64,4856.36,2022-01-03,Yes
P03089,Fashion,Women's Wear,H&M,H&MWomen's WearStandard,2501,1144.56,1356.44,2020-03-17,Yes
P03090,Electronics,Televisions,Panasonic,PanasonicTelevisionsMax,135346,109243.91,26102.09,2020-03-03,Yes
P03091,Fashion,Men's Wear,Levi's,Levi'sMen's WearPro,7957,5457.33,2499.67,2025-09-18,Yes
P03092,Electronics,Televisions,LG,LGTelevisionsMax,8168,7042.5,1125.5,2025-05-10,Yes
P03093,Electronics,Laptops,Acer,AcerLaptopsMax,184517,152446.51,32070.49,2022-11-07,Yes
P03094,Electronics,Laptops,HP,HPLaptopsStandard,101477,85661.61,15815.39,2024-06-04,Yes
P03095,Fashion,Men's Wear,Levi's,Levi'sMen's WearPro,1484,1004.09,479.91,2021-11-20,Yes
P03096,Fashion,Footwear,Adidas,AdidasFootwearElite,6585,2922.45,3662.55,2025-08-05,No
P03097,Electronics,Laptops,Acer,AcerLaptopsStandard,85461,72648.85,12812.15,2020-04-25,Yes
P03098,Grocery,Rice,India Gate,India GateRiceMax,1783,1591.02,191.98,2024-02-10,Yes
P03099,Grocery,Cooking Oil,Saffola,SaffolaCooking OilPremium,295,256.75,38.25,2023-05-05,Yes
P03100,Electronics,Laptops,Dell,DellLaptopsStandard,148304,125158.04,23145.96,2020-11-23,Yes
P03101,Grocery,Rice,Daawat,DaawatRiceMax,262,229.13,32.87,2023-03-09,Yes
P03102,Fashion,Women's Wear,W,WWomen's WearElite,14378,6039.02,8338.98,2024-11-03,Yes
P03103,Fashion,Women's Wear,H&M,H&MWomen's WearElite,1407,888.57,518.43,2021-11-18,Yes
P03104,Fashion,Women's Wear,Global Desi,Global DesiWomen's WearMax,7988,3419.14,4568.86,2024-08-19,No
P03105,Electronics,Laptops,Lenovo,LenovoLaptopsMax,67848,60100.29,7747.71,2021-07-18,Yes
P03106,Fashion,Women's Wear,Biba,BibaWomen's WearPro,9901,4192.65,5708.35,2021-01-03,No
P03107,Grocery,Rice,Fortune,FortuneRicePlus,37,31.87,5.13,2020-03-05,Yes
P03108,Grocery,Beverages,7UP,7UPBeveragesStandard,1007,943.21,63.79,2022-05-18,Yes
P03109,Electronics,Smartphones,Samsung,SamsungSmartphonesMax,141740,117150.42,24589.58,2025-12-01,Yes
P03110,Fashion,Footwear,Skechers,SkechersFootwearPlus,842,522.55,319.45,2021-02-02,Yes
P03111,Fashion,Women's Wear,Biba,BibaWomen's WearMax,4215,2778.02,1436.98,2019-11-28,Yes
P03112,Fashion,Footwear,Puma,PumaFootwearPlus,7546,3932.0,3614.0,2022-05-12,Yes
P03113,Electronics,Smartphones,Motorola,MotorolaSmartphonesMax,76524,66243.03,10280.97,2020-06-26,Yes
P03114,Grocery,Cooking Oil,Fortune,FortuneCooking OilElite,1607,1393.36,213.64,2022-08-03,Yes
P03115,Electronics,Televisions,Samsung,SamsungTelevisionsPro,167901,144853.25,23047.75,2026-05-23,Yes
P03116,Electronics,Televisions,Panasonic,PanasonicTelevisionsMax,59765,49074.15,10690.85,2020-04-03,Yes
P03117,Fashion,Men's Wear,US Polo,US PoloMen's WearElite,9893,6510.69,3382.31,2020-03-28,Yes
P03118,Electronics,Laptops,Lenovo,LenovoLaptopsPro,46417,38153.4,8263.6,2022-10-09,Yes
P03119,Fashion,Women's Wear,H&M,H&MWomen's WearMax,9194,3994.23,5199.77,2019-09-07,Yes
P03120,Electronics,Laptops,Dell,DellLaptopsPremium,39672,35549.76,4122.24,2018-10-15,Yes
P03121,Fashion,Footwear,Skechers,SkechersFootwearElite,10836,7151.99,3684.01,2018-12-08,Yes
P03122,Fashion,Footwear,Nike,NikeFootwearElite,3806,1933.0,1873.0,2025-05-02,Yes
P03123,Fashion,Footwear,Skechers,SkechersFootwearStandard,3732,1681.89,2050.11,2021-12-02,Yes
P03124,Grocery,Rice,Fortune,FortuneRicePlus,1274,1173.99,100.01,2021-06-30,Yes
P03125,Electronics,Televisions,Sony,SonyTelevisionsPlus,100009,86431.26,13577.74,2025-02-24,Yes
P03126,Fashion,Women's Wear,Global Desi,Global DesiWomen's WearPro,8839,4511.71,4327.29,2024-09-04,Yes
P03127,Electronics,Laptops,Lenovo,LenovoLaptopsPro,27841,23346.73,4494.27,2020-06-20,Yes
P03128,Fashion,Women's Wear,Biba,BibaWomen's WearPlus,2230,900.38,1329.62,2020-06-04,Yes
P03129,Grocery,Beverages,Sprite,SpriteBeveragesPro,1634,1551.26,82.74,2018-11-23,Yes
P03130,Grocery,Beverages,Fanta,FantaBeveragesPremium,792,706.43,85.57,2022-05-21,Yes
P03131,Electronics,Smartphones,Google,GoogleSmartphonesElite,112855,90395.25,22459.75,2022-10-07,Yes
P03132,Grocery,Rice,Daawat,DaawatRicePro,1725,1478.23,246.77,2021-02-17,Yes
P03133,Grocery,Beverages,Fanta,FantaBeveragesPremium,1982,1780.5,201.5,2020-05-22,Yes
P03134,Electronics,Televisions,Panasonic,PanasonicTelevisionsPlus,148937,126505.84,22431.16,2025-02-09,Yes
P03135,Grocery,Rice,Fortune,FortuneRicePremium,978,905.98,72.02,2026-02-21,Yes
P03136,Fashion,Women's Wear,Global Desi,Global DesiWomen's WearPremium,7963,4361.38,3601.62,2019-03-09,Yes
P03137,Grocery,Rice,Fortune,FortuneRicePro,1684,1503.37,180.63,2021-11-04,Yes
P03138,Electronics,Smartphones,Motorola,MotorolaSmartphonesPro,88286,79280.56,9005.44,2020-01-11,Yes
P03139,Electronics,Laptops,Dell,DellLaptopsMax,153319,131182.32,22136.68,2024-11-20,Yes
P03140,Grocery,Cooking Oil,Saffola,SaffolaCooking OilElite,1854,1581.69,272.31,2025-06-20,Yes
P03141,Grocery,Cooking Oil,Dhara,DharaCooking OilPremium,1965,1758.16,206.84,2023-08-22,Yes
P03142,Fashion,Footwear,Adidas,AdidasFootwearPro,12472,6289.45,6182.55,2021-09-21,Yes
P03143,Grocery,Cooking Oil,Saffola,SaffolaCooking OilElite,380,355.45,24.55,2018-10-17,Yes
P03144,Electronics,Televisions,TCL,TCLTelevisionsPlus,66024,56263.33,9760.67,2021-01-21,Yes
P03145,Electronics,Televisions,Samsung,SamsungTelevisionsStandard,98604,86487.84,12116.16,2023-07-08,Yes
P03146,Fashion,Men's Wear,Levi's,Levi'sMen's WearElite,11241,7574.03,3666.97,2022-03-18,Yes
P03147,Grocery,Cooking Oil,Fortune,FortuneCooking OilPlus,1376,1285.55,90.45,2022-07-11,Yes
P03148,Grocery,Cooking Oil,Fortune,FortuneCooking OilMax,825,768.45,56.55,2021-11-10,Yes
P03149,Electronics,Laptops,Lenovo,LenovoLaptopsPremium,29538,26289.05,3248.95,2022-01-22,Yes
P03150,Fashion,Footwear,Puma,PumaFootwearStandard,13010,8743.56,4266.44,2023-08-29,Yes
P03151,Fashion,Footwear,Skechers,SkechersFootwearPro,14501,6365.71,8135.29,2025-07-23,Yes
P03152,Fashion,Women's Wear,Global Desi,Global DesiWomen's WearPro,10730,7008.1,3721.9,2018-08-06,Yes
P03153,Electronics,Laptops,HP,HPLaptopsPremium,121343,97855.89,23487.11,2021-04-25,Yes
P03154,Fashion,Footwear,Puma,PumaFootwearPro,8749,5882.17,2866.83,2023-04-25,Yes
P03155,Grocery,Rice,India Gate,India GateRiceStandard,350,325.67,24.33,2019-03-16,Yes
P03156,Grocery,Beverages,Coca-Cola,Coca-ColaBeveragesElite,1956,1695.81,260.19,2025-05-28,Yes
P03157,Fashion,Footwear,Bata,BataFootwearElite,728,455.59,272.41,2026-07-04,Yes
P03158,Grocery,Cooking Oil,Fortune,FortuneCooking OilStandard,1218,1131.94,86.06,2018-09-14,Yes
P03159,Fashion,Men's Wear,Allen Solly,Allen SollyMen's WearElite,4264,2915.58,1348.42,2020-10-26,Yes
P03160,Fashion,Footwear,Adidas,AdidasFootwearElite,1635,732.85,902.15,2020-02-18,Yes
P03161,Fashion,Men's Wear,Levi's,Levi'sMen's WearMax,1729,1120.88,608.12,2022-04-11,Yes
P03162,Electronics,Televisions,Samsung,SamsungTelevisionsPremium,33337,29722.88,3614.12,2023-04-30,Yes
P03163,Electronics,Televisions,Samsung,SamsungTelevisionsElite,93578,77671.49,15906.51,2020-06-16,Yes
P03164,Grocery,Cooking Oil,Saffola,SaffolaCooking OilPro,462,433.26,28.74,2020-06-17,Yes
P03165,Electronics,Laptops,Acer,AcerLaptopsMax,48097,39159.39,8937.61,2023-09-26,Yes
P03166,Fashion,Men's Wear,US Polo,US PoloMen's WearPlus,7665,3744.14,3920.86,2023-07-13,Yes
P03167,Electronics,Laptops,HP,HPLaptopsStandard,155666,132619.07,23046.93,2020-04-26,No
P03168,Electronics,Televisions,LG,LGTelevisionsMax,170394,145534.76,24859.24,2023-10-29,Yes
P03169,Fashion,Women's Wear,Biba,BibaWomen's WearMax,3362,1374.43,1987.57,2025-10-19,Yes
P03170,Fashion,Men's Wear,Allen Solly,Allen SollyMen's WearPro,11904,6351.91,5552.09,2021-10-19,Yes
P03171,Fashion,Women's Wear,Global Desi,Global DesiWomen's WearStandard,14562,9854.3,4707.7,2024-09-22,Yes
P03172,Fashion,Footwear,Nike,NikeFootwearElite,3259,1641.38,1617.62,2024-10-17,Yes
P03173,Fashion,Women's Wear,W,WWomen's WearStandard,3580,2269.46,1310.54,2025-12-02,Yes
P03174,Grocery,Cooking Oil,Dhara,DharaCooking OilMax,1616,1464.34,151.66,2023-08-22,Yes
P03175,Fashion,Men's Wear,Van Heusen,Van HeusenMen's WearMax,8943,3882.64,5060.36,2019-10-07,Yes
P03176,Fashion,Footwear,Skechers,SkechersFootwearPro,4257,2085.5,2171.5,2020-07-30,Yes
P03177,Grocery,Cooking Oil,Dhara,DharaCooking OilMax,1701,1613.95,87.05,2019-02-24,Yes
P03178,Fashion,Women's Wear,H&M,H&MWomen's WearElite,3404,1601.4,1802.6,2019-05-18,Yes
P03179,Electronics,Televisions,Sony,SonyTelevisionsPremium,104322,93449.59,10872.41,2022-02-21,Yes
P03180,Fashion,Women's Wear,Global Desi,Global DesiWomen's WearPlus,12937,8916.88,4020.12,2025-11-25,Yes
P03181,Grocery,Beverages,Fanta,FantaBeveragesPro,149,126.73,22.27,2020-02-25,Yes
P03182,Fashion,Footwear,Adidas,AdidasFootwearPremium,14293,5909.73,8383.27,2019-04-11,Yes
P03183,Fashion,Women's Wear,Global Desi,Global DesiWomen's WearMax,10736,5186.64,5549.36,2024-09-18,Yes
P03184,Electronics,Smartphones,Samsung,SamsungSmartphonesStandard,123564,108129.93,15434.07,2019-08-17,Yes
P03185,Grocery,Rice,Fortune,FortuneRicePremium,1807,1608.71,198.29,2018-11-24,Yes
P03186,Electronics,Smartphones,Samsung,SamsungSmartphonesStandard,81022,69701.46,11320.54,2024-05-10,Yes
P03187,Electronics,Smartphones,Samsung,SamsungSmartphonesPro,191690,171194.86,20495.14,2026-05-27,Yes
P03188,Fashion,Footwear,Skechers,SkechersFootwearElite,3159,1562.53,1596.47,2025-09-04,Yes
P03189,Fashion,Footwear,Adidas,AdidasFootwearPro,12947,7772.33,5174.67,2021-12-28,Yes
P03190,Electronics,Laptops,Lenovo,LenovoLaptopsPro,146446,131047.2,15398.8,2020-11-05,Yes
P03191,Electronics,Laptops,Dell,DellLaptopsStandard,192022,172462.08,19559.92,2020-10-31,Yes
P03192,Fashion,Men's Wear,Louis Philippe,Louis PhilippeMen's WearPlus,8397,5627.12,2769.88,2019-05-17,Yes
P03193,Fashion,Women's Wear,Zara,ZaraWomen's WearPremium,2093,1135.49,957.51,2023-04-22,Yes
P03194,Grocery,Beverages,Fanta,FantaBeveragesPro,254,222.84,31.16,2021-10-04,Yes
P03195,Electronics,Smartphones,Motorola,MotorolaSmartphonesMax,194028,164649.14,29378.86,2020-05-03,Yes
P03196,Electronics,Smartphones,Apple,AppleSmartphonesPremium,185716,150539.66,35176.34,2024-11-11,Yes
P03197,Fashion,Men's Wear,Allen Solly,Allen SollyMen's WearElite,2746,1634.38,1111.62,2021-02-14,Yes
P03198,Grocery,Rice,Fortune,FortuneRicePremium,595,529.35,65.65,2025-01-10,Yes
P03199,Electronics,Laptops,HP,HPLaptopsPremium,60746,51440.72,9305.28,2022-04-11,Yes
P03200,Fashion,Women's Wear,W,WWomen's WearPremium,3743,2082.59,1660.41,2026-04-24,Yes
P03201,Electronics,Laptops,HP,HPLaptopsPro,188616,154320.04,34295.96,2022-01-07,Yes
P03202,Grocery,Beverages,Coca-Cola,Coca-ColaBeveragesMax,119,101.38,17.62,2026-07-11,Yes
P03203,Fashion,Footwear,Bata,BataFootwearPremium,5586,2668.15,2917.85,2020-04-30,Yes
P03204,Grocery,Beverages,Sprite,SpriteBeveragesPro,83,75.4,7.6,2019-04-04,Yes
P03205,Fashion,Footwear,Skechers,SkechersFootwearElite,2125,1126.66,998.34,2025-10-19,Yes
P03206,Grocery,Cooking Oil,Fortune,FortuneCooking OilStandard,546,483.83,62.17,2023-10-24,Yes
P03207,Electronics,Smartphones,Apple,AppleSmartphonesPremium,182871,157724.1,25146.9,2022-10-20,Yes
P03208,Fashion,Footwear,Puma,PumaFootwearMax,12976,6433.96,6542.04,2020-03-06,Yes
P03209,Grocery,Rice,Daawat,DaawatRiceStandard,1756,1558.61,197.39,2019-11-09,Yes
P03210,Electronics,Smartphones,Motorola,MotorolaSmartphonesPremium,191860,157884.54,33975.46,2021-08-16,Yes
P03211,Fashion,Footwear,Puma,PumaFootwearPro,12006,7799.57,4206.43,2023-06-29,Yes
P03212,Grocery,Cooking Oil,Dhara,DharaCooking OilPro,1004,930.36,73.64,2021-04-18,Yes
P03213,Electronics,Televisions,LG,LGTelevisionsPremium,17026,14613.54,2412.46,2021-07-05,Yes
P03214,Electronics,Laptops,Dell,DellLaptopsElite,18974,15532.11,3441.89,2021-11-22,Yes
P03215,Electronics,Laptops,Asus,AsusLaptopsPlus,56130,47285.91,8844.09,2018-08-11,Yes
P03216,Electronics,Laptops,Lenovo,LenovoLaptopsStandard,127053,106680.63,20372.37,2019-12-04,Yes
P03217,Fashion,Women's Wear,W,WWomen's WearPremium,12818,5960.77,6857.23,2019-03-31,Yes
P03218,Electronics,Laptops,HP,HPLaptopsElite,2600,2269.54,330.46,2025-07-25,Yes
P03219,Grocery,Cooking Oil,Dhara,DharaCooking OilPro,1555,1321.98,233.02,2021-04-02,Yes
P03220,Fashion,Men's Wear,Louis Philippe,Louis PhilippeMen's WearMax,11729,7976.35,3752.65,2024-06-29,Yes
P03221,Fashion,Footwear,Puma,PumaFootwearPro,14166,6569.91,7596.09,2023-08-08,Yes
P03222,Electronics,Televisions,LG,LGTelevisionsStandard,107240,90300.18,16939.82,2019-03-10,Yes
P03223,Grocery,Rice,Daawat,DaawatRicePremium,58,52.23,5.77,2023-04-25,Yes
P03224,Grocery,Beverages,Pepsi,PepsiBeveragesMax,1258,1088.39,169.61,2023-11-21,Yes
P03225,Electronics,Laptops,HP,HPLaptopsMax,121025,100449.85,20575.15,2022-03-25,Yes
P03226,Electronics,Televisions,Panasonic,PanasonicTelevisionsPro,163296,141845.57,21450.43,2023-10-17,Yes
P03227,Fashion,Men's Wear,Van Heusen,Van HeusenMen's WearElite,2496,1741.43,754.57,2021-03-02,Yes
P03228,Grocery,Beverages,Coca-Cola,Coca-ColaBeveragesPro,225,195.64,29.36,2020-05-28,Yes
P03229,Fashion,Footwear,Nike,NikeFootwearPremium,12931,8732.55,4198.45,2024-03-25,Yes
P03230,Electronics,Televisions,TCL,TCLTelevisionsElite,70881,58433.86,12447.14,2021-03-19,Yes
P03231,Fashion,Footwear,Nike,NikeFootwearPremium,720,331.32,388.68,2018-08-07,Yes
P03232,Grocery,Cooking Oil,Dhara,DharaCooking OilPremium,1023,904.56,118.44,2019-07-18,Yes
P03233,Fashion,Men's Wear,Levi's,Levi'sMen's WearPlus,14806,6731.2,8074.8,2021-06-01,Yes
P03234,Electronics,Smartphones,Google,GoogleSmartphonesStandard,39775,33034.15,6740.85,2026-02-19,Yes
P03235,Electronics,Televisions,TCL,TCLTelevisionsStandard,186084,160566.01,25517.99,2023-04-20,Yes
P03236,Grocery,Cooking Oil,Fortune,FortuneCooking OilPlus,1134,1061.24,72.76,2021-06-27,Yes
P03237,Electronics,Laptops,HP,HPLaptopsElite,29337,26217.87,3119.13,2023-10-31,Yes
P03238,Fashion,Women's Wear,Biba,BibaWomen's WearElite,3597,1878.65,1718.35,2023-10-13,Yes
P03239,Grocery,Beverages,Sprite,SpriteBeveragesElite,429,397.82,31.18,2026-05-04,No
P03240,Electronics,Televisions,LG,LGTelevisionsPremium,29809,24760.2,5048.8,2018-12-06,Yes
P03241,Fashion,Women's Wear,Global Desi,Global DesiWomen's WearStandard,11192,4808.68,6383.32,2025-08-23,Yes
P03242,Electronics,Laptops,HP,HPLaptopsPro,13550,11869.13,1680.87,2024-12-29,Yes
P03243,Electronics,Televisions,Samsung,SamsungTelevisionsPlus,156628,132093.9,24534.1,2023-05-04,Yes
P03244,Electronics,Laptops,Asus,AsusLaptopsStandard,184870,149705.42,35164.58,2023-08-04,Yes
P03245,Grocery,Beverages,Coca-Cola,Coca-ColaBeveragesMax,237,222.27,14.73,2026-02-18,Yes
P03246,Electronics,Smartphones,Motorola,MotorolaSmartphonesMax,9595,8368.83,1226.17,2023-04-02,Yes
P03247,Electronics,Televisions,Samsung,SamsungTelevisionsElite,161293,144051.96,17241.04,2019-12-21,Yes
P03248,Fashion,Footwear,Skechers,SkechersFootwearStandard,12574,5202.61,7371.39,2025-04-20,Yes
P03249,Electronics,Televisions,Samsung,SamsungTelevisionsPro,84289,75808.01,8480.99,2024-11-26,Yes
P03250,Grocery,Cooking Oil,Saffola,SaffolaCooking OilPremium,1414,1308.72,105.28,2023-07-06,Yes
P03251,Electronics,Televisions,Panasonic,PanasonicTelevisionsStandard,179712,147194.83,32517.17,2022-01-29,Yes
P03252,Grocery,Rice,Fortune,FortuneRiceMax,1172,1023.28,148.72,2022-01-07,Yes
P03253,Grocery,Rice,Fortune,FortuneRicePremium,510,479.31,30.69,2025-06-13,Yes
P03254,Electronics,Televisions,LG,LGTelevisionsElite,68772,59704.36,9067.64,2023-05-26,Yes
P03255,Electronics,Televisions,LG,LGTelevisionsPremium,126835,113931.05,12903.95,2021-07-15,Yes
P03256,Grocery,Beverages,Fanta,FantaBeveragesStandard,1565,1436.67,128.33,2020-10-01,Yes
P03257,Fashion,Men's Wear,Van Heusen,Van HeusenMen's WearElite,13933,7462.23,6470.77,2022-12-15,Yes
P03258,Fashion,Footwear,Adidas,AdidasFootwearPremium,4653,2367.8,2285.2,2022-06-01,No
P03259,Electronics,Televisions,Sony,SonyTelevisionsMax,23835,20936.12,2898.88,2023-03-07,Yes
P03260,Grocery,Rice,Fortune,FortuneRiceStandard,605,535.13,69.87,2020-11-06,Yes
P03261,Electronics,Smartphones,Google,GoogleSmartphonesPlus,140249,115766.19,24482.81,2021-05-03,Yes
P03262,Grocery,Beverages,Coca-Cola,Coca-ColaBeveragesPro,467,436.58,30.42,2019-05-09,Yes
P03263,Electronics,Laptops,Asus,AsusLaptopsPlus,176055,156341.95,19713.05,2021-03-04,Yes
P03264,Grocery,Rice,India Gate,India GateRiceMax,494,457.4,36.6,2019-10-02,Yes
P03265,Grocery,Cooking Oil,Dhara,DharaCooking OilPremium,67,58.68,8.32,2022-09-24,Yes
P03266,Electronics,Laptops,Acer,AcerLaptopsPremium,148826,133308.33,15517.67,2021-01-06,Yes
P03267,Grocery,Rice,India Gate,India GateRiceElite,1196,1085.89,110.11,2020-06-10,Yes
P03268,Grocery,Beverages,Sprite,SpriteBeveragesStandard,1914,1679.88,234.12,2024-11-25,Yes
P03269,Fashion,Footwear,Puma,PumaFootwearPremium,1327,672.11,654.89,2022-06-06,Yes
P03270,Electronics,Laptops,Lenovo,LenovoLaptopsPremium,91329,80470.26,10858.74,2018-12-10,Yes
P03271,Grocery,Beverages,7UP,7UPBeveragesElite,1590,1394.4,195.6,2023-07-28,Yes
P03272,Fashion,Men's Wear,Van Heusen,Van HeusenMen's WearPro,984,669.26,314.74,2019-06-15,Yes
P03273,Electronics,Laptops,Asus,AsusLaptopsStandard,6276,5467.19,808.81,2024-02-16,Yes
P03274,Fashion,Women's Wear,Biba,BibaWomen's WearPro,643,426.94,216.06,2021-01-13,Yes
P03275,Fashion,Men's Wear,Louis Philippe,Louis PhilippeMen's WearMax,4515,2261.95,2253.05,2021-03-18,Yes
P03276,Fashion,Women's Wear,Zara,ZaraWomen's WearPremium,5411,3252.68,2158.32,2019-11-13,Yes
P03277,Grocery,Rice,Fortune,FortuneRiceElite,1613,1472.34,140.66,2026-02-05,Yes
P03278,Grocery,Rice,India Gate,India GateRicePlus,1935,1722.96,212.04,2019-05-02,Yes
P03279,Grocery,Beverages,Fanta,FantaBeveragesElite,731,684.34,46.66,2026-04-09,Yes
P03280,Electronics,Laptops,Asus,AsusLaptopsElite,192325,164186.45,28138.55,2025-11-18,Yes
P03281,Grocery,Beverages,7UP,7UPBeveragesPremium,754,710.23,43.77,2022-06-10,Yes
P03282,Fashion,Footwear,Nike,NikeFootwearElite,753,482.87,270.13,2019-06-22,Yes
P03283,Electronics,Televisions,TCL,TCLTelevisionsStandard,26295,23552.37,2742.63,2024-04-07,Yes
P03284,Electronics,Televisions,Samsung,SamsungTelevisionsElite,87953,72974.78,14978.22,2025-11-10,Yes
P03285,Grocery,Beverages,7UP,7UPBeveragesPro,1219,1047.33,171.67,2023-10-27,Yes
P03286,Electronics,Smartphones,Google,GoogleSmartphonesElite,95309,85656.69,9652.31,2023-09-15,Yes
P03287,Grocery,Cooking Oil,Fortune,FortuneCooking OilPro,1226,1051.66,174.34,2025-12-25,Yes
P03288,Fashion,Men's Wear,Allen Solly,Allen SollyMen's WearStandard,734,501.48,232.52,2021-12-21,Yes
P03289,Grocery,Cooking Oil,Saffola,SaffolaCooking OilPlus,1266,1117.71,148.29,2019-11-24,Yes
P03290,Fashion,Footwear,Skechers,SkechersFootwearElite,2873,1265.74,1607.26,2019-05-21,Yes
P03291,Electronics,Televisions,Samsung,SamsungTelevisionsElite,100908,89180.34,11727.66,2020-04-25,Yes
P03292,Electronics,Televisions,TCL,TCLTelevisionsMax,138232,123266.12,14965.88,2019-07-12,Yes
P03293,Electronics,Televisions,TCL,TCLTelevisionsPlus,32463,26778.1,5684.9,2023-04-29,Yes
P03294,Fashion,Footwear,Skechers,SkechersFootwearPremium,486,217.22,268.78,2023-07-31,Yes
P03295,Fashion,Men's Wear,Louis Philippe,Louis PhilippeMen's WearStandard,9720,6441.16,3278.84,2023-01-23,No
P03296,Electronics,Televisions,Panasonic,PanasonicTelevisionsPremium,9793,8355.47,1437.53,2023-03-19,Yes
P03297,Electronics,Smartphones,OnePlus,OnePlusSmartphonesPro,5336,4671.74,664.26,2021-04-06,Yes
P03298,Electronics,Televisions,Panasonic,PanasonicTelevisionsElite,66551,59718.27,6832.73,2025-05-08,Yes
P03299,Electronics,Laptops,Lenovo,LenovoLaptopsPlus,149339,124002.01,25336.99,2022-09-27,Yes
P03300,Fashion,Footwear,Adidas,AdidasFootwearPremium,3568,2005.7,1562.3,2020-12-08,Yes
P03301,Grocery,Cooking Oil,Saffola,SaffolaCooking OilPlus,161,144.33,16.67,2026-05-04,Yes
P03302,Grocery,Beverages,Fanta,FantaBeveragesPremium,99,93.38,5.62,2024-08-26,No
P03303,Fashion,Men's Wear,US Polo,US PoloMen's WearMax,6679,4474.04,2204.96,2023-05-15,Yes
P03304,Grocery,Beverages,Fanta,FantaBeveragesStandard,908,797.94,110.06,2023-11-17,Yes
P03305,Fashion,Men's Wear,Levi's,Levi'sMen's WearPro,4074,2124.06,1949.94,2020-06-06,Yes
P03306,Fashion,Footwear,Skechers,SkechersFootwearStandard,8151,5049.19,3101.81,2024-10-19,Yes
P03307,Electronics,Laptops,Lenovo,LenovoLaptopsPro,58802,51080.17,7721.83,2019-09-22,Yes
P03308,Grocery,Cooking Oil,Fortune,FortuneCooking OilStandard,1498,1313.12,184.88,2020-08-30,Yes
P03309,Fashion,Women's Wear,Biba,BibaWomen's WearMax,2786,1310.64,1475.36,2022-01-29,Yes
P03310,Electronics,Laptops,Acer,AcerLaptopsPremium,171299,141686.9,29612.1,2025-06-09,Yes
P03311,Grocery,Cooking Oil,Saffola,SaffolaCooking OilPlus,1574,1355.93,218.07,2020-02-25,Yes
P03312,Fashion,Footwear,Nike,NikeFootwearPremium,10974,5301.78,5672.22,2024-03-08,Yes
P03313,Grocery,Cooking Oil,Saffola,SaffolaCooking OilPro,1387,1195.49,191.51,2024-05-29,Yes
P03314,Fashion,Women's Wear,H&M,H&MWomen's WearPlus,10339,4273.87,6065.13,2020-08-18,Yes
P03315,Electronics,Laptops,Acer,AcerLaptopsMax,63091,52074.74,11016.26,2023-10-02,Yes
P03316,Electronics,Laptops,Asus,AsusLaptopsPremium,40939,33705.33,7233.67,2019-04-08,Yes
P03317,Electronics,Televisions,TCL,TCLTelevisionsElite,130932,106832.08,24099.92,2020-06-13,Yes
P03318,Fashion,Women's Wear,W,WWomen's WearElite,8898,4381.13,4516.87,2023-03-22,No
P03319,Electronics,Televisions,Sony,SonyTelevisionsMax,58193,48168.4,10024.6,2025-07-25,Yes
P03320,Grocery,Cooking Oil,Dhara,DharaCooking OilStandard,1835,1609.85,225.15,2022-10-18,No
P03321,Fashion,Footwear,Adidas,AdidasFootwearElite,5047,3458.44,1588.56,2018-11-14,Yes
P03322,Grocery,Rice,India Gate,India GateRiceStandard,121,108.06,12.94,2019-11-18,Yes
P03323,Electronics,Televisions,Samsung,SamsungTelevisionsElite,172514,147807.09,24706.91,2025-06-06,Yes
P03324,Electronics,Laptops,HP,HPLaptopsPlus,54987,48948.8,6038.2,2024-10-23,Yes
P03325,Grocery,Beverages,7UP,7UPBeveragesStandard,85,74.76,10.24,2019-02-26,Yes
P03326,Electronics,Televisions,Panasonic,PanasonicTelevisionsStandard,173629,144888.02,28740.98,2021-04-29,Yes
P03327,Electronics,Laptops,Dell,DellLaptopsStandard,161798,135454.9,26343.1,2025-12-11,Yes
P03328,Electronics,Televisions,TCL,TCLTelevisionsElite,126562,107113.68,19448.32,2021-04-04,Yes
P03329,Electronics,Smartphones,Apple,AppleSmartphonesMax,182053,148266.12,33786.88,2022-07-26,Yes
P03330,Fashion,Men's Wear,Levi's,Levi'sMen's WearStandard,1094,597.49,496.51,2019-10-31,Yes
P03331,Fashion,Men's Wear,Louis Philippe,Louis PhilippeMen's WearStandard,5666,2371.34,3294.66,2023-02-09,Yes
P03332,Electronics,Smartphones,Google,GoogleSmartphonesPremium,131000,115048.4,15951.6,2021-12-27,Yes
P03333,Fashion,Footwear,Puma,PumaFootwearStandard,10198,6303.89,3894.11,2019-07-08,Yes
P03334,Grocery,Cooking Oil,Saffola,SaffolaCooking OilPro,204,178.05,25.95,2026-05-02,Yes
P03335,Grocery,Cooking Oil,Saffola,SaffolaCooking OilMax,77,68.44,8.56,2019-06-29,Yes
P03336,Grocery,Beverages,Pepsi,PepsiBeveragesPlus,121,108.83,12.17,2019-08-11,Yes
P03337,Grocery,Rice,India Gate,India GateRiceElite,1509,1422.73,86.27,2022-11-04,Yes
P03338,Electronics,Smartphones,Samsung,SamsungSmartphonesPro,79491,66938.32,12552.68,2024-01-03,No
P03339,Fashion,Men's Wear,Van Heusen,Van HeusenMen's WearMax,4722,2696.98,2025.02,2019-08-25,Yes
P03340,Electronics,Televisions,Sony,SonyTelevisionsPlus,21869,17782.84,4086.16,2025-01-02,Yes
P03341,Electronics,Televisions,Samsung,SamsungTelevisionsPro,152918,135034.3,17883.7,2023-10-19,Yes
P03342,Electronics,Smartphones,Samsung,SamsungSmartphonesPlus,198986,167548.11,31437.89,2021-12-13,Yes
P03343,Grocery,Rice,Daawat,DaawatRicePro,1861,1614.64,246.36,2019-05-16,Yes
P03344,Electronics,Laptops,Lenovo,LenovoLaptopsPremium,61117,52024.39,9092.61,2021-11-04,Yes
P03345,Grocery,Rice,India Gate,India GateRiceStandard,560,528.84,31.16,2024-04-15,Yes
P03346,Electronics,Smartphones,Apple,AppleSmartphonesMax,194458,172530.45,21927.55,2020-12-25,Yes
P03347,Grocery,Rice,Fortune,FortuneRiceElite,1464,1335.44,128.56,2019-03-03,Yes
P03348,Electronics,Laptops,HP,HPLaptopsPlus,19094,16846.99,2247.01,2021-03-02,Yes
P03349,Electronics,Smartphones,Google,GoogleSmartphonesPlus,65769,54725.97,11043.03,2024-03-14,Yes
P03350,Electronics,Televisions,Panasonic,PanasonicTelevisionsPro,138127,122138.9,15988.1,2020-03-11,Yes
P03351,Grocery,Rice,Daawat,DaawatRicePlus,386,349.37,36.63,2026-07-15,Yes
P03352,Electronics,Laptops,Acer,AcerLaptopsPlus,95834,81021.69,14812.31,2025-12-08,Yes
P03353,Fashion,Footwear,Skechers,SkechersFootwearMax,2177,1205.3,971.7,2020-02-19,Yes
P03354,Fashion,Women's Wear,Zara,ZaraWomen's WearPremium,7968,5063.08,2904.92,2025-11-14,Yes
P03355,Fashion,Women's Wear,H&M,H&MWomen's WearMax,6010,3882.65,2127.35,2025-06-08,Yes
P03356,Fashion,Footwear,Puma,PumaFootwearStandard,13961,6772.35,7188.65,2020-05-28,Yes
P03357,Fashion,Men's Wear,Louis Philippe,Louis PhilippeMen's WearStandard,14759,10233.79,4525.21,2025-04-01,Yes
P03358,Grocery,Cooking Oil,Dhara,DharaCooking OilPremium,1639,1475.24,163.76,2021-08-07,Yes
P03359,Grocery,Cooking Oil,Dhara,DharaCooking OilElite,1362,1275.61,86.39,2025-05-13,Yes
P03360,Fashion,Footwear,Adidas,AdidasFootwearPro,7665,3312.52,4352.48,2020-05-28,Yes
P03361,Fashion,Women's Wear,H&M,H&MWomen's WearPlus,2359,1408.37,950.63,2025-05-11,Yes
P03362,Electronics,Smartphones,Apple,AppleSmartphonesPlus,90902,73994.66,16907.34,2020-01-18,Yes
P03363,Grocery,Cooking Oil,Fortune,FortuneCooking OilPro,596,527.56,68.44,2021-03-24,Yes
P03364,Grocery,Beverages,Coca-Cola,Coca-ColaBeveragesPlus,923,788.07,134.93,2023-01-25,Yes
P03365,Grocery,Cooking Oil,Fortune,FortuneCooking OilMax,1249,1185.74,63.26,2023-07-17,Yes
P03366,Fashion,Men's Wear,US Polo,US PoloMen's WearElite,6150,3465.12,2684.88,2025-06-15,Yes
P03367,Electronics,Televisions,Samsung,SamsungTelevisionsElite,94141,83000.58,11140.42,2023-11-15,Yes
P03368,Fashion,Footwear,Nike,NikeFootwearPlus,12487,5994.28,6492.72,2025-03-17,Yes
P03369,Fashion,Footwear,Puma,PumaFootwearPlus,14428,7978.14,6449.86,2023-06-13,Yes
P03370,Grocery,Beverages,Coca-Cola,Coca-ColaBeveragesPro,96,87.34,8.66,2026-01-02,Yes
P03371,Grocery,Beverages,Coca-Cola,Coca-ColaBeveragesPremium,1859,1589.73,269.27,2018-09-27,Yes
P03372,Grocery,Cooking Oil,Saffola,SaffolaCooking OilElite,1533,1368.09,164.91,2025-04-03,Yes
P03373,Electronics,Laptops,Dell,DellLaptopsMax,114593,96820.82,17772.18,2023-02-13,No
P03374,Fashion,Men's Wear,Louis Philippe,Louis PhilippeMen's WearPremium,4208,2069.84,2138.16,2023-07-15,Yes
P03375,Fashion,Men's Wear,Louis Philippe,Louis PhilippeMen's WearPlus,9419,4575.92,4843.08,2025-06-27,Yes
P03376,Grocery,Beverages,Sprite,SpriteBeveragesPremium,979,842.07,136.93,2021-09-09,Yes
P03377,Fashion,Women's Wear,Biba,BibaWomen's WearPremium,14695,7104.3,7590.7,2024-03-09,Yes
P03378,Fashion,Women's Wear,Zara,ZaraWomen's WearStandard,3210,2088.19,1121.81,2019-08-24,Yes
P03379,Grocery,Beverages,Coca-Cola,Coca-ColaBeveragesMax,108,99.15,8.85,2026-03-18,Yes
P03380,Electronics,Laptops,Asus,AsusLaptopsStandard,73743,64108.05,9634.95,2019-05-19,Yes
P03381,Grocery,Rice,India Gate,India GateRiceElite,50,43.16,6.84,2021-09-27,Yes
P03382,Fashion,Women's Wear,Zara,ZaraWomen's WearElite,6725,4048.8,2676.2,2021-05-17,Yes
P03383,Fashion,Men's Wear,Van Heusen,Van HeusenMen's WearPro,13242,7613.85,5628.15,2025-06-22,Yes
P03384,Fashion,Men's Wear,Allen Solly,Allen SollyMen's WearPlus,6465,4376.89,2088.11,2021-08-29,Yes
P03385,Grocery,Cooking Oil,Dhara,DharaCooking OilStandard,1094,1007.53,86.47,2023-09-21,Yes
P03386,Grocery,Beverages,Sprite,SpriteBeveragesPremium,1264,1135.6,128.4,2022-04-21,Yes
P03387,Fashion,Men's Wear,Van Heusen,Van HeusenMen's WearStandard,855,444.77,410.23,2019-01-29,Yes
P03388,Grocery,Beverages,Sprite,SpriteBeveragesStandard,820,746.44,73.56,2024-08-18,Yes
P03389,Grocery,Cooking Oil,Saffola,SaffolaCooking OilPlus,845,745.92,99.08,2024-09-26,Yes
P03390,Electronics,Televisions,Samsung,SamsungTelevisionsPremium,162459,143253.58,19205.42,2019-06-26,Yes
P03391,Electronics,Televisions,Samsung,SamsungTelevisionsElite,101776,85347.65,16428.35,2019-03-22,Yes
P03392,Grocery,Cooking Oil,Fortune,FortuneCooking OilStandard,705,667.35,37.65,2025-09-16,Yes
P03393,Grocery,Rice,India Gate,India GateRiceElite,747,644.1,102.9,2025-10-29,Yes
P03394,Grocery,Cooking Oil,Saffola,SaffolaCooking OilElite,1729,1539.57,189.43,2023-02-07,Yes
P03395,Fashion,Women's Wear,Zara,ZaraWomen's WearPlus,9991,5318.87,4672.13,2024-06-13,Yes
P03396,Fashion,Women's Wear,Biba,BibaWomen's WearPlus,12046,8164.29,3881.71,2022-12-17,Yes
P03397,Grocery,Rice,India Gate,India GateRiceElite,379,345.07,33.93,2024-05-29,Yes
P03398,Electronics,Televisions,Samsung,SamsungTelevisionsPro,50706,42382.98,8323.02,2018-09-07,Yes
P03399,Grocery,Rice,Fortune,FortuneRicePro,1824,1594.35,229.65,2023-05-19,Yes
P03400,Grocery,Beverages,7UP,7UPBeveragesPlus,1813,1643.97,169.03,2022-08-21,Yes
P03401,Electronics,Televisions,Sony,SonyTelevisionsPremium,82577,68557.23,14019.77,2025-09-08,Yes
P03402,Fashion,Men's Wear,Allen Solly,Allen SollyMen's WearPremium,1623,967.5,655.5,2022-11-26,Yes
P03403,Fashion,Women's Wear,W,WWomen's WearStandard,14624,8481.27,6142.73,2025-11-26,Yes
P03404,Fashion,Women's Wear,Global Desi,Global DesiWomen's WearPremium,7741,3337.4,4403.6,2022-02-15,Yes
P03405,Grocery,Beverages,Fanta,FantaBeveragesPremium,793,695.16,97.84,2020-07-29,Yes
P03406,Grocery,Rice,India Gate,India GateRicePremium,1402,1324.04,77.96,2022-08-15,Yes
P03407,Electronics,Laptops,Lenovo,LenovoLaptopsPro,69879,62589.53,7289.47,2021-09-11,Yes
P03408,Fashion,Footwear,Adidas,AdidasFootwearStandard,9283,4023.91,5259.09,2026-07-02,Yes
P03409,Fashion,Men's Wear,Levi's,Levi'sMen's WearStandard,10948,5665.53,5282.47,2024-07-17,Yes
P03410,Electronics,Smartphones,Google,GoogleSmartphonesElite,80992,66281.68,14710.32,2025-10-17,Yes
P03411,Electronics,Televisions,TCL,TCLTelevisionsStandard,77698,66028.54,11669.46,2023-09-24,Yes
P03412,Fashion,Women's Wear,Biba,BibaWomen's WearPro,4915,3429.89,1485.11,2019-04-30,Yes
P03413,Grocery,Cooking Oil,Saffola,SaffolaCooking OilPro,1916,1686.14,229.86,2025-01-24,No
P03414,Fashion,Footwear,Nike,NikeFootwearElite,13081,8638.48,4442.52,2024-09-27,Yes
P03415,Fashion,Women's Wear,W,WWomen's WearPlus,4408,1940.3,2467.7,2022-07-20,Yes
P03416,Electronics,Laptops,Acer,AcerLaptopsMax,68756,56630.49,12125.51,2026-02-18,Yes
P03417,Electronics,Laptops,Asus,AsusLaptopsPlus,152747,131141.17,21605.83,2019-07-03,Yes
P03418,Grocery,Rice,India Gate,India GateRiceElite,821,716.06,104.94,2023-08-16,Yes
P03419,Electronics,Televisions,TCL,TCLTelevisionsPremium,89684,80262.04,9421.96,2025-02-16,Yes
P03420,Fashion,Men's Wear,US Polo,US PoloMen's WearElite,14632,7215.38,7416.62,2021-07-16,Yes
P03421,Fashion,Footwear,Adidas,AdidasFootwearStandard,3808,2085.74,1722.26,2025-06-11,Yes
P03422,Fashion,Footwear,Nike,NikeFootwearMax,13916,9575.27,4340.73,2021-07-17,Yes
P03423,Grocery,Beverages,Fanta,FantaBeveragesElite,465,433.46,31.54,2026-04-30,Yes
P03424,Electronics,Televisions,LG,LGTelevisionsPro,145464,125045.4,20418.6,2022-11-06,Yes
P03425,Grocery,Rice,India Gate,India GateRiceStandard,796,734.26,61.74,2024-02-28,Yes
P03426,Fashion,Footwear,Puma,PumaFootwearPro,14715,8519.88,6195.12,2023-02-24,Yes
P03427,Grocery,Rice,India Gate,India GateRiceStandard,314,290.32,23.68,2025-03-19,Yes
P03428,Fashion,Women's Wear,Global Desi,Global DesiWomen's WearMax,10208,4541.08,5666.92,2026-02-05,Yes
P03429,Grocery,Cooking Oil,Saffola,SaffolaCooking OilStandard,1781,1667.08,113.92,2019-02-14,No
P03430,Electronics,Laptops,Acer,AcerLaptopsPremium,78257,69113.6,9143.4,2019-09-17,Yes
P03431,Fashion,Men's Wear,US Polo,US PoloMen's WearPlus,10326,5202.51,5123.49,2021-10-08,Yes
P03432,Electronics,Televisions,LG,LGTelevisionsPremium,51787,43174.39,8612.61,2019-05-08,Yes
P03433,Electronics,Laptops,Lenovo,LenovoLaptopsStandard,41061,35690.65,5370.35,2019-07-03,Yes
P03434,Electronics,Televisions,TCL,TCLTelevisionsPlus,180529,156959.61,23569.39,2024-03-24,Yes
P03435,Electronics,Televisions,Panasonic,PanasonicTelevisionsStandard,8745,7654.79,1090.21,2019-01-10,Yes
P03436,Fashion,Women's Wear,W,WWomen's WearElite,14046,7759.6,6286.4,2023-10-01,Yes
P03437,Grocery,Cooking Oil,Fortune,FortuneCooking OilStandard,1783,1649.85,133.15,2024-10-13,Yes
P03438,Fashion,Women's Wear,Biba,BibaWomen's WearElite,9970,6659.28,3310.72,2024-11-27,Yes
P03439,Fashion,Men's Wear,Levi's,Levi'sMen's WearPro,7570,3537.39,4032.61,2025-03-12,Yes
P03440,Electronics,Televisions,Panasonic,PanasonicTelevisionsMax,146248,129154.46,17093.54,2021-11-10,Yes
P03441,Fashion,Women's Wear,Biba,BibaWomen's WearPlus,7592,4235.55,3356.45,2021-07-23,Yes
P03442,Electronics,Smartphones,OnePlus,OnePlusSmartphonesElite,154876,128497.26,26378.74,2025-07-02,Yes
P03443,Electronics,Laptops,HP,HPLaptopsMax,45528,37812.72,7715.28,2022-05-22,Yes
P03444,Grocery,Beverages,Coca-Cola,Coca-ColaBeveragesPlus,1508,1395.35,112.65,2022-05-19,Yes
P03445,Electronics,Laptops,Dell,DellLaptopsPremium,93275,77601.83,15673.17,2019-05-03,Yes
P03446,Electronics,Smartphones,OnePlus,OnePlusSmartphonesElite,90298,76978.23,13319.77,2022-05-08,Yes
P03447,Fashion,Women's Wear,Zara,ZaraWomen's WearPro,2809,1279.83,1529.17,2026-02-07,Yes
P03448,Grocery,Rice,Fortune,FortuneRiceElite,249,222.07,26.93,2023-12-17,Yes
P03449,Electronics,Laptops,Dell,DellLaptopsMax,160620,138568.23,22051.77,2022-01-30,Yes
P03450,Fashion,Footwear,Nike,NikeFootwearElite,8634,5488.13,3145.87,2023-03-06,Yes
P03451,Grocery,Cooking Oil,Saffola,SaffolaCooking OilElite,346,322.95,23.05,2024-08-25,Yes
P03452,Fashion,Footwear,Puma,PumaFootwearMax,14463,6966.73,7496.27,2024-03-25,Yes
P03453,Electronics,Laptops,Lenovo,LenovoLaptopsPremium,44650,37297.55,7352.45,2020-06-02,Yes
P03454,Electronics,Laptops,HP,HPLaptopsPlus,62615,54808.49,7806.51,2025-09-16,Yes
P03455,Electronics,Smartphones,Samsung,SamsungSmartphonesStandard,152956,127412.66,25543.34,2018-09-21,Yes
P03456,Electronics,Smartphones,OnePlus,OnePlusSmartphonesMax,175935,145182.7,30752.3,2023-11-12,Yes
P03457,Electronics,Laptops,Lenovo,LenovoLaptopsPremium,106110,95447.93,10662.07,2022-06-27,Yes
P03458,Grocery,Rice,Daawat,DaawatRicePremium,1608,1381.88,226.12,2019-08-03,Yes
P03459,Grocery,Rice,Fortune,FortuneRicePlus,1948,1848.24,99.76,2018-11-28,Yes
P03460,Electronics,Laptops,Dell,DellLaptopsPro,532,447.22,84.78,2024-09-01,Yes
P03461,Grocery,Cooking Oil,Dhara,DharaCooking OilElite,1436,1276.99,159.01,2021-11-24,Yes
P03462,Electronics,Smartphones,Motorola,MotorolaSmartphonesPremium,61985,54786.12,7198.88,2019-11-01,Yes
P03463,Fashion,Men's Wear,Van Heusen,Van HeusenMen's WearPlus,9052,5442.8,3609.2,2019-03-31,Yes
P03464,Electronics,Televisions,Samsung,SamsungTelevisionsPlus,84145,68805.64,15339.36,2025-11-29,Yes
P03465,Fashion,Women's Wear,Zara,ZaraWomen's WearStandard,4976,3096.12,1879.88,2025-10-18,Yes
P03466,Grocery,Cooking Oil,Fortune,FortuneCooking OilElite,1286,1110.89,175.11,2021-12-14,Yes
P03467,Electronics,Laptops,Acer,AcerLaptopsPro,108003,93202.4,14800.6,2019-01-31,Yes
P03468,Grocery,Cooking Oil,Fortune,FortuneCooking OilPro,1090,995.58,94.42,2021-09-15,Yes
P03469,Electronics,Laptops,Lenovo,LenovoLaptopsPro,167743,150956.86,16786.14,2025-10-20,Yes
P03470,Grocery,Beverages,Fanta,FantaBeveragesMax,1747,1648.01,98.99,2022-09-12,Yes
P03471,Grocery,Beverages,Pepsi,PepsiBeveragesMax,445,407.28,37.72,2021-03-17,Yes
P03472,Fashion,Men's Wear,Louis Philippe,Louis PhilippeMen's WearPro,4633,2148.99,2484.01,2023-02-01,Yes
P03473,Electronics,Televisions,TCL,TCLTelevisionsStandard,159391,141694.47,17696.53,2023-11-30,Yes
P03474,Grocery,Cooking Oil,Fortune,FortuneCooking OilPremium,1083,961.59,121.41,2025-09-17,Yes
P03475,Fashion,Women's Wear,Zara,ZaraWomen's WearStandard,1676,1036.41,639.59,2022-10-03,Yes
P03476,Electronics,Smartphones,Samsung,SamsungSmartphonesPro,22818,18676.25,4141.75,2025-08-17,Yes
P03477,Fashion,Footwear,Skechers,SkechersFootwearPlus,1427,844.21,582.79,2019-04-24,Yes
P03478,Grocery,Rice,Daawat,DaawatRiceElite,581,523.5,57.5,2025-08-13,Yes
P03479,Electronics,Televisions,TCL,TCLTelevisionsPro,140568,115251.94,25316.06,2023-08-13,Yes
P03480,Electronics,Televisions,Samsung,SamsungTelevisionsPlus,95921,86145.1,9775.9,2025-09-19,Yes
P03481,Fashion,Footwear,Nike,NikeFootwearStandard,2195,1480.19,714.81,2018-12-17,Yes
P03482,Fashion,Footwear,Adidas,AdidasFootwearElite,3898,2627.62,1270.38,2026-01-23,Yes
P03483,Grocery,Beverages,Fanta,FantaBeveragesPro,1434,1313.11,120.89,2022-03-27,Yes
P03484,Fashion,Footwear,Puma,PumaFootwearPremium,2611,1806.62,804.38,2025-06-21,Yes
P03485,Grocery,Beverages,Sprite,SpriteBeveragesPlus,1015,901.21,113.79,2025-07-26,Yes
P03486,Electronics,Televisions,LG,LGTelevisionsElite,177308,151330.15,25977.85,2025-03-15,Yes
P03487,Electronics,Laptops,HP,HPLaptopsMax,106053,85887.81,20165.19,2019-05-10,Yes
P03488,Fashion,Women's Wear,H&M,H&MWomen's WearPro,3671,2340.16,1330.84,2026-04-24,Yes
P03489,Electronics,Smartphones,Motorola,MotorolaSmartphonesPlus,28187,23515.13,4671.87,2020-09-05,Yes
P03490,Electronics,Laptops,Dell,DellLaptopsPlus,124871,111323.51,13547.49,2026-02-10,Yes
P03491,Grocery,Cooking Oil,Dhara,DharaCooking OilElite,662,588.38,73.62,2020-07-25,Yes
P03492,Grocery,Beverages,Coca-Cola,Coca-ColaBeveragesElite,1030,955.33,74.67,2025-10-03,Yes
P03493,Fashion,Men's Wear,Allen Solly,Allen SollyMen's WearPlus,338,148.89,189.11,2022-08-16,Yes
P03494,Grocery,Beverages,7UP,7UPBeveragesPlus,894,794.32,99.68,2021-09-03,Yes
P03495,Electronics,Laptops,Dell,DellLaptopsPro,112036,95846.36,16189.64,2018-12-25,Yes
P03496,Fashion,Men's Wear,Levi's,Levi'sMen's WearStandard,8315,4603.1,3711.9,2024-08-28,Yes
P03497,Grocery,Beverages,7UP,7UPBeveragesMax,1725,1553.54,171.46,2026-02-13,Yes
P03498,Grocery,Beverages,Pepsi,PepsiBeveragesPremium,463,424.62,38.38,2022-10-07,Yes
P03499,Electronics,Laptops,Lenovo,LenovoLaptopsPro,166216,135992.47,30223.53,2022-06-23,Yes
P03500,Grocery,Rice,Daawat,DaawatRicePremium,919,810.43,108.57,2024-01-18,Yes
P03501,Grocery,Beverages,Sprite,SpriteBeveragesPro,1464,1380.08,83.92,2022-02-03,Yes
P03502,Grocery,Beverages,Sprite,SpriteBeveragesPlus,1072,917.12,154.88,2024-12-08,No
P03503,Electronics,Televisions,Sony,SonyTelevisionsStandard,70042,62571.48,7470.52,2026-03-13,Yes
P03504,Electronics,Laptops,Dell,DellLaptopsMax,104272,87717.4,16554.6,2020-09-01,Yes
P03505,Grocery,Rice,Fortune,FortuneRiceMax,909,843.88,65.12,2018-10-11,Yes
P03506,Grocery,Rice,Daawat,DaawatRicePremium,1772,1566.09,205.91,2024-03-12,Yes
P03507,Grocery,Beverages,7UP,7UPBeveragesMax,194,183.58,10.42,2023-10-09,Yes
P03508,Grocery,Beverages,Sprite,SpriteBeveragesPro,1786,1687.48,98.52,2025-01-05,Yes
P03509,Fashion,Women's Wear,H&M,H&MWomen's WearPlus,9256,6179.57,3076.43,2025-07-29,Yes
P03510,Electronics,Smartphones,Samsung,SamsungSmartphonesStandard,129044,103371.07,25672.93,2021-07-09,Yes
P03511,Electronics,Laptops,Lenovo,LenovoLaptopsElite,127171,108962.33,18208.67,2025-06-04,Yes
P03512,Grocery,Beverages,Sprite,SpriteBeveragesPro,129,113.74,15.26,2019-09-27,Yes
P03513,Fashion,Women's Wear,Global Desi,Global DesiWomen's WearPremium,6239,3858.79,2380.21,2025-06-22,Yes
P03514,Grocery,Cooking Oil,Dhara,DharaCooking OilPro,1292,1200.83,91.17,2023-08-18,Yes
P03515,Electronics,Smartphones,Motorola,MotorolaSmartphonesPro,143835,125103.84,18731.16,2024-07-22,Yes
P03516,Fashion,Footwear,Nike,NikeFootwearElite,10915,4947.56,5967.44,2024-05-07,Yes
P03517,Grocery,Beverages,7UP,7UPBeveragesPremium,1723,1585.49,137.51,2024-12-12,Yes
P03518,Fashion,Women's Wear,Zara,ZaraWomen's WearElite,12359,8416.25,3942.75,2024-03-12,Yes
P03519,Grocery,Rice,Fortune,FortuneRicePlus,196,183.6,12.4,2025-12-14,Yes
P03520,Fashion,Men's Wear,Louis Philippe,Louis PhilippeMen's WearPlus,9409,5389.13,4019.87,2023-09-23,Yes
P03521,Grocery,Cooking Oil,Fortune,FortuneCooking OilMax,1402,1261.86,140.14,2020-12-31,Yes
P03522,Electronics,Smartphones,Samsung,SamsungSmartphonesPremium,195943,167267.6,28675.4,2022-06-14,Yes
P03523,Fashion,Women's Wear,W,WWomen's WearPremium,4506,2628.06,1877.94,2019-10-15,Yes
P03524,Fashion,Footwear,Puma,PumaFootwearPremium,3055,1785.37,1269.63,2023-07-14,Yes
P03525,Electronics,Laptops,Asus,AsusLaptopsElite,56477,48110.35,8366.65,2022-04-30,Yes
P03526,Grocery,Rice,Fortune,FortuneRiceElite,239,206.29,32.71,2025-03-22,Yes
P03527,Fashion,Men's Wear,US Polo,US PoloMen's WearPro,9315,3729.68,5585.32,2023-03-22,Yes
P03528,Fashion,Footwear,Skechers,SkechersFootwearMax,7410,3676.91,3733.09,2020-02-25,Yes
P03529,Electronics,Smartphones,Apple,AppleSmartphonesStandard,75493,62752.51,12740.49,2019-12-18,Yes
P03530,Electronics,Televisions,Panasonic,PanasonicTelevisionsMax,180945,150763.34,30181.66,2024-04-05,Yes
P03531,Fashion,Footwear,Bata,BataFootwearPlus,7040,3420.07,3619.93,2025-08-10,Yes
P03532,Electronics,Smartphones,Motorola,MotorolaSmartphonesPlus,132095,115713.63,16381.37,2023-09-08,Yes
P03533,Fashion,Men's Wear,Louis Philippe,Louis PhilippeMen's WearPremium,3984,2471.72,1512.28,2022-06-13,Yes
P03534,Fashion,Men's Wear,Allen Solly,Allen SollyMen's WearStandard,2707,1618.82,1088.18,2026-02-11,Yes
P03535,Grocery,Rice,India Gate,India GateRicePlus,862,776.26,85.74,2023-03-20,Yes
P03536,Grocery,Cooking Oil,Fortune,FortuneCooking OilStandard,861,790.19,70.81,2021-12-26,Yes
P03537,Grocery,Cooking Oil,Saffola,SaffolaCooking OilPremium,974,888.72,85.28,2021-05-05,Yes
P03538,Grocery,Beverages,Fanta,FantaBeveragesPro,878,792.05,85.95,2024-05-07,Yes
P03539,Grocery,Beverages,Fanta,FantaBeveragesPlus,191,168.35,22.65,2024-02-22,Yes
P03540,Fashion,Footwear,Nike,NikeFootwearPro,9979,6650.92,3328.08,2021-06-16,Yes
P03541,Fashion,Footwear,Nike,NikeFootwearMax,13337,8652.09,4684.91,2021-12-30,Yes
P03542,Fashion,Men's Wear,US Polo,US PoloMen's WearPlus,11003,6166.29,4836.71,2023-07-12,Yes
P03543,Grocery,Beverages,Coca-Cola,Coca-ColaBeveragesElite,1389,1258.37,130.63,2022-09-13,Yes
P03544,Grocery,Beverages,Sprite,SpriteBeveragesPro,552,472.58,79.42,2018-10-12,Yes
P03545,Fashion,Men's Wear,US Polo,US PoloMen's WearMax,13216,5735.33,7480.67,2024-11-15,Yes
P03546,Electronics,Televisions,Samsung,SamsungTelevisionsPlus,196481,165899.43,30581.57,2025-04-16,Yes
P03547,Fashion,Men's Wear,Allen Solly,Allen SollyMen's WearPro,5448,3177.5,2270.5,2026-02-27,Yes
P03548,Grocery,Beverages,Sprite,SpriteBeveragesMax,1682,1476.38,205.62,2026-02-26,Yes
P03549,Grocery,Cooking Oil,Fortune,FortuneCooking OilElite,95,89.3,5.7,2023-01-08,Yes
P03550,Electronics,Televisions,TCL,TCLTelevisionsStandard,13086,11236.44,1849.56,2022-11-13,Yes
P03551,Fashion,Men's Wear,US Polo,US PoloMen's WearPro,3722,2310.93,1411.07,2022-02-18,Yes
P03552,Fashion,Women's Wear,Global Desi,Global DesiWomen's WearPro,9326,5563.41,3762.59,2022-01-01,Yes
P03553,Fashion,Footwear,Bata,BataFootwearPlus,5217,2605.02,2611.98,2024-06-28,Yes
P03554,Electronics,Smartphones,Motorola,MotorolaSmartphonesPlus,52707,46467.7,6239.3,2024-02-27,Yes
P03555,Fashion,Men's Wear,US Polo,US PoloMen's WearPlus,14603,7431.77,7171.23,2025-06-07,Yes
P03556,Electronics,Smartphones,Motorola,MotorolaSmartphonesPro,17114,13703.78,3410.22,2023-04-25,Yes
P03557,Electronics,Smartphones,OnePlus,OnePlusSmartphonesStandard,134401,115957.61,18443.39,2020-03-27,Yes
P03558,Fashion,Women's Wear,Biba,BibaWomen's WearPro,8802,4835.5,3966.5,2026-07-13,Yes
P03559,Electronics,Smartphones,Samsung,SamsungSmartphonesPlus,159410,129413.53,29996.47,2022-11-19,Yes
P03560,Fashion,Footwear,Skechers,SkechersFootwearMax,13494,6739.82,6754.18,2020-06-23,Yes
P03561,Fashion,Women's Wear,Zara,ZaraWomen's WearPro,11167,6804.24,4362.76,2025-05-08,Yes
P03562,Grocery,Rice,Daawat,DaawatRiceStandard,1728,1525.24,202.76,2022-03-21,Yes
P03563,Electronics,Televisions,Samsung,SamsungTelevisionsPremium,80548,68677.56,11870.44,2022-12-22,Yes
P03564,Electronics,Laptops,Dell,DellLaptopsPlus,169501,144697.2,24803.8,2019-11-13,Yes
P03565,Fashion,Men's Wear,Allen Solly,Allen SollyMen's WearMax,12869,8138.82,4730.18,2024-06-22,Yes
P03566,Grocery,Beverages,Coca-Cola,Coca-ColaBeveragesPro,52,46.66,5.34,2026-06-09,Yes
P03567,Grocery,Cooking Oil,Fortune,FortuneCooking OilMax,1065,937.41,127.59,2021-08-06,Yes
P03568,Grocery,Cooking Oil,Dhara,DharaCooking OilStandard,1463,1248.87,214.13,2019-06-16,Yes
P03569,Electronics,Laptops,Asus,AsusLaptopsMax,54780,45871.98,8908.02,2020-12-05,Yes
P03570,Grocery,Rice,Fortune,FortuneRicePlus,1511,1362.29,148.71,2024-10-14,Yes
P03571,Fashion,Footwear,Adidas,AdidasFootwearMax,1217,775.22,441.78,2025-06-04,Yes
P03572,Fashion,Women's Wear,Zara,ZaraWomen's WearMax,665,437.39,227.61,2023-07-28,Yes
P03573,Grocery,Beverages,7UP,7UPBeveragesElite,199,170.36,28.64,2021-01-25,Yes
P03574,Fashion,Women's Wear,Zara,ZaraWomen's WearStandard,14067,7459.4,6607.6,2019-05-03,Yes
P03575,Fashion,Footwear,Adidas,AdidasFootwearStandard,5280,2351.62,2928.38,2022-09-04,Yes
P03576,Electronics,Televisions,Sony,SonyTelevisionsPremium,62332,54702.46,7629.54,2021-07-08,Yes
P03577,Electronics,Laptops,Lenovo,LenovoLaptopsPlus,73948,64668.98,9279.02,2021-11-09,Yes
P03578,Grocery,Rice,Fortune,FortuneRicePlus,1477,1370.49,106.51,2020-08-13,Yes
P03579,Grocery,Cooking Oil,Dhara,DharaCooking OilElite,474,411.55,62.45,2022-12-24,Yes
P03580,Grocery,Cooking Oil,Dhara,DharaCooking OilElite,1670,1574.85,95.15,2022-04-04,Yes
P03581,Grocery,Rice,Daawat,DaawatRicePro,541,459.89,81.11,2019-09-15,Yes
P03582,Grocery,Cooking Oil,Dhara,DharaCooking OilMax,163,142.24,20.76,2019-11-16,Yes
P03583,Grocery,Beverages,Pepsi,PepsiBeveragesPro,1399,1309.03,89.97,2025-01-01,Yes
P03584,Grocery,Beverages,7UP,7UPBeveragesMax,1585,1407.28,177.72,2021-08-28,Yes
P03585,Grocery,Cooking Oil,Fortune,FortuneCooking OilPremium,1521,1315.67,205.33,2024-08-07,No
P03586,Grocery,Beverages,Coca-Cola,Coca-ColaBeveragesElite,257,230.69,26.31,2020-04-03,Yes
P03587,Electronics,Televisions,LG,LGTelevisionsPlus,13937,11323.4,2613.6,2025-10-10,Yes
P03588,Fashion,Women's Wear,H&M,H&MWomen's WearElite,7208,2904.14,4303.86,2026-04-03,Yes
P03589,Fashion,Footwear,Bata,BataFootwearMax,2798,1462.23,1335.77,2021-01-10,Yes
P03590,Electronics,Televisions,TCL,TCLTelevisionsPro,166909,143732.87,23176.13,2024-11-18,Yes
P03591,Grocery,Beverages,Sprite,SpriteBeveragesElite,523,457.38,65.62,2025-02-07,Yes
P03592,Fashion,Footwear,Bata,BataFootwearPremium,13808,5828.16,7979.84,2018-10-27,Yes
P03593,Electronics,Televisions,LG,LGTelevisionsMax,24068,19837.62,4230.38,2022-03-27,Yes
P03594,Electronics,Laptops,Asus,AsusLaptopsPlus,61403,53223.72,8179.28,2026-02-24,Yes
P03595,Fashion,Footwear,Bata,BataFootwearElite,12837,6850.62,5986.38,2018-11-05,Yes
P03596,Grocery,Rice,Daawat,DaawatRiceMax,904,831.59,72.41,2022-06-18,Yes
P03597,Grocery,Cooking Oil,Saffola,SaffolaCooking OilPlus,53,48.66,4.34,2020-01-17,Yes
P03598,Fashion,Women's Wear,W,WWomen's WearStandard,8888,5682.74,3205.26,2024-07-18,Yes
P03599,Fashion,Men's Wear,Louis Philippe,Louis PhilippeMen's WearPremium,14372,6765.3,7606.7,2022-08-16,Yes
P03600,Grocery,Rice,Fortune,FortuneRicePro,856,787.17,68.83,2025-10-16,Yes
P03601,Electronics,Televisions,Sony,SonyTelevisionsMax,133897,119065.24,14831.76,2019-11-13,Yes
P03602,Fashion,Women's Wear,Global Desi,Global DesiWomen's WearPremium,1217,821.52,395.48,2019-10-03,Yes
P03603,Fashion,Women's Wear,Biba,BibaWomen's WearPlus,699,450.36,248.64,2020-03-16,Yes
P03604,Grocery,Beverages,Fanta,FantaBeveragesStandard,1225,1144.41,80.59,2022-05-30,Yes
P03605,Grocery,Rice,India Gate,India GateRicePro,1491,1302.0,189.0,2023-09-04,Yes
P03606,Grocery,Beverages,Pepsi,PepsiBeveragesPlus,1315,1197.56,117.44,2018-09-05,Yes
P03607,Electronics,Laptops,Acer,AcerLaptopsPlus,20813,16884.52,3928.48,2021-03-12,Yes
P03608,Grocery,Rice,Daawat,DaawatRiceMax,417,385.26,31.74,2023-12-02,Yes
P03609,Electronics,Televisions,Panasonic,PanasonicTelevisionsMax,41093,34912.88,6180.12,2025-10-17,Yes
P03610,Fashion,Men's Wear,US Polo,US PoloMen's WearStandard,1747,840.89,906.11,2025-06-06,Yes
P03611,Fashion,Women's Wear,H&M,H&MWomen's WearPremium,4239,2209.57,2029.43,2025-04-22,Yes
P03612,Grocery,Rice,Daawat,DaawatRicePremium,1848,1658.64,189.36,2018-09-04,Yes
P03613,Grocery,Rice,Fortune,FortuneRicePro,1174,1102.67,71.33,2022-07-25,Yes
P03614,Grocery,Beverages,Pepsi,PepsiBeveragesPlus,1288,1171.32,116.68,2025-08-13,Yes
P03615,Grocery,Rice,Fortune,FortuneRicePremium,1210,1143.26,66.74,2021-03-25,Yes
P03616,Grocery,Rice,India Gate,India GateRicePlus,351,299.49,51.51,2025-04-06,Yes
P03617,Fashion,Women's Wear,W,WWomen's WearElite,11905,6133.78,5771.22,2022-06-11,Yes
P03618,Electronics,Laptops,Lenovo,LenovoLaptopsMax,152918,130822.99,22095.01,2022-10-17,Yes
P03619,Grocery,Rice,Fortune,FortuneRicePlus,1945,1779.0,166.0,2022-10-17,Yes
P03620,Grocery,Beverages,Pepsi,PepsiBeveragesMax,1309,1126.96,182.04,2026-04-08,Yes
P03621,Fashion,Women's Wear,Biba,BibaWomen's WearMax,12612,7193.53,5418.47,2024-02-23,Yes
P03622,Electronics,Smartphones,Samsung,SamsungSmartphonesPro,123556,110715.74,12840.26,2020-03-05,Yes
P03623,Grocery,Beverages,7UP,7UPBeveragesPlus,1970,1793.5,176.5,2025-10-05,Yes
P03624,Fashion,Men's Wear,Van Heusen,Van HeusenMen's WearPro,2525,1161.58,1363.42,2021-01-18,Yes
P03625,Electronics,Televisions,Samsung,SamsungTelevisionsMax,18194,15999.97,2194.03,2022-10-14,Yes
P03626,Electronics,Laptops,Dell,DellLaptopsMax,43566,34938.21,8627.79,2025-04-17,Yes
P03627,Electronics,Laptops,Dell,DellLaptopsElite,113561,101451.68,12109.32,2022-02-16,Yes
P03628,Electronics,Televisions,Samsung,SamsungTelevisionsPremium,30656,24933.49,5722.51,2024-10-21,Yes
P03629,Electronics,Televisions,Samsung,SamsungTelevisionsStandard,90212,77696.24,12515.76,2019-03-26,Yes
P03630,Fashion,Women's Wear,Zara,ZaraWomen's WearPro,10915,5261.63,5653.37,2022-11-14,Yes
P03631,Fashion,Men's Wear,Louis Philippe,Louis PhilippeMen's WearMax,12161,5626.6,6534.4,2023-10-28,Yes
P03632,Fashion,Footwear,Skechers,SkechersFootwearPro,5775,2996.1,2778.9,2022-01-22,Yes
P03633,Fashion,Men's Wear,US Polo,US PoloMen's WearElite,3017,1342.04,1674.96,2021-03-08,Yes
P03634,Electronics,Televisions,LG,LGTelevisionsPro,117628,99430.42,18197.58,2020-10-28,Yes
P03635,Fashion,Footwear,Adidas,AdidasFootwearElite,3629,2183.7,1445.3,2024-07-04,Yes
P03636,Fashion,Women's Wear,W,WWomen's WearPremium,5133,3055.44,2077.56,2024-09-23,Yes
P03637,Electronics,Smartphones,Samsung,SamsungSmartphonesElite,173418,139449.88,33968.12,2022-02-21,Yes
P03638,Fashion,Women's Wear,W,WWomen's WearMax,13770,8599.73,5170.27,2021-11-21,Yes
P03639,Grocery,Cooking Oil,Saffola,SaffolaCooking OilPremium,856,789.12,66.88,2022-06-06,Yes
P03640,Electronics,Smartphones,Samsung,SamsungSmartphonesPro,124755,100377.15,24377.85,2018-09-25,Yes
P03641,Grocery,Cooking Oil,Saffola,SaffolaCooking OilElite,1518,1321.81,196.19,2020-12-09,Yes
P03642,Electronics,Laptops,Dell,DellLaptopsStandard,45148,40259.51,4888.49,2025-11-11,Yes
P03643,Grocery,Beverages,7UP,7UPBeveragesPro,1467,1315.23,151.77,2025-05-24,Yes
P03644,Electronics,Laptops,Acer,AcerLaptopsStandard,11736,10370.36,1365.64,2024-10-16,Yes
P03645,Fashion,Footwear,Bata,BataFootwearElite,1002,534.53,467.47,2026-03-09,Yes
P03646,Grocery,Beverages,Pepsi,PepsiBeveragesStandard,1299,1131.38,167.62,2023-11-05,Yes
P03647,Electronics,Laptops,Lenovo,LenovoLaptopsPro,126994,112194.6,14799.4,2023-12-14,Yes
P03648,Electronics,Televisions,LG,LGTelevisionsElite,130153,113589.36,16563.64,2019-03-07,Yes
P03649,Electronics,Smartphones,OnePlus,OnePlusSmartphonesPlus,99476,83283.64,16192.36,2019-11-21,Yes
P03650,Electronics,Smartphones,Motorola,MotorolaSmartphonesPro,6824,5787.33,1036.67,2024-07-18,Yes
P03651,Grocery,Rice,India Gate,India GateRicePlus,1080,981.21,98.79,2025-07-22,Yes
P03652,Grocery,Rice,Fortune,FortuneRiceStandard,1238,1110.74,127.26,2024-11-13,Yes
P03653,Grocery,Rice,India Gate,India GateRicePremium,924,845.66,78.34,2019-07-21,Yes
P03654,Grocery,Beverages,7UP,7UPBeveragesMax,1380,1189.25,190.75,2020-08-17,Yes
P03655,Fashion,Women's Wear,Global Desi,Global DesiWomen's WearPlus,4535,1868.21,2666.79,2026-04-04,Yes
P03656,Electronics,Smartphones,Samsung,SamsungSmartphonesElite,187795,165652.28,22142.72,2024-03-29,Yes
P03657,Electronics,Laptops,Acer,AcerLaptopsMax,109178,92464.34,16713.66,2024-10-13,Yes
P03658,Grocery,Rice,Daawat,DaawatRiceMax,1664,1476.98,187.02,2025-08-06,Yes
P03659,Grocery,Beverages,7UP,7UPBeveragesStandard,1993,1817.97,175.03,2019-11-18,Yes
P03660,Fashion,Men's Wear,US Polo,US PoloMen's WearStandard,14510,6639.51,7870.49,2019-06-25,Yes
P03661,Electronics,Televisions,TCL,TCLTelevisionsStandard,17407,14329.2,3077.8,2026-01-07,Yes
P03662,Grocery,Cooking Oil,Saffola,SaffolaCooking OilPremium,50,46.96,3.04,2024-02-27,Yes
P03663,Electronics,Laptops,Lenovo,LenovoLaptopsMax,101242,90455.09,10786.91,2025-01-22,Yes
P03664,Electronics,Televisions,Samsung,SamsungTelevisionsMax,6503,5749.66,753.34,2020-08-21,Yes
P03665,Grocery,Beverages,Coca-Cola,Coca-ColaBeveragesElite,1897,1689.21,207.79,2026-02-03,Yes
P03666,Grocery,Cooking Oil,Dhara,DharaCooking OilPremium,306,284.75,21.25,2020-01-30,Yes
P03667,Fashion,Men's Wear,Van Heusen,Van HeusenMen's WearPlus,13770,7908.87,5861.13,2025-03-05,Yes
P03668,Electronics,Smartphones,Motorola,MotorolaSmartphonesPremium,28355,22981.38,5373.62,2025-08-06,Yes
P03669,Fashion,Men's Wear,Van Heusen,Van HeusenMen's WearPro,7551,5108.0,2443.0,2025-09-29,Yes
P03670,Fashion,Women's Wear,Zara,ZaraWomen's WearStandard,1573,790.15,782.85,2024-03-27,Yes
P03671,Electronics,Smartphones,OnePlus,OnePlusSmartphonesElite,182055,159101.45,22953.55,2024-10-23,Yes
P03672,Grocery,Beverages,Pepsi,PepsiBeveragesPro,1434,1325.49,108.51,2023-06-05,Yes
P03673,Grocery,Cooking Oil,Saffola,SaffolaCooking OilPremium,1680,1460.99,219.01,2022-12-01,Yes
P03674,Grocery,Cooking Oil,Saffola,SaffolaCooking OilPlus,1122,1053.6,68.4,2020-12-04,Yes
P03675,Grocery,Beverages,Fanta,FantaBeveragesStandard,102,87.87,14.13,2024-01-06,Yes
P03676,Fashion,Footwear,Skechers,SkechersFootwearPlus,7956,3659.6,4296.4,2023-07-28,Yes
P03677,Grocery,Cooking Oil,Saffola,SaffolaCooking OilStandard,316,276.68,39.32,2018-08-05,Yes
P03678,Fashion,Men's Wear,Allen Solly,Allen SollyMen's WearStandard,2980,1500.01,1479.99,2026-05-08,Yes
P03679,Grocery,Beverages,Coca-Cola,Coca-ColaBeveragesPlus,1606,1485.26,120.74,2024-09-07,Yes
P03680,Electronics,Televisions,Samsung,SamsungTelevisionsPremium,167873,143569.29,24303.71,2025-09-07,Yes
P03681,Fashion,Footwear,Bata,BataFootwearMax,2571,1674.59,896.41,2022-03-27,Yes
P03682,Fashion,Footwear,Bata,BataFootwearMax,989,430.53,558.47,2025-02-25,Yes
P03683,Grocery,Rice,Daawat,DaawatRiceElite,444,379.19,64.81,2024-09-10,Yes
P03684,Fashion,Women's Wear,Global Desi,Global DesiWomen's WearPlus,13733,8833.16,4899.84,2023-05-01,Yes
P03685,Fashion,Men's Wear,Louis Philippe,Louis PhilippeMen's WearPro,14163,6157.79,8005.21,2026-04-18,Yes
P03686,Fashion,Footwear,Adidas,AdidasFootwearPremium,4030,2810.11,1219.89,2023-08-21,Yes
P03687,Electronics,Laptops,Acer,AcerLaptopsStandard,188817,154167.09,34649.91,2023-06-22,Yes
P03688,Fashion,Footwear,Adidas,AdidasFootwearElite,9548,6313.91,3234.09,2021-10-27,Yes
P03689,Electronics,Televisions,LG,LGTelevisionsMax,157851,141203.89,16647.11,2023-06-13,Yes
P03690,Grocery,Rice,Daawat,DaawatRicePlus,304,264.16,39.84,2025-05-17,Yes
P03691,Fashion,Women's Wear,W,WWomen's WearPremium,11077,5395.06,5681.94,2021-03-09,Yes
P03692,Fashion,Women's Wear,W,WWomen's WearPlus,4405,1853.6,2551.4,2018-12-19,Yes
P03693,Fashion,Footwear,Skechers,SkechersFootwearStandard,1880,1085.71,794.29,2020-03-20,Yes
P03694,Grocery,Beverages,7UP,7UPBeveragesStandard,1474,1350.1,123.9,2024-01-13,Yes
P03695,Grocery,Cooking Oil,Saffola,SaffolaCooking OilPlus,500,433.33,66.67,2025-01-01,Yes
P03696,Electronics,Televisions,Sony,SonyTelevisionsPremium,61858,50442.78,11415.22,2023-01-08,Yes
P03697,Electronics,Laptops,Asus,AsusLaptopsStandard,125375,108383.23,16991.77,2023-09-13,Yes
P03698,Electronics,Televisions,Samsung,SamsungTelevisionsElite,28550,24453.83,4096.17,2023-11-06,Yes
P03699,Fashion,Men's Wear,US Polo,US PoloMen's WearPlus,11481,5159.5,6321.5,2022-04-15,Yes
P03700,Grocery,Cooking Oil,Dhara,DharaCooking OilPro,1720,1587.01,132.99,2020-03-09,Yes
P03701,Electronics,Laptops,Acer,AcerLaptopsPremium,84187,68664.99,15522.01,2022-07-21,Yes
P03702,Grocery,Rice,India Gate,India GateRicePremium,250,234.98,15.02,2021-07-08,Yes
P03703,Grocery,Beverages,Sprite,SpriteBeveragesStandard,306,274.92,31.08,2022-01-26,Yes
P03704,Grocery,Beverages,7UP,7UPBeveragesPro,974,905.96,68.04,2026-07-28,No
P03705,Grocery,Beverages,7UP,7UPBeveragesElite,1442,1357.54,84.46,2018-11-30,Yes
P03706,Grocery,Beverages,7UP,7UPBeveragesMax,1016,901.63,114.37,2024-06-14,Yes
P03707,Electronics,Smartphones,Motorola,MotorolaSmartphonesElite,118946,97148.24,21797.76,2021-10-26,No
P03708,Fashion,Footwear,Adidas,AdidasFootwearPlus,2390,1637.41,752.59,2020-11-11,Yes
P03709,Fashion,Footwear,Bata,BataFootwearPremium,1439,722.11,716.89,2019-12-03,Yes
P03710,Electronics,Televisions,Sony,SonyTelevisionsPro,21139,17762.84,3376.16,2025-12-23,Yes
P03711,Grocery,Rice,Fortune,FortuneRicePlus,562,484.99,77.01,2024-12-13,Yes
P03712,Fashion,Men's Wear,Allen Solly,Allen SollyMen's WearPro,1889,887.13,1001.87,2021-08-26,Yes
P03713,Fashion,Footwear,Nike,NikeFootwearPro,8680,5028.48,3651.52,2020-11-19,Yes
P03714,Grocery,Cooking Oil,Fortune,FortuneCooking OilMax,472,432.46,39.54,2018-09-11,Yes
P03715,Fashion,Women's Wear,Zara,ZaraWomen's WearPro,1766,1226.73,539.27,2024-05-14,Yes
P03716,Fashion,Footwear,Skechers,SkechersFootwearElite,10446,5817.92,4628.08,2024-08-16,Yes
P03717,Fashion,Women's Wear,Biba,BibaWomen's WearPremium,5484,2640.49,2843.51,2020-01-23,Yes
P03718,Fashion,Women's Wear,Biba,BibaWomen's WearPlus,2231,953.31,1277.69,2024-01-29,Yes
P03719,Fashion,Men's Wear,Louis Philippe,Louis PhilippeMen's WearPremium,4802,2729.93,2072.07,2019-01-20,Yes
P03720,Fashion,Footwear,Puma,PumaFootwearPlus,8404,4770.13,3633.87,2021-01-05,Yes
P03721,Fashion,Women's Wear,Zara,ZaraWomen's WearPremium,3349,1933.13,1415.87,2024-07-05,Yes
P03722,Grocery,Beverages,Coca-Cola,Coca-ColaBeveragesStandard,1320,1211.95,108.05,2019-12-11,Yes
P03723,Grocery,Beverages,7UP,7UPBeveragesPlus,185,162.44,22.56,2019-03-06,Yes
P03724,Fashion,Women's Wear,Biba,BibaWomen's WearPro,6409,3869.34,2539.66,2019-12-15,Yes
P03725,Grocery,Rice,Fortune,FortuneRiceElite,1444,1293.09,150.91,2018-08-01,Yes
P03726,Fashion,Footwear,Bata,BataFootwearStandard,895,361.67,533.33,2024-04-02,Yes
P03727,Grocery,Beverages,7UP,7UPBeveragesPlus,1477,1399.96,77.04,2021-03-06,Yes
P03728,Grocery,Cooking Oil,Dhara,DharaCooking OilElite,353,305.3,47.7,2021-09-01,Yes
P03729,Electronics,Smartphones,Samsung,SamsungSmartphonesStandard,192371,155184.52,37186.48,2021-03-02,Yes
P03730,Grocery,Cooking Oil,Dhara,DharaCooking OilPremium,177,163.3,13.7,2023-11-28,Yes
P03731,Electronics,Smartphones,OnePlus,OnePlusSmartphonesPlus,187984,160844.76,27139.24,2023-10-07,Yes
P03732,Fashion,Women's Wear,Global Desi,Global DesiWomen's WearMax,8881,4311.61,4569.39,2024-03-10,Yes
P03733,Grocery,Rice,Fortune,FortuneRicePremium,153,137.29,15.71,2019-07-11,Yes
P03734,Electronics,Smartphones,Google,GoogleSmartphonesPremium,24380,21847.74,2532.26,2020-06-08,Yes
P03735,Grocery,Cooking Oil,Fortune,FortuneCooking OilPlus,972,828.96,143.04,2019-04-15,Yes
P03736,Electronics,Smartphones,Samsung,SamsungSmartphonesPlus,130295,111028.48,19266.52,2019-11-08,Yes
P03737,Grocery,Rice,India Gate,India GateRiceMax,1355,1228.7,126.3,2026-02-01,Yes
P03738,Electronics,Smartphones,Motorola,MotorolaSmartphonesPlus,9016,7751.56,1264.44,2019-11-07,Yes
P03739,Fashion,Men's Wear,Levi's,Levi'sMen's WearPlus,2712,1533.04,1178.96,2020-01-19,Yes
P03740,Electronics,Laptops,Acer,AcerLaptopsPremium,140546,113160.99,27385.01,2025-11-27,Yes
P03741,Electronics,Laptops,HP,HPLaptopsStandard,189581,165417.7,24163.3,2021-09-25,Yes
P03742,Grocery,Beverages,Sprite,SpriteBeveragesPremium,1427,1325.92,101.08,2020-04-26,Yes
P03743,Grocery,Rice,India Gate,India GateRicePro,1144,1052.36,91.64,2019-01-20,Yes
P03744,Electronics,Laptops,Asus,AsusLaptopsPremium,37172,33358.59,3813.41,2020-10-19,Yes
P03745,Grocery,Beverages,Coca-Cola,Coca-ColaBeveragesElite,1978,1786.2,191.8,2024-01-18,Yes
P03746,Fashion,Footwear,Adidas,AdidasFootwearStandard,5289,2420.92,2868.08,2024-05-12,Yes
P03747,Grocery,Beverages,Sprite,SpriteBeveragesPro,588,551.01,36.99,2023-09-17,Yes
P03748,Grocery,Rice,Daawat,DaawatRiceStandard,347,329.51,17.49,2019-01-26,Yes
P03749,Electronics,Laptops,Dell,DellLaptopsStandard,74102,64855.77,9246.23,2023-03-26,Yes
P03750,Fashion,Footwear,Skechers,SkechersFootwearMax,466,214.98,251.02,2026-01-15,Yes
P03751,Electronics,Televisions,Sony,SonyTelevisionsStandard,147528,122849.13,24678.87,2025-11-26,Yes
P03752,Fashion,Footwear,Bata,BataFootwearPremium,6636,3509.63,3126.37,2025-12-03,Yes
P03753,Grocery,Cooking Oil,Saffola,SaffolaCooking OilElite,1793,1646.54,146.46,2026-01-17,Yes
P03754,Grocery,Beverages,Coca-Cola,Coca-ColaBeveragesPlus,344,319.23,24.77,2020-04-07,Yes
P03755,Electronics,Smartphones,Samsung,SamsungSmartphonesPlus,17472,14660.05,2811.95,2025-09-21,Yes
P03756,Electronics,Televisions,Sony,SonyTelevisionsMax,183799,153504.05,30294.95,2024-05-03,Yes
P03757,Grocery,Cooking Oil,Fortune,FortuneCooking OilPlus,952,825.34,126.66,2019-01-28,Yes
P03758,Grocery,Rice,Daawat,DaawatRicePlus,107,93.38,13.62,2018-11-06,Yes
P03759,Fashion,Footwear,Adidas,AdidasFootwearPro,4354,1784.11,2569.89,2024-03-29,Yes
P03760,Fashion,Men's Wear,US Polo,US PoloMen's WearElite,5662,3174.19,2487.81,2021-04-11,Yes
P03761,Fashion,Women's Wear,Biba,BibaWomen's WearElite,5156,2694.07,2461.93,2020-10-11,Yes
P03762,Fashion,Women's Wear,Zara,ZaraWomen's WearPlus,1031,415.42,615.58,2022-11-02,Yes
P03763,Fashion,Women's Wear,H&M,H&MWomen's WearPlus,3914,1726.15,2187.85,2025-07-02,Yes
P03764,Grocery,Cooking Oil,Fortune,FortuneCooking OilStandard,1989,1761.67,227.33,2022-09-04,Yes
P03765,Fashion,Men's Wear,Van Heusen,Van HeusenMen's WearPlus,8562,5822.9,2739.1,2023-02-20,Yes
P03766,Grocery,Beverages,Pepsi,PepsiBeveragesElite,1544,1383.43,160.57,2023-12-11,Yes
P03767,Electronics,Laptops,HP,HPLaptopsElite,5807,4703.03,1103.97,2023-10-08,Yes
P03768,Electronics,Smartphones,Motorola,MotorolaSmartphonesPremium,164017,138811.69,25205.31,2023-02-10,Yes
P03769,Electronics,Televisions,Samsung,SamsungTelevisionsPlus,179633,153251.49,26381.51,2023-11-18,Yes
P03770,Electronics,Televisions,Panasonic,PanasonicTelevisionsMax,140968,124458.51,16509.49,2024-11-02,Yes
P03771,Grocery,Rice,Fortune,FortuneRicePlus,1184,1025.63,158.37,2019-03-28,Yes
P03772,Fashion,Men's Wear,Van Heusen,Van HeusenMen's WearStandard,7591,3153.95,4437.05,2021-11-05,No
P03773,Fashion,Men's Wear,Levi's,Levi'sMen's WearPlus,5200,2618.05,2581.95,2023-12-01,Yes
P03774,Grocery,Rice,India Gate,India GateRicePlus,678,612.1,65.9,2019-03-26,Yes
P03775,Grocery,Cooking Oil,Fortune,FortuneCooking OilElite,664,593.97,70.03,2025-03-20,Yes
P03776,Fashion,Footwear,Puma,PumaFootwearMax,13068,5758.84,7309.16,2019-03-04,Yes
P03777,Grocery,Cooking Oil,Dhara,DharaCooking OilMax,1098,996.22,101.78,2020-09-04,Yes
P03778,Electronics,Laptops,Acer,AcerLaptopsPro,173705,141415.3,32289.7,2019-12-22,Yes
P03779,Fashion,Footwear,Puma,PumaFootwearPro,11922,5292.67,6629.33,2023-08-24,Yes
P03780,Electronics,Televisions,Panasonic,PanasonicTelevisionsPro,78331,68716.12,9614.88,2023-04-19,Yes
P03781,Grocery,Beverages,7UP,7UPBeveragesPremium,86,77.7,8.3,2018-10-28,Yes
P03782,Fashion,Footwear,Adidas,AdidasFootwearStandard,8796,6038.97,2757.03,2019-08-28,Yes
P03783,Electronics,Televisions,Samsung,SamsungTelevisionsPremium,147463,131321.29,16141.71,2024-04-01,Yes
P03784,Fashion,Women's Wear,W,WWomen's WearPlus,8446,3878.69,4567.31,2025-11-05,Yes
P03785,Electronics,Laptops,Acer,AcerLaptopsPremium,95021,84659.12,10361.88,2026-06-04,Yes
P03786,Electronics,Smartphones,Motorola,MotorolaSmartphonesPro,54584,44152.33,10431.67,2025-12-15,Yes
P03787,Electronics,Televisions,LG,LGTelevisionsPremium,152623,129626.4,22996.6,2020-06-08,Yes
P03788,Fashion,Women's Wear,Zara,ZaraWomen's WearStandard,5153,2637.17,2515.83,2024-09-04,No
P03789,Electronics,Televisions,Samsung,SamsungTelevisionsPremium,67688,56210.38,11477.62,2023-05-18,Yes
P03790,Electronics,Smartphones,Google,GoogleSmartphonesPremium,193937,169468.12,24468.88,2026-05-23,Yes
P03791,Grocery,Rice,Daawat,DaawatRiceElite,364,313.55,50.45,2021-02-28,Yes
P03792,Electronics,Laptops,HP,HPLaptopsStandard,152973,126875.68,26097.32,2024-09-16,Yes
P03793,Electronics,Laptops,Dell,DellLaptopsPlus,190844,159556.04,31287.96,2019-06-13,Yes
P03794,Fashion,Women's Wear,Biba,BibaWomen's WearStandard,12949,5488.68,7460.32,2023-01-08,Yes
P03795,Electronics,Laptops,HP,HPLaptopsPro,43735,35030.68,8704.32,2021-03-30,Yes
P03796,Grocery,Rice,India Gate,India GateRiceElite,715,613.07,101.93,2023-12-15,Yes
P03797,Electronics,Smartphones,Motorola,MotorolaSmartphonesMax,100578,89409.39,11168.61,2021-08-23,Yes
P03798,Grocery,Beverages,Sprite,SpriteBeveragesMax,1322,1138.7,183.3,2023-05-18,Yes
P03799,Electronics,Smartphones,Google,GoogleSmartphonesPremium,62727,56213.01,6513.99,2021-08-18,Yes
P03800,Fashion,Footwear,Puma,PumaFootwearPro,9763,4234.17,5528.83,2021-06-28,Yes
P03801,Fashion,Women's Wear,Biba,BibaWomen's WearStandard,6806,3813.38,2992.62,2024-05-14,Yes
P03802,Electronics,Laptops,Asus,AsusLaptopsPro,145041,122866.52,22174.48,2025-10-21,Yes
P03803,Electronics,Televisions,Samsung,SamsungTelevisionsPro,23715,19311.01,4403.99,2018-09-13,Yes
P03804,Grocery,Beverages,Coca-Cola,Coca-ColaBeveragesMax,1995,1880.65,114.35,2024-04-22,Yes
P03805,Grocery,Beverages,Sprite,SpriteBeveragesPremium,713,663.49,49.51,2024-05-18,Yes
P03806,Electronics,Smartphones,OnePlus,OnePlusSmartphonesElite,39174,32366.89,6807.11,2026-07-06,Yes
P03807,Grocery,Beverages,Sprite,SpriteBeveragesMax,470,404.81,65.19,2023-03-28,Yes
P03808,Fashion,Women's Wear,W,WWomen's WearMax,13174,8350.27,4823.73,2024-06-22,Yes
P03809,Electronics,Laptops,Asus,AsusLaptopsPremium,157974,138509.19,19464.81,2021-06-29,Yes
P03810,Electronics,Smartphones,OnePlus,OnePlusSmartphonesPremium,130961,116840.82,14120.18,2021-12-21,Yes
P03811,Grocery,Cooking Oil,Fortune,FortuneCooking OilMax,832,717.31,114.69,2026-06-29,Yes
P03812,Fashion,Footwear,Adidas,AdidasFootwearPremium,7502,4552.7,2949.3,2025-10-23,Yes
P03813,Fashion,Women's Wear,Zara,ZaraWomen's WearMax,6824,4463.81,2360.19,2024-04-21,Yes
P03814,Electronics,Laptops,Lenovo,LenovoLaptopsPro,27838,24791.82,3046.18,2021-06-20,Yes
P03815,Electronics,Smartphones,Motorola,MotorolaSmartphonesPremium,16125,13445.05,2679.95,2019-05-05,Yes
P03816,Electronics,Smartphones,OnePlus,OnePlusSmartphonesPro,139551,115930.33,23620.67,2023-01-09,Yes
P03817,Electronics,Laptops,Asus,AsusLaptopsMax,198257,161606.41,36650.59,2023-02-06,Yes
P03818,Fashion,Men's Wear,Allen Solly,Allen SollyMen's WearStandard,7500,3557.32,3942.68,2021-03-07,Yes
P03819,Fashion,Women's Wear,Biba,BibaWomen's WearPro,8501,5343.4,3157.6,2026-03-28,Yes
P03820,Electronics,Laptops,Lenovo,LenovoLaptopsPremium,53633,44584.95,9048.05,2025-06-27,Yes
P03821,Grocery,Rice,India Gate,India GateRicePro,39,33.53,5.47,2025-08-29,Yes
P03822,Fashion,Footwear,Adidas,AdidasFootwearStandard,11922,5264.9,6657.1,2020-06-14,Yes
P03823,Electronics,Smartphones,OnePlus,OnePlusSmartphonesMax,114883,101520.79,13362.21,2020-10-01,Yes
P03824,Electronics,Laptops,HP,HPLaptopsPremium,117482,101062.7,16419.3,2026-06-12,Yes
P03825,Fashion,Footwear,Adidas,AdidasFootwearPlus,4169,2278.34,1890.66,2026-07-12,Yes
P03826,Grocery,Cooking Oil,Saffola,SaffolaCooking OilPlus,997,877.98,119.02,2025-01-04,Yes
P03827,Fashion,Men's Wear,Louis Philippe,Louis PhilippeMen's WearPremium,12745,5316.58,7428.42,2024-06-06,Yes
P03828,Grocery,Cooking Oil,Dhara,DharaCooking OilElite,802,693.31,108.69,2025-06-30,Yes
P03829,Grocery,Cooking Oil,Saffola,SaffolaCooking OilPlus,1145,985.51,159.49,2022-02-27,Yes
P03830,Electronics,Televisions,LG,LGTelevisionsElite,99910,88642.06,11267.94,2023-12-08,Yes
P03831,Grocery,Rice,Fortune,FortuneRicePro,929,818.43,110.57,2022-02-09,Yes
P03832,Grocery,Beverages,7UP,7UPBeveragesPremium,1038,915.96,122.04,2018-11-09,Yes
P03833,Electronics,Smartphones,Samsung,SamsungSmartphonesStandard,120230,97861.2,22368.8,2022-07-04,Yes
P03834,Fashion,Footwear,Skechers,SkechersFootwearStandard,9208,4070.45,5137.55,2022-09-01,Yes
P03835,Grocery,Rice,Fortune,FortuneRiceElite,89,77.19,11.81,2022-09-22,Yes
P03836,Fashion,Men's Wear,US Polo,US PoloMen's WearMax,12264,5408.08,6855.92,2024-04-13,Yes
P03837,Fashion,Women's Wear,Global Desi,Global DesiWomen's WearPlus,2730,1869.9,860.1,2019-07-23,Yes
P03838,Grocery,Rice,India Gate,India GateRicePremium,1769,1579.09,189.91,2023-07-14,Yes
P03839,Fashion,Men's Wear,US Polo,US PoloMen's WearPremium,9744,4963.37,4780.63,2023-07-30,Yes
P03840,Grocery,Cooking Oil,Fortune,FortuneCooking OilPlus,1882,1726.37,155.63,2022-11-07,Yes
P03841,Grocery,Beverages,Sprite,SpriteBeveragesPlus,788,715.26,72.74,2019-06-06,Yes
P03842,Fashion,Women's Wear,H&M,H&MWomen's WearPlus,8810,3580.87,5229.13,2024-03-30,Yes
P03843,Grocery,Rice,Daawat,DaawatRicePremium,399,347.61,51.39,2025-09-16,Yes
P03844,Fashion,Footwear,Adidas,AdidasFootwearStandard,4742,2308.06,2433.94,2022-01-09,Yes
P03845,Electronics,Televisions,Samsung,SamsungTelevisionsPro,188590,156746.37,31843.63,2023-07-01,Yes
P03846,Grocery,Rice,Fortune,FortuneRicePlus,542,470.82,71.18,2020-11-07,Yes
P03847,Grocery,Beverages,Sprite,SpriteBeveragesElite,246,222.37,23.63,2019-01-25,Yes
P03848,Grocery,Rice,Fortune,FortuneRiceStandard,321,284.29,36.71,2022-11-14,Yes
P03849,Grocery,Beverages,Pepsi,PepsiBeveragesElite,978,852.07,125.93,2024-08-25,Yes
P03850,Fashion,Women's Wear,Global Desi,Global DesiWomen's WearPlus,4794,2109.32,2684.68,2023-05-12,Yes
P03851,Fashion,Men's Wear,Louis Philippe,Louis PhilippeMen's WearStandard,8601,5757.92,2843.08,2024-06-01,Yes
P03852,Fashion,Women's Wear,Global Desi,Global DesiWomen's WearMax,5254,2682.26,2571.74,2020-03-04,Yes
P03853,Fashion,Footwear,Nike,NikeFootwearStandard,12229,5342.9,6886.1,2021-08-16,Yes
P03854,Grocery,Beverages,Pepsi,PepsiBeveragesElite,1646,1482.64,163.36,2019-01-10,Yes
P03855,Fashion,Footwear,Nike,NikeFootwearPro,9313,4171.33,5141.67,2023-01-15,Yes
P03856,Electronics,Laptops,Acer,AcerLaptopsPro,138054,122129.0,15925.0,2025-01-11,Yes
P03857,Electronics,Laptops,HP,HPLaptopsPlus,12075,10616.72,1458.28,2021-02-25,Yes
P03858,Electronics,Televisions,Panasonic,PanasonicTelevisionsPremium,196570,165411.86,31158.14,2020-02-14,Yes
P03859,Grocery,Rice,Daawat,DaawatRiceElite,251,237.27,13.73,2022-07-29,Yes
P03860,Electronics,Smartphones,Samsung,SamsungSmartphonesPremium,162627,145010.11,17616.89,2021-12-10,Yes
P03861,Electronics,Smartphones,Motorola,MotorolaSmartphonesPremium,189014,165100.44,23913.56,2023-05-07,Yes
P03862,Fashion,Women's Wear,H&M,H&MWomen's WearPremium,10831,4421.23,6409.77,2023-10-07,Yes
P03863,Grocery,Cooking Oil,Saffola,SaffolaCooking OilPro,173,152.05,20.95,2020-10-17,Yes
P03864,Fashion,Women's Wear,W,WWomen's WearPremium,2896,1864.4,1031.6,2019-05-20,Yes
P03865,Grocery,Beverages,Sprite,SpriteBeveragesPro,624,561.52,62.48,2020-02-10,Yes
P03866,Fashion,Women's Wear,Global Desi,Global DesiWomen's WearElite,1020,456.05,563.95,2020-07-25,Yes
P03867,Electronics,Televisions,LG,LGTelevisionsPlus,13176,11435.67,1740.33,2022-10-09,Yes
P03868,Fashion,Women's Wear,W,WWomen's WearElite,771,361.12,409.88,2024-05-26,Yes
P03869,Fashion,Men's Wear,Levi's,Levi'sMen's WearPlus,9864,5470.55,4393.45,2020-05-27,Yes
P03870,Electronics,Laptops,HP,HPLaptopsStandard,181729,156428.2,25300.8,2020-06-29,Yes
P03871,Grocery,Rice,Fortune,FortuneRiceMax,586,552.84,33.16,2019-01-31,Yes
P03872,Electronics,Laptops,Asus,AsusLaptopsPremium,74259,62859.05,11399.95,2019-07-13,Yes
P03873,Electronics,Televisions,LG,LGTelevisionsStandard,113472,93294.03,20177.97,2020-04-23,Yes
P03874,Grocery,Rice,Fortune,FortuneRicePro,122,108.49,13.51,2019-07-30,Yes
P03875,Fashion,Women's Wear,Zara,ZaraWomen's WearPremium,13306,7386.18,5919.82,2024-10-17,Yes
P03876,Grocery,Beverages,Pepsi,PepsiBeveragesPremium,356,305.97,50.03,2021-05-06,Yes
P03877,Fashion,Men's Wear,Allen Solly,Allen SollyMen's WearStandard,1185,691.5,493.5,2020-03-18,Yes
P03878,Grocery,Beverages,Coca-Cola,Coca-ColaBeveragesPro,395,343.34,51.66,2020-05-28,Yes
P03879,Fashion,Men's Wear,Levi's,Levi'sMen's WearPro,10418,4538.37,5879.63,2018-08-07,Yes
P03880,Electronics,Smartphones,Google,GoogleSmartphonesPro,147980,122935.47,25044.53,2019-12-30,Yes
P03881,Grocery,Beverages,7UP,7UPBeveragesMax,1243,1153.66,89.34,2021-09-12,Yes
P03882,Fashion,Women's Wear,Global Desi,Global DesiWomen's WearPlus,11959,5446.6,6512.4,2024-06-28,Yes
P03883,Fashion,Footwear,Skechers,SkechersFootwearPlus,13546,7077.92,6468.08,2024-12-29,Yes
P03884,Electronics,Televisions,Sony,SonyTelevisionsPro,122189,102017.21,20171.79,2020-12-04,Yes
P03885,Fashion,Footwear,Skechers,SkechersFootwearElite,1531,768.26,762.74,2023-06-12,Yes
P03886,Fashion,Footwear,Bata,BataFootwearStandard,11971,6696.59,5274.41,2022-06-25,Yes
P03887,Grocery,Beverages,Fanta,FantaBeveragesPro,739,692.21,46.79,2019-08-26,Yes
P03888,Electronics,Televisions,Sony,SonyTelevisionsMax,137102,118794.12,18307.88,2022-09-22,Yes
P03889,Grocery,Beverages,Fanta,FantaBeveragesElite,1331,1174.27,156.73,2019-12-02,Yes
P03890,Fashion,Footwear,Nike,NikeFootwearMax,11651,7215.96,4435.04,2023-07-19,Yes
P03891,Electronics,Smartphones,Motorola,MotorolaSmartphonesPlus,91999,78124.29,13874.71,2024-12-18,Yes
P03892,Fashion,Women's Wear,W,WWomen's WearMax,11547,5478.66,6068.34,2020-02-21,Yes
P03893,Grocery,Beverages,Sprite,SpriteBeveragesPremium,1492,1364.2,127.8,2022-01-25,Yes
P03894,Electronics,Laptops,Lenovo,LenovoLaptopsMax,65150,56746.5,8403.5,2021-04-11,Yes
P03895,Fashion,Footwear,Puma,PumaFootwearMax,14998,6168.67,8829.33,2023-10-06,Yes
P03896,Electronics,Laptops,Dell,DellLaptopsElite,17707,15834.48,1872.52,2019-10-20,Yes
P03897,Fashion,Men's Wear,Allen Solly,Allen SollyMen's WearMax,12175,7214.03,4960.97,2022-05-05,Yes
P03898,Fashion,Women's Wear,Zara,ZaraWomen's WearMax,4858,2083.49,2774.51,2020-03-20,Yes
P03899,Electronics,Televisions,TCL,TCLTelevisionsPro,108589,94761.15,13827.85,2021-02-20,Yes
P03900,Fashion,Men's Wear,Louis Philippe,Louis PhilippeMen's WearStandard,11221,6537.75,4683.25,2018-10-04,Yes
P03901,Electronics,Smartphones,OnePlus,OnePlusSmartphonesMax,20761,16679.28,4081.72,2022-03-14,Yes
P03902,Grocery,Rice,Fortune,FortuneRicePlus,844,730.62,113.38,2024-11-25,Yes
P03903,Fashion,Women's Wear,Biba,BibaWomen's WearPro,9153,6332.54,2820.46,2021-04-05,Yes
P03904,Grocery,Beverages,Fanta,FantaBeveragesPremium,1904,1805.42,98.58,2022-01-22,Yes
P03905,Electronics,Smartphones,Google,GoogleSmartphonesPlus,44228,39218.88,5009.12,2020-03-21,Yes
P03906,Fashion,Men's Wear,Levi's,Levi'sMen's WearPremium,13099,7927.25,5171.75,2021-07-23,Yes
P03907,Fashion,Women's Wear,Biba,BibaWomen's WearPlus,12948,6688.51,6259.49,2021-11-21,Yes
P03908,Grocery,Beverages,Fanta,FantaBeveragesPremium,243,227.88,15.12,2019-08-19,No
P03909,Fashion,Women's Wear,W,WWomen's WearElite,7163,3049.66,4113.34,2020-11-15,Yes
P03910,Grocery,Cooking Oil,Fortune,FortuneCooking OilPremium,901,804.19,96.81,2025-06-12,Yes
P03911,Grocery,Cooking Oil,Saffola,SaffolaCooking OilPlus,429,380.52,48.48,2021-05-07,Yes
P03912,Fashion,Women's Wear,Global Desi,Global DesiWomen's WearPremium,14338,6197.35,8140.65,2019-03-09,Yes
P03913,Fashion,Men's Wear,Levi's,Levi'sMen's WearMax,12424,6642.2,5781.8,2024-11-28,Yes
P03914,Fashion,Women's Wear,H&M,H&MWomen's WearMax,1477,899.14,577.86,2022-11-20,Yes
P03915,Grocery,Cooking Oil,Dhara,DharaCooking OilElite,950,828.16,121.84,2026-05-22,Yes
P03916,Electronics,Laptops,Acer,AcerLaptopsStandard,110972,99586.68,11385.32,2021-02-14,Yes
P03917,Electronics,Smartphones,Google,GoogleSmartphonesPro,139292,113835.13,25456.87,2024-08-16,Yes
P03918,Electronics,Laptops,Asus,AsusLaptopsPro,129601,108445.21,21155.79,2023-11-19,Yes
P03919,Electronics,Televisions,LG,LGTelevisionsMax,144725,117152.51,27572.49,2026-07-11,Yes
P03920,Fashion,Men's Wear,Van Heusen,Van HeusenMen's WearPremium,3186,1955.83,1230.17,2022-06-27,Yes
P03921,Fashion,Men's Wear,Levi's,Levi'sMen's WearStandard,13455,7841.0,5614.0,2022-06-09,Yes
P03922,Fashion,Women's Wear,Biba,BibaWomen's WearPremium,5882,3455.04,2426.96,2021-10-08,Yes
P03923,Fashion,Footwear,Skechers,SkechersFootwearStandard,8415,4344.17,4070.83,2025-11-05,Yes
P03924,Electronics,Televisions,Panasonic,PanasonicTelevisionsPlus,14256,11964.76,2291.24,2019-06-10,Yes
P03925,Fashion,Men's Wear,Van Heusen,Van HeusenMen's WearElite,4968,3339.58,1628.42,2021-08-10,Yes
P03926,Fashion,Women's Wear,Biba,BibaWomen's WearPro,3830,2554.29,1275.71,2026-05-22,Yes
P03927,Electronics,Laptops,Lenovo,LenovoLaptopsPro,108446,86939.03,21506.97,2021-03-22,Yes
P03928,Fashion,Footwear,Nike,NikeFootwearMax,9676,5291.03,4384.97,2025-11-03,Yes
P03929,Fashion,Women's Wear,Global Desi,Global DesiWomen's WearMax,14392,9058.99,5333.01,2024-03-23,Yes
P03930,Fashion,Footwear,Adidas,AdidasFootwearMax,14507,8961.21,5545.79,2023-01-21,Yes
P03931,Fashion,Men's Wear,Louis Philippe,Louis PhilippeMen's WearPlus,11799,5639.13,6159.87,2019-06-14,Yes
P03932,Electronics,Laptops,Asus,AsusLaptopsPro,55847,50153.56,5693.44,2019-09-30,Yes
P03933,Grocery,Cooking Oil,Fortune,FortuneCooking OilElite,1436,1295.57,140.43,2020-02-02,Yes
P03934,Grocery,Beverages,7UP,7UPBeveragesPlus,200,172.37,27.63,2019-04-17,Yes
P03935,Electronics,Smartphones,Motorola,MotorolaSmartphonesMax,42415,36897.05,5517.95,2022-10-11,Yes
P03936,Fashion,Footwear,Bata,BataFootwearPro,6974,3259.53,3714.47,2019-07-24,Yes
P03937,Electronics,Televisions,Sony,SonyTelevisionsElite,77883,68675.75,9207.25,2020-05-16,Yes
P03938,Fashion,Men's Wear,Louis Philippe,Louis PhilippeMen's WearPlus,3419,1889.7,1529.3,2026-04-28,Yes
P03939,Grocery,Cooking Oil,Fortune,FortuneCooking OilPremium,1112,1012.76,99.24,2020-04-14,Yes
P03940,Grocery,Cooking Oil,Fortune,FortuneCooking OilPlus,291,250.8,40.2,2022-06-13,Yes
P03941,Grocery,Rice,Fortune,FortuneRiceMax,592,560.14,31.86,2023-01-17,Yes
P03942,Electronics,Televisions,Panasonic,PanasonicTelevisionsPremium,109091,87323.58,21767.42,2022-03-14,Yes
P03943,Electronics,Smartphones,OnePlus,OnePlusSmartphonesMax,146145,119758.65,26386.35,2025-12-20,Yes
P03944,Grocery,Beverages,Pepsi,PepsiBeveragesPlus,1073,940.69,132.31,2024-07-18,Yes
P03945,Fashion,Footwear,Bata,BataFootwearElite,1274,521.37,752.63,2020-02-10,Yes
P03946,Electronics,Laptops,Acer,AcerLaptopsPro,152861,133967.69,18893.31,2019-04-04,Yes
P03947,Electronics,Televisions,TCL,TCLTelevisionsMax,89279,77314.48,11964.52,2024-01-29,Yes
P03948,Fashion,Footwear,Nike,NikeFootwearPro,9834,6491.64,3342.36,2020-02-07,Yes
P03949,Grocery,Cooking Oil,Fortune,FortuneCooking OilPro,750,683.17,66.83,2026-03-01,Yes
P03950,Electronics,Laptops,HP,HPLaptopsStandard,87118,71317.0,15801.0,2022-03-14,Yes
P03951,Grocery,Cooking Oil,Saffola,SaffolaCooking OilStandard,1977,1864.29,112.71,2025-05-03,Yes
P03952,Electronics,Laptops,Asus,AsusLaptopsElite,32563,27866.0,4697.0,2025-11-10,Yes
P03953,Fashion,Women's Wear,H&M,H&MWomen's WearPro,2162,998.96,1163.04,2020-11-05,Yes
P03954,Fashion,Men's Wear,US Polo,US PoloMen's WearPremium,10756,4822.73,5933.27,2025-02-27,Yes
P03955,Fashion,Footwear,Skechers,SkechersFootwearMax,6258,3385.31,2872.69,2025-06-17,Yes
P03956,Grocery,Rice,India Gate,India GateRicePro,1049,894.66,154.34,2022-08-10,Yes
P03957,Fashion,Footwear,Bata,BataFootwearPro,4087,2559.52,1527.48,2023-02-15,Yes
P03958,Fashion,Footwear,Skechers,SkechersFootwearElite,10415,5048.63,5366.37,2023-06-29,Yes
P03959,Electronics,Laptops,HP,HPLaptopsPremium,175940,145879.13,30060.87,2018-12-19,Yes
P03960,Grocery,Beverages,7UP,7UPBeveragesPremium,1825,1670.38,154.62,2018-11-04,Yes
P03961,Fashion,Footwear,Skechers,SkechersFootwearPremium,4152,1863.01,2288.99,2022-10-02,Yes
P03962,Electronics,Televisions,TCL,TCLTelevisionsPremium,18086,14831.88,3254.12,2023-01-24,Yes
P03963,Grocery,Cooking Oil,Fortune,FortuneCooking OilMax,1019,920.33,98.67,2026-05-01,Yes
P03964,Grocery,Cooking Oil,Saffola,SaffolaCooking OilMax,953,828.69,124.31,2022-05-22,Yes
P03965,Grocery,Cooking Oil,Dhara,DharaCooking OilPlus,1080,1010.12,69.88,2025-02-10,Yes
P03966,Fashion,Men's Wear,US Polo,US PoloMen's WearPremium,2476,1027.6,1448.4,2020-12-02,Yes
P03967,Grocery,Rice,Fortune,FortuneRiceMax,1542,1400.73,141.27,2021-04-12,Yes
P03968,Fashion,Men's Wear,Allen Solly,Allen SollyMen's WearPlus,7701,3756.25,3944.75,2022-03-22,Yes
P03969,Electronics,Laptops,Dell,DellLaptopsMax,31000,27222.72,3777.28,2024-06-20,Yes
P03970,Fashion,Men's Wear,Levi's,Levi'sMen's WearMax,1722,1188.66,533.34,2024-03-18,Yes
P03971,Grocery,Beverages,Coca-Cola,Coca-ColaBeveragesStandard,1100,971.3,128.7,2024-05-29,Yes
P03972,Grocery,Rice,Fortune,FortuneRiceStandard,1536,1331.84,204.16,2023-08-20,Yes
P03973,Grocery,Beverages,Pepsi,PepsiBeveragesMax,1119,1041.06,77.94,2022-07-13,Yes
P03974,Fashion,Footwear,Nike,NikeFootwearPlus,8093,4857.33,3235.67,2023-04-19,Yes
P03975,Electronics,Laptops,Acer,AcerLaptopsMax,170595,142652.06,27942.94,2020-09-29,Yes
P03976,Fashion,Men's Wear,Allen Solly,Allen SollyMen's WearStandard,7607,3467.47,4139.53,2022-06-11,Yes
P03977,Electronics,Televisions,Samsung,SamsungTelevisionsMax,37848,31389.06,6458.94,2020-07-20,Yes
P03978,Fashion,Footwear,Nike,NikeFootwearPro,14883,6988.27,7894.73,2021-06-26,Yes
P03979,Grocery,Rice,Fortune,FortuneRiceElite,1329,1200.03,128.97,2025-11-08,No
P03980,Fashion,Men's Wear,Van Heusen,Van HeusenMen's WearPremium,8567,4118.1,4448.9,2024-12-18,Yes
P03981,Grocery,Cooking Oil,Fortune,FortuneCooking OilMax,474,424.17,49.83,2023-11-25,Yes
P03982,Fashion,Men's Wear,Allen Solly,Allen SollyMen's WearStandard,5251,3262.02,1988.98,2023-10-18,Yes
P03983,Electronics,Laptops,Lenovo,LenovoLaptopsMax,166882,137869.07,29012.93,2025-03-13,Yes
P03984,Electronics,Laptops,Lenovo,LenovoLaptopsStandard,40238,34353.84,5884.16,2024-06-18,Yes
P03985,Electronics,Televisions,LG,LGTelevisionsPremium,145287,124807.03,20479.97,2021-03-08,Yes
P03986,Fashion,Footwear,Skechers,SkechersFootwearElite,12171,6152.37,6018.63,2022-02-26,Yes
P03987,Fashion,Women's Wear,H&M,H&MWomen's WearElite,8056,3478.83,4577.17,2022-04-29,Yes
P03988,Electronics,Laptops,Dell,DellLaptopsPremium,72092,62102.23,9989.77,2025-11-18,Yes
P03989,Grocery,Cooking Oil,Fortune,FortuneCooking OilPremium,25,23.24,1.76,2019-04-13,Yes
P03990,Electronics,Laptops,Dell,DellLaptopsPro,129771,106302.01,23468.99,2026-04-17,Yes
P03991,Electronics,Televisions,Panasonic,PanasonicTelevisionsElite,14055,11920.47,2134.53,2021-10-12,Yes
P03992,Electronics,Televisions,Sony,SonyTelevisionsPlus,165007,135350.91,29656.09,2025-12-01,Yes
P03993,Grocery,Beverages,Fanta,FantaBeveragesPro,1352,1187.43,164.57,2018-08-20,Yes
P03994,Electronics,Televisions,Samsung,SamsungTelevisionsStandard,131990,112878.72,19111.28,2021-04-08,Yes
P03995,Fashion,Men's Wear,Van Heusen,Van HeusenMen's WearMax,10444,6861.64,3582.36,2021-07-26,Yes
P03996,Electronics,Smartphones,Samsung,SamsungSmartphonesElite,85297,71531.99,13765.01,2019-06-20,Yes
P03997,Grocery,Rice,India Gate,India GateRiceStandard,1299,1112.97,186.03,2026-06-22,Yes
P03998,Fashion,Women's Wear,H&M,H&MWomen's WearPro,12668,7178.28,5489.72,2025-04-13,Yes
P03999,Fashion,Footwear,Skechers,SkechersFootwearMax,3733,2153.52,1579.48,2018-10-23,Yes
P04000,Fashion,Footwear,Puma,PumaFootwearPlus,8718,4732.53,3985.47,2025-11-10,Yes
P04001,Grocery,Cooking Oil,Fortune,FortuneCooking OilStandard,1994,1760.19,233.81,2023-10-28,Yes
P04002,Electronics,Televisions,Panasonic,PanasonicTelevisionsMax,126657,105210.1,21446.9,2020-07-28,Yes
P04003,Fashion,Women's Wear,H&M,H&MWomen's WearPro,1666,871.61,794.39,2018-12-09,Yes
P04004,Grocery,Beverages,Pepsi,PepsiBeveragesElite,1352,1152.34,199.66,2020-12-05,Yes
P04005,Grocery,Beverages,Coca-Cola,Coca-ColaBeveragesElite,171,145.95,25.05,2022-05-19,Yes
P04006,Electronics,Televisions,Sony,SonyTelevisionsElite,89678,79539.78,10138.22,2019-09-07,Yes
P04007,Grocery,Cooking Oil,Fortune,FortuneCooking OilStandard,1635,1433.08,201.92,2018-09-10,Yes
P04008,Fashion,Women's Wear,Global Desi,Global DesiWomen's WearMax,786,480.9,305.1,2026-02-17,Yes
P04009,Grocery,Cooking Oil,Fortune,FortuneCooking OilElite,222,193.68,28.32,2023-03-03,Yes
P04010,Electronics,Laptops,HP,HPLaptopsPro,62348,55774.5,6573.5,2022-01-01,Yes
P04011,Grocery,Beverages,Coca-Cola,Coca-ColaBeveragesPremium,743,662.63,80.37,2023-02-28,Yes
P04012,Fashion,Footwear,Bata,BataFootwearMax,11521,6354.14,5166.86,2020-05-20,Yes
P04013,Electronics,Smartphones,Motorola,MotorolaSmartphonesStandard,30764,25532.49,5231.51,2023-11-03,Yes
P04014,Fashion,Men's Wear,Allen Solly,Allen SollyMen's WearPro,9526,4560.26,4965.74,2022-05-17,Yes
P04015,Fashion,Footwear,Puma,PumaFootwearPro,11847,5432.09,6414.91,2025-11-09,Yes
P04016,Fashion,Footwear,Bata,BataFootwearPro,13400,5462.95,7937.05,2024-09-04,Yes
P04017,Electronics,Televisions,TCL,TCLTelevisionsElite,167105,149799.74,17305.26,2024-08-27,Yes
P04018,Fashion,Women's Wear,W,WWomen's WearPremium,4510,1897.26,2612.74,2025-11-22,No
P04019,Electronics,Laptops,Dell,DellLaptopsPlus,184375,156519.56,27855.44,2019-01-25,Yes
P04020,Fashion,Women's Wear,H&M,H&MWomen's WearPro,4112,2659.61,1452.39,2022-07-22,Yes
P04021,Fashion,Footwear,Nike,NikeFootwearPremium,7149,3152.16,3996.84,2023-12-01,Yes
P04022,Fashion,Men's Wear,Allen Solly,Allen SollyMen's WearMax,7910,4363.0,3547.0,2020-07-15,Yes
P04023,Electronics,Laptops,Asus,AsusLaptopsPlus,157430,126074.97,31355.03,2023-07-12,Yes
P04024,Electronics,Smartphones,Apple,AppleSmartphonesMax,111058,93734.32,17323.68,2021-05-17,Yes
P04025,Electronics,Smartphones,Motorola,MotorolaSmartphonesStandard,137826,122371.03,15454.97,2024-07-31,Yes
P04026,Grocery,Cooking Oil,Saffola,SaffolaCooking OilElite,1080,1019.94,60.06,2022-05-07,Yes
P04027,Grocery,Rice,India Gate,India GateRicePremium,82,72.19,9.81,2018-08-16,Yes
P04028,Grocery,Cooking Oil,Dhara,DharaCooking OilPro,666,594.08,71.92,2020-02-03,Yes
P04029,Grocery,Beverages,Pepsi,PepsiBeveragesMax,67,61.08,5.92,2020-12-26,Yes
P04030,Fashion,Women's Wear,Global Desi,Global DesiWomen's WearPro,8425,3891.55,4533.45,2024-05-15,Yes
P04031,Grocery,Rice,Fortune,FortuneRiceMax,681,603.08,77.92,2021-10-10,Yes
P04032,Fashion,Footwear,Puma,PumaFootwearPlus,1762,1210.51,551.49,2026-05-07,Yes
P04033,Fashion,Footwear,Bata,BataFootwearElite,9881,4209.89,5671.11,2022-04-22,Yes
P04034,Grocery,Cooking Oil,Dhara,DharaCooking OilPlus,1319,1145.97,173.03,2021-01-07,Yes
P04035,Grocery,Beverages,Pepsi,PepsiBeveragesPlus,1575,1410.87,164.13,2025-10-10,Yes
P04036,Grocery,Beverages,7UP,7UPBeveragesPremium,1881,1715.47,165.53,2026-07-11,Yes
P04037,Electronics,Smartphones,Apple,AppleSmartphonesPro,109390,89714.0,19676.0,2022-02-19,Yes
P04038,Fashion,Women's Wear,W,WWomen's WearElite,12076,7771.83,4304.17,2022-09-06,Yes
P04039,Grocery,Cooking Oil,Dhara,DharaCooking OilMax,1073,988.49,84.51,2026-05-21,Yes
P04040,Fashion,Footwear,Nike,NikeFootwearPremium,390,263.2,126.8,2019-08-10,Yes
P04041,Fashion,Women's Wear,Global Desi,Global DesiWomen's WearPro,11529,5405.82,6123.18,2023-07-13,Yes
P04042,Fashion,Footwear,Bata,BataFootwearPro,14347,7633.92,6713.08,2023-08-17,Yes
P04043,Grocery,Cooking Oil,Saffola,SaffolaCooking OilPremium,33,29.01,3.99,2022-08-10,Yes
P04044,Electronics,Laptops,Asus,AsusLaptopsPremium,40469,33864.86,6604.14,2020-03-17,Yes
P04045,Electronics,Televisions,Panasonic,PanasonicTelevisionsStandard,171773,153100.21,18672.79,2022-10-03,Yes
P04046,Grocery,Rice,Daawat,DaawatRiceElite,1534,1432.36,101.64,2020-02-02,Yes
P04047,Grocery,Cooking Oil,Saffola,SaffolaCooking OilElite,1281,1116.96,164.04,2019-02-14,Yes
P04048,Grocery,Cooking Oil,Saffola,SaffolaCooking OilMax,589,528.12,60.88,2019-11-04,Yes
P04049,Grocery,Beverages,Fanta,FantaBeveragesPlus,1042,985.77,56.23,2018-08-09,Yes
P04050,Electronics,Laptops,Dell,DellLaptopsStandard,23864,19889.46,3974.54,2021-09-07,Yes
P04051,Electronics,Televisions,Samsung,SamsungTelevisionsMax,6619,5486.38,1132.62,2020-04-22,Yes
P04052,Electronics,Laptops,Acer,AcerLaptopsPro,81060,71869.92,9190.08,2025-09-02,Yes
P04053,Grocery,Rice,Fortune,FortuneRiceStandard,834,739.11,94.89,2026-02-23,Yes
P04054,Fashion,Men's Wear,Allen Solly,Allen SollyMen's WearMax,7097,3824.54,3272.46,2021-02-01,Yes
P04055,Fashion,Women's Wear,Global Desi,Global DesiWomen's WearMax,4327,2357.96,1969.04,2026-04-12,Yes
P04056,Fashion,Men's Wear,Allen Solly,Allen SollyMen's WearPlus,11324,4639.95,6684.05,2021-06-27,Yes
P04057,Grocery,Cooking Oil,Saffola,SaffolaCooking OilElite,404,372.18,31.82,2025-02-13,Yes
P04058,Fashion,Women's Wear,Zara,ZaraWomen's WearElite,3362,1469.84,1892.16,2019-07-13,Yes
P04059,Electronics,Smartphones,Motorola,MotorolaSmartphonesElite,7045,6143.31,901.69,2026-04-06,Yes
P04060,Fashion,Women's Wear,Biba,BibaWomen's WearPremium,4479,3049.06,1429.94,2026-01-30,Yes
P04061,Fashion,Women's Wear,Biba,BibaWomen's WearPro,8485,4009.87,4475.13,2019-12-07,Yes
P04062,Fashion,Women's Wear,H&M,H&MWomen's WearPro,7813,5339.59,2473.41,2020-05-01,Yes
P04063,Fashion,Men's Wear,Louis Philippe,Louis PhilippeMen's WearPro,6891,2840.63,4050.37,2021-09-25,Yes
P04064,Electronics,Televisions,Sony,SonyTelevisionsPremium,150052,124708.27,25343.73,2022-11-24,Yes
P04065,Electronics,Laptops,Asus,AsusLaptopsPro,143813,117971.7,25841.3,2024-06-14,Yes
P04066,Grocery,Rice,Fortune,FortuneRicePremium,1738,1598.8,139.2,2021-04-06,Yes
P04067,Grocery,Rice,Fortune,FortuneRiceElite,1834,1595.31,238.69,2025-02-16,Yes
P04068,Electronics,Televisions,LG,LGTelevisionsPlus,95232,83076.97,12155.03,2021-09-06,Yes
P04069,Fashion,Women's Wear,H&M,H&MWomen's WearPremium,13938,9040.18,4897.82,2025-06-24,Yes
P04070,Fashion,Footwear,Puma,PumaFootwearPlus,6554,3146.59,3407.41,2019-03-03,Yes
P04071,Electronics,Televisions,Sony,SonyTelevisionsPro,77943,66691.18,11251.82,2020-12-02,Yes
P04072,Electronics,Laptops,HP,HPLaptopsMax,40137,33843.9,6293.1,2024-01-08,Yes
P04073,Grocery,Cooking Oil,Dhara,DharaCooking OilElite,422,369.45,52.55,2022-07-08,Yes
P04074,Fashion,Footwear,Puma,PumaFootwearPremium,12911,6103.56,6807.44,2024-06-16,Yes
P04075,Grocery,Rice,Fortune,FortuneRiceMax,1458,1292.37,165.63,2022-01-06,No
P04076,Fashion,Footwear,Nike,NikeFootwearMax,488,292.79,195.21,2025-07-13,Yes
P04077,Electronics,Televisions,TCL,TCLTelevisionsPremium,30563,25278.13,5284.87,2025-08-13,Yes
P04078,Grocery,Cooking Oil,Dhara,DharaCooking OilStandard,85,78.77,6.23,2024-10-16,Yes
P04079,Grocery,Rice,Fortune,FortuneRiceElite,1563,1480.11,82.89,2020-05-01,Yes
P04080,Fashion,Footwear,Adidas,AdidasFootwearPro,605,387.52,217.48,2024-01-05,Yes
P04081,Grocery,Rice,India Gate,India GateRiceElite,1490,1290.61,199.39,2025-07-29,Yes
P04082,Grocery,Cooking Oil,Fortune,FortuneCooking OilPlus,1363,1198.25,164.75,2026-07-11,Yes
P04083,Electronics,Laptops,Dell,DellLaptopsMax,181971,151652.07,30318.93,2026-01-04,Yes
P04084,Electronics,Televisions,Panasonic,PanasonicTelevisionsPlus,152038,129649.99,22388.01,2023-11-21,Yes
P04085,Electronics,Smartphones,OnePlus,OnePlusSmartphonesStandard,41752,33695.22,8056.78,2019-10-17,Yes
P04086,Grocery,Cooking Oil,Saffola,SaffolaCooking OilPremium,1937,1697.0,240.0,2022-08-23,Yes
P04087,Electronics,Laptops,HP,HPLaptopsPro,96251,86522.8,9728.2,2022-08-18,Yes
P04088,Fashion,Footwear,Bata,BataFootwearPlus,9504,4640.81,4863.19,2018-12-10,Yes
P04089,Fashion,Men's Wear,Van Heusen,Van HeusenMen's WearPlus,1186,733.39,452.61,2022-09-05,Yes
P04090,Fashion,Men's Wear,Levi's,Levi'sMen's WearElite,11586,6974.99,4611.01,2025-11-13,Yes
P04091,Grocery,Cooking Oil,Saffola,SaffolaCooking OilMax,311,286.71,24.29,2025-03-21,Yes
P04092,Electronics,Televisions,TCL,TCLTelevisionsMax,100916,87604.44,13311.56,2021-08-16,Yes
P04093,Electronics,Televisions,Samsung,SamsungTelevisionsStandard,130131,105206.23,24924.77,2026-06-03,Yes
P04094,Grocery,Cooking Oil,Dhara,DharaCooking OilStandard,514,451.77,62.23,2025-11-28,Yes
P04095,Fashion,Men's Wear,Van Heusen,Van HeusenMen's WearPremium,14486,7148.25,7337.75,2025-10-31,Yes
P04096,Fashion,Women's Wear,Biba,BibaWomen's WearMax,7153,4067.37,3085.63,2018-09-21,Yes
P04097,Electronics,Laptops,Dell,DellLaptopsPremium,122317,105580.58,16736.42,2025-09-04,Yes
P04098,Grocery,Cooking Oil,Dhara,DharaCooking OilStandard,635,574.87,60.13,2024-09-03,Yes
P04099,Fashion,Footwear,Skechers,SkechersFootwearMax,2436,1014.38,1421.62,2020-07-27,Yes
P04100,Fashion,Footwear,Adidas,AdidasFootwearPremium,8100,4200.7,3899.3,2018-09-12,Yes
P04101,Grocery,Rice,Fortune,FortuneRicePlus,896,810.2,85.8,2023-02-13,Yes
P04102,Grocery,Cooking Oil,Dhara,DharaCooking OilPro,35,30.42,4.58,2022-06-02,Yes
P04103,Fashion,Footwear,Skechers,SkechersFootwearElite,8786,4088.2,4697.8,2023-09-07,Yes
P04104,Fashion,Men's Wear,Allen Solly,Allen SollyMen's WearElite,13660,5784.44,7875.56,2026-04-28,Yes
P04105,Grocery,Rice,India Gate,India GateRicePlus,1212,1083.35,128.65,2018-10-18,Yes
P04106,Fashion,Footwear,Puma,PumaFootwearPremium,12520,6305.83,6214.17,2023-02-14,Yes
P04107,Fashion,Men's Wear,Allen Solly,Allen SollyMen's WearStandard,1689,1146.61,542.39,2022-01-14,Yes
P04108,Electronics,Laptops,Lenovo,LenovoLaptopsPremium,119516,107095.8,12420.2,2025-12-14,Yes
P04109,Grocery,Beverages,Pepsi,PepsiBeveragesMax,1375,1298.56,76.44,2024-03-27,Yes
P04110,Grocery,Beverages,7UP,7UPBeveragesPlus,559,513.46,45.54,2019-11-26,Yes
P04111,Electronics,Televisions,Sony,SonyTelevisionsPlus,59470,50039.81,9430.19,2021-11-24,Yes
P04112,Fashion,Footwear,Skechers,SkechersFootwearPlus,12134,5936.04,6197.96,2025-05-16,Yes
P04113,Electronics,Smartphones,OnePlus,OnePlusSmartphonesPremium,23127,18586.92,4540.08,2025-08-20,Yes
P04114,Electronics,Televisions,Samsung,SamsungTelevisionsPro,146115,129674.38,16440.62,2020-02-11,Yes
P04115,Fashion,Women's Wear,Global Desi,Global DesiWomen's WearElite,12748,6628.35,6119.65,2022-02-13,Yes
P04116,Fashion,Men's Wear,Van Heusen,Van HeusenMen's WearPremium,12349,7058.22,5290.78,2020-03-26,Yes
P04117,Grocery,Cooking Oil,Saffola,SaffolaCooking OilStandard,1718,1506.05,211.95,2018-11-30,Yes
P04118,Electronics,Laptops,HP,HPLaptopsPro,152439,125753.15,26685.85,2026-02-22,Yes
P04119,Grocery,Rice,Daawat,DaawatRiceElite,585,525.57,59.43,2019-07-23,Yes
P04120,Fashion,Footwear,Bata,BataFootwearStandard,2165,1385.33,779.67,2021-02-16,Yes
P04121,Fashion,Women's Wear,Global Desi,Global DesiWomen's WearPlus,935,596.47,338.53,2024-02-06,Yes
P04122,Fashion,Footwear,Adidas,AdidasFootwearMax,6082,4128.79,1953.21,2019-06-28,Yes
P04123,Electronics,Televisions,TCL,TCLTelevisionsMax,188291,164198.7,24092.3,2020-08-16,Yes
P04124,Grocery,Rice,India Gate,India GateRiceMax,341,322.11,18.89,2026-06-24,Yes
P04125,Grocery,Rice,Daawat,DaawatRiceMax,1906,1741.31,164.69,2026-06-26,Yes
P04126,Fashion,Men's Wear,Allen Solly,Allen SollyMen's WearStandard,12739,7481.45,5257.55,2023-11-20,Yes
P04127,Grocery,Beverages,7UP,7UPBeveragesMax,344,308.97,35.03,2026-02-27,Yes
P04128,Fashion,Footwear,Adidas,AdidasFootwearPlus,9487,4695.43,4791.57,2020-03-23,Yes
P04129,Electronics,Laptops,HP,HPLaptopsElite,84259,74116.89,10142.11,2024-09-17,Yes
P04130,Grocery,Cooking Oil,Saffola,SaffolaCooking OilMax,998,936.71,61.29,2022-10-06,Yes
P04131,Fashion,Footwear,Adidas,AdidasFootwearPro,13269,5740.62,7528.38,2020-04-05,Yes
P04132,Fashion,Footwear,Nike,NikeFootwearPremium,11881,5516.24,6364.76,2024-07-15,Yes
P04133,Fashion,Men's Wear,Allen Solly,Allen SollyMen's WearStandard,961,503.27,457.73,2019-12-06,Yes
P04134,Electronics,Smartphones,Motorola,MotorolaSmartphonesElite,48390,38897.06,9492.94,2024-01-14,Yes
P04135,Fashion,Women's Wear,Biba,BibaWomen's WearMax,8944,5737.45,3206.55,2020-10-23,Yes
P04136,Fashion,Footwear,Adidas,AdidasFootwearPro,13066,7009.89,6056.11,2024-08-12,Yes
P04137,Grocery,Beverages,7UP,7UPBeveragesPlus,507,481.1,25.9,2025-07-01,Yes
P04138,Electronics,Smartphones,Samsung,SamsungSmartphonesPro,64525,55026.03,9498.97,2020-05-25,Yes
P04139,Electronics,Smartphones,Apple,AppleSmartphonesMax,67811,57132.95,10678.05,2021-04-17,Yes
P04140,Grocery,Rice,Daawat,DaawatRiceMax,1309,1218.09,90.91,2022-01-25,Yes
P04141,Grocery,Beverages,Pepsi,PepsiBeveragesPro,1070,1015.92,54.08,2024-06-02,Yes
P04142,Grocery,Cooking Oil,Fortune,FortuneCooking OilMax,1801,1695.38,105.62,2019-03-21,Yes
P04143,Grocery,Beverages,Fanta,FantaBeveragesElite,25,23.13,1.87,2022-07-28,Yes
P04144,Fashion,Women's Wear,Zara,ZaraWomen's WearElite,8879,6078.56,2800.44,2026-01-09,Yes
P04145,Fashion,Women's Wear,Biba,BibaWomen's WearElite,12796,6256.23,6539.77,2020-07-05,Yes
P04146,Electronics,Laptops,Lenovo,LenovoLaptopsStandard,191151,156500.54,34650.46,2019-12-26,Yes
P04147,Electronics,Smartphones,OnePlus,OnePlusSmartphonesStandard,126680,112149.75,14530.25,2025-08-07,Yes
P04148,Electronics,Smartphones,OnePlus,OnePlusSmartphonesPro,25400,20666.12,4733.88,2022-01-30,Yes
P04149,Electronics,Laptops,Acer,AcerLaptopsMax,40017,32767.58,7249.42,2019-04-03,Yes
P04150,Grocery,Cooking Oil,Dhara,DharaCooking OilPro,902,819.68,82.32,2025-07-26,Yes
P04151,Fashion,Women's Wear,Global Desi,Global DesiWomen's WearMax,14101,7598.31,6502.69,2018-11-01,Yes
P04152,Fashion,Footwear,Bata,BataFootwearMax,770,517.92,252.08,2022-03-25,Yes
P04153,Fashion,Women's Wear,H&M,H&MWomen's WearPro,5394,2690.28,2703.72,2021-02-20,Yes
P04154,Fashion,Men's Wear,Levi's,Levi'sMen's WearElite,6460,4423.54,2036.46,2020-06-04,Yes
P04155,Fashion,Men's Wear,Louis Philippe,Louis PhilippeMen's WearPro,8808,5433.16,3374.84,2021-08-11,Yes
P04156,Fashion,Men's Wear,Louis Philippe,Louis PhilippeMen's WearElite,5501,2494.85,3006.15,2021-03-04,Yes
P04157,Electronics,Televisions,TCL,TCLTelevisionsPro,72395,62133.95,10261.05,2021-08-08,Yes
P04158,Fashion,Footwear,Nike,NikeFootwearMax,9333,5490.83,3842.17,2022-04-30,Yes
P04159,Grocery,Beverages,Fanta,FantaBeveragesElite,1964,1747.81,216.19,2022-01-24,Yes
P04160,Grocery,Cooking Oil,Fortune,FortuneCooking OilStandard,1521,1302.69,218.31,2021-07-28,Yes
P04161,Fashion,Footwear,Bata,BataFootwearStandard,10557,6398.4,4158.6,2024-05-16,Yes
P04162,Electronics,Smartphones,Google,GoogleSmartphonesElite,40860,35225.45,5634.55,2024-01-28,Yes
P04163,Electronics,Smartphones,Google,GoogleSmartphonesPremium,180087,147112.21,32974.79,2023-01-15,Yes
P04164,Fashion,Men's Wear,Louis Philippe,Louis PhilippeMen's WearStandard,7626,3927.29,3698.71,2025-12-03,Yes
P04165,Electronics,Televisions,Panasonic,PanasonicTelevisionsStandard,6930,5973.92,956.08,2024-08-19,Yes
P04166,Grocery,Cooking Oil,Dhara,DharaCooking OilPlus,586,513.06,72.94,2021-11-19,Yes
P04167,Electronics,Smartphones,Samsung,SamsungSmartphonesElite,39992,35100.56,4891.44,2025-07-24,Yes
P04168,Grocery,Rice,Fortune,FortuneRicePremium,1616,1431.76,184.24,2019-03-07,Yes
P04169,Fashion,Footwear,Adidas,AdidasFootwearPro,6389,3658.4,2730.6,2021-01-10,Yes
P04170,Electronics,Laptops,HP,HPLaptopsElite,198512,169436.57,29075.43,2020-09-11,Yes
P04171,Grocery,Beverages,Fanta,FantaBeveragesPlus,686,649.95,36.05,2020-08-31,Yes
P04172,Electronics,Laptops,Lenovo,LenovoLaptopsMax,126614,108245.42,18368.58,2026-04-12,Yes
P04173,Fashion,Footwear,Bata,BataFootwearStandard,3492,1716.25,1775.75,2022-12-28,Yes
P04174,Grocery,Beverages,Coca-Cola,Coca-ColaBeveragesMax,1903,1687.3,215.7,2022-12-05,Yes
P04175,Grocery,Rice,Fortune,FortuneRicePro,1168,1109.32,58.68,2024-07-13,Yes
P04176,Grocery,Beverages,Sprite,SpriteBeveragesPlus,1932,1733.09,198.91,2023-01-09,Yes
P04177,Grocery,Rice,India Gate,India GateRicePro,1589,1501.62,87.38,2023-04-14,Yes
P04178,Electronics,Laptops,Dell,DellLaptopsStandard,156781,127933.79,28847.21,2019-09-26,Yes
P04179,Electronics,Smartphones,Google,GoogleSmartphonesElite,117180,95058.05,22121.95,2021-10-10,Yes
P04180,Grocery,Cooking Oil,Fortune,FortuneCooking OilPlus,1611,1420.01,190.99,2021-08-05,Yes
P04181,Electronics,Laptops,Asus,AsusLaptopsPremium,80153,66199.4,13953.6,2020-04-23,Yes
P04182,Fashion,Women's Wear,Biba,BibaWomen's WearElite,5360,3311.04,2048.96,2020-08-17,Yes
P04183,Electronics,Televisions,Samsung,SamsungTelevisionsPro,177183,157162.68,20020.32,2023-03-29,Yes
P04184,Grocery,Rice,India Gate,India GateRiceMax,499,472.33,26.67,2024-12-27,Yes
P04185,Grocery,Rice,Daawat,DaawatRiceMax,1646,1480.9,165.1,2022-11-11,Yes
P04186,Fashion,Women's Wear,Biba,BibaWomen's WearElite,8269,3723.5,4545.5,2023-06-19,Yes
P04187,Grocery,Rice,Daawat,DaawatRiceElite,957,856.67,100.33,2022-05-19,Yes
P04188,Electronics,Laptops,Lenovo,LenovoLaptopsPremium,122965,105975.99,16989.01,2023-12-20,Yes
P04189,Grocery,Beverages,Pepsi,PepsiBeveragesPlus,1311,1173.8,137.2,2020-05-27,Yes
P04190,Electronics,Televisions,Panasonic,PanasonicTelevisionsPremium,64244,51581.66,12662.34,2023-12-25,Yes
P04191,Grocery,Rice,India Gate,India GateRiceMax,115,101.74,13.26,2024-10-23,Yes
P04192,Electronics,Laptops,Asus,AsusLaptopsPremium,129226,108810.64,20415.36,2022-04-21,Yes
P04193,Fashion,Footwear,Nike,NikeFootwearElite,7454,4168.07,3285.93,2024-03-13,Yes
P04194,Grocery,Cooking Oil,Fortune,FortuneCooking OilPro,381,327.67,53.33,2020-07-27,Yes
P04195,Fashion,Footwear,Puma,PumaFootwearPremium,12248,5190.8,7057.2,2021-09-11,Yes
P04196,Electronics,Televisions,LG,LGTelevisionsElite,20127,17906.68,2220.32,2024-03-11,Yes
P04197,Fashion,Men's Wear,Levi's,Levi'sMen's WearPlus,5463,2876.15,2586.85,2019-03-13,Yes
P04198,Grocery,Rice,Daawat,DaawatRiceElite,755,670.26,84.74,2025-05-12,Yes
P04199,Fashion,Footwear,Bata,BataFootwearPro,11375,7358.15,4016.85,2023-04-09,Yes
P04200,Fashion,Footwear,Nike,NikeFootwearPlus,8890,4459.57,4430.43,2024-10-31,Yes
P04201,Grocery,Beverages,Sprite,SpriteBeveragesPremium,1429,1316.49,112.51,2019-01-23,Yes
P04202,Fashion,Footwear,Adidas,AdidasFootwearPlus,13219,7245.78,5973.22,2024-06-25,Yes
P04203,Fashion,Women's Wear,H&M,H&MWomen's WearStandard,1981,1081.36,899.64,2018-08-28,Yes
P04204,Grocery,Beverages,Pepsi,PepsiBeveragesPremium,57,49.31,7.69,2025-08-03,Yes
P04205,Electronics,Smartphones,Samsung,SamsungSmartphonesStandard,191134,161639.74,29494.26,2019-11-28,Yes
P04206,Grocery,Cooking Oil,Fortune,FortuneCooking OilPro,1989,1855.16,133.84,2019-08-14,Yes
P04207,Grocery,Rice,Fortune,FortuneRicePlus,1854,1628.9,225.1,2024-07-06,Yes
P04208,Grocery,Beverages,Pepsi,PepsiBeveragesPremium,189,175.88,13.12,2018-08-16,Yes
P04209,Electronics,Televisions,TCL,TCLTelevisionsPro,98415,82446.03,15968.97,2025-07-04,Yes
P04210,Grocery,Rice,Daawat,DaawatRicePro,618,582.12,35.88,2023-02-26,Yes
P04211,Grocery,Rice,India Gate,India GateRiceElite,297,265.6,31.4,2021-01-18,Yes
P04212,Electronics,Televisions,Sony,SonyTelevisionsPlus,80504,64728.64,15775.36,2021-02-22,Yes
P04213,Fashion,Footwear,Adidas,AdidasFootwearPro,8490,3871.06,4618.94,2026-05-07,Yes
P04214,Electronics,Smartphones,OnePlus,OnePlusSmartphonesMax,128193,108117.3,20075.7,2023-09-09,Yes
P04215,Fashion,Men's Wear,Van Heusen,Van HeusenMen's WearMax,14543,7143.56,7399.44,2025-01-19,Yes
P04216,Fashion,Footwear,Bata,BataFootwearPlus,5528,3690.0,1838.0,2025-11-15,Yes
P04217,Grocery,Rice,Daawat,DaawatRicePlus,1112,1002.12,109.88,2020-08-28,Yes
P04218,Electronics,Smartphones,Samsung,SamsungSmartphonesElite,164165,134559.81,29605.19,2023-11-09,Yes
P04219,Grocery,Beverages,Sprite,SpriteBeveragesMax,66,58.46,7.54,2026-07-11,Yes
P04220,Fashion,Men's Wear,Van Heusen,Van HeusenMen's WearPlus,5437,3676.14,1760.86,2018-12-10,Yes
P04221,Fashion,Women's Wear,Global Desi,Global DesiWomen's WearPremium,8368,4707.07,3660.93,2019-01-24,Yes
P04222,Electronics,Smartphones,Google,GoogleSmartphonesPro,70446,62604.45,7841.55,2021-07-29,Yes
P04223,Electronics,Televisions,Sony,SonyTelevisionsStandard,192614,169871.54,22742.46,2023-06-05,Yes
P04224,Fashion,Footwear,Bata,BataFootwearStandard,11436,5767.17,5668.83,2025-09-17,Yes
P04225,Grocery,Rice,Fortune,FortuneRiceMax,523,485.72,37.28,2021-05-06,Yes
P04226,Electronics,Smartphones,Apple,AppleSmartphonesPremium,72968,59464.37,13503.63,2022-06-17,Yes
P04227,Fashion,Men's Wear,Louis Philippe,Louis PhilippeMen's WearPro,7440,4301.45,3138.55,2025-02-02,Yes
P04228,Electronics,Laptops,Lenovo,LenovoLaptopsPremium,80011,70609.49,9401.51,2023-11-16,Yes
P04229,Grocery,Cooking Oil,Saffola,SaffolaCooking OilStandard,44,40.18,3.82,2026-07-07,Yes
P04230,Grocery,Beverages,Sprite,SpriteBeveragesPremium,800,738.37,61.63,2023-06-17,Yes
P04231,Fashion,Men's Wear,US Polo,US PoloMen's WearPlus,6652,3691.6,2960.4,2019-09-29,Yes
P04232,Electronics,Smartphones,Motorola,MotorolaSmartphonesPlus,168383,151461.71,16921.29,2024-08-25,Yes
P04233,Electronics,Laptops,Acer,AcerLaptopsStandard,55933,47951.42,7981.58,2023-04-08,Yes
P04234,Fashion,Footwear,Adidas,AdidasFootwearStandard,10708,4612.47,6095.53,2026-03-29,Yes
P04235,Fashion,Women's Wear,Global Desi,Global DesiWomen's WearMax,4434,2183.77,2250.23,2023-05-03,Yes
P04236,Electronics,Televisions,Panasonic,PanasonicTelevisionsElite,34146,30284.65,3861.35,2026-01-24,Yes
P04237,Fashion,Footwear,Adidas,AdidasFootwearElite,11365,4803.82,6561.18,2024-06-23,Yes
P04238,Electronics,Televisions,TCL,TCLTelevisionsPro,56948,49049.04,7898.96,2024-08-30,Yes
P04239,Fashion,Footwear,Nike,NikeFootwearPremium,5942,2540.93,3401.07,2018-10-25,Yes
P04240,Electronics,Televisions,Panasonic,PanasonicTelevisionsPremium,35764,28949.69,6814.31,2021-04-25,Yes
P04241,Fashion,Men's Wear,Van Heusen,Van HeusenMen's WearPlus,13014,5235.36,7778.64,2020-04-02,Yes
P04242,Fashion,Footwear,Puma,PumaFootwearPlus,12886,5904.57,6981.43,2021-07-02,Yes
P04243,Fashion,Men's Wear,Allen Solly,Allen SollyMen's WearPlus,3527,1637.01,1889.99,2025-12-05,No
P04244,Electronics,Televisions,Panasonic,PanasonicTelevisionsPro,66875,54582.57,12292.43,2019-01-09,Yes
P04245,Fashion,Footwear,Nike,NikeFootwearPremium,10245,4975.0,5270.0,2024-09-20,Yes
P04246,Electronics,Smartphones,Apple,AppleSmartphonesPremium,72946,58984.3,13961.7,2022-10-22,Yes
P04247,Fashion,Footwear,Adidas,AdidasFootwearStandard,6427,4132.5,2294.5,2022-05-29,Yes
P04248,Fashion,Footwear,Puma,PumaFootwearMax,9356,6532.14,2823.86,2021-10-22,Yes
P04249,Grocery,Beverages,Coca-Cola,Coca-ColaBeveragesPro,852,729.86,122.14,2026-02-01,Yes
P04250,Electronics,Smartphones,Apple,AppleSmartphonesPlus,137118,111934.72,25183.28,2021-03-30,Yes
P04251,Grocery,Beverages,7UP,7UPBeveragesElite,1445,1313.7,131.3,2019-09-15,Yes
P04252,Electronics,Smartphones,Samsung,SamsungSmartphonesElite,184139,157531.17,26607.83,2020-05-04,Yes
P04253,Grocery,Cooking Oil,Fortune,FortuneCooking OilMax,1913,1802.11,110.89,2021-01-05,Yes
P04254,Fashion,Women's Wear,H&M,H&MWomen's WearPremium,14402,7403.06,6998.94,2020-06-20,Yes
P04255,Grocery,Beverages,Fanta,FantaBeveragesPlus,172,146.62,25.38,2023-08-18,Yes
P04256,Fashion,Men's Wear,Van Heusen,Van HeusenMen's WearPlus,13614,8224.3,5389.7,2025-09-21,Yes
P04257,Electronics,Televisions,Sony,SonyTelevisionsPro,118093,101844.99,16248.01,2025-12-31,Yes
P04258,Grocery,Cooking Oil,Fortune,FortuneCooking OilPlus,1602,1456.05,145.95,2021-08-02,Yes
P04259,Grocery,Beverages,Pepsi,PepsiBeveragesMax,447,404.56,42.44,2019-01-12,Yes
P04260,Grocery,Cooking Oil,Saffola,SaffolaCooking OilPremium,1088,939.19,148.81,2023-07-23,Yes
P04261,Fashion,Footwear,Adidas,AdidasFootwearPro,13498,6083.56,7414.44,2019-11-26,Yes
P04262,Grocery,Beverages,7UP,7UPBeveragesElite,22,20.26,1.74,2024-04-18,Yes
P04263,Grocery,Cooking Oil,Fortune,FortuneCooking OilStandard,1141,1025.09,115.91,2023-12-19,Yes
P04264,Fashion,Men's Wear,Van Heusen,Van HeusenMen's WearPro,5433,2229.34,3203.66,2018-08-27,Yes
P04265,Electronics,Televisions,Sony,SonyTelevisionsElite,41209,34764.74,6444.26,2022-12-18,Yes
P04266,Grocery,Rice,Daawat,DaawatRiceElite,670,585.62,84.38,2022-04-13,Yes
P04267,Fashion,Men's Wear,Allen Solly,Allen SollyMen's WearStandard,3717,2351.14,1365.86,2022-07-30,Yes
P04268,Electronics,Laptops,HP,HPLaptopsStandard,105320,86555.1,18764.9,2020-11-20,Yes
P04269,Grocery,Cooking Oil,Fortune,FortuneCooking OilStandard,42,38.25,3.75,2024-09-10,Yes
P04270,Grocery,Rice,Fortune,FortuneRiceStandard,687,619.81,67.19,2020-12-28,Yes
P04271,Fashion,Men's Wear,Louis Philippe,Louis PhilippeMen's WearPremium,589,360.84,228.16,2020-05-10,Yes
P04272,Grocery,Rice,India Gate,India GateRicePro,1428,1325.77,102.23,2020-03-01,Yes
P04273,Electronics,Laptops,Dell,DellLaptopsPro,50844,44332.82,6511.18,2026-04-09,Yes
P04274,Fashion,Footwear,Puma,PumaFootwearElite,13934,9750.37,4183.63,2022-07-14,No
P04275,Fashion,Women's Wear,H&M,H&MWomen's WearPro,2096,1378.96,717.04,2022-08-25,Yes
P04276,Electronics,Televisions,Sony,SonyTelevisionsPlus,186172,164363.25,21808.75,2025-02-17,Yes
P04277,Grocery,Cooking Oil,Fortune,FortuneCooking OilMax,317,275.92,41.08,2024-09-12,Yes
P04278,Electronics,Smartphones,OnePlus,OnePlusSmartphonesElite,81817,73428.71,8388.29,2021-12-17,Yes
P04279,Grocery,Rice,Daawat,DaawatRicePlus,1195,1022.3,172.7,2023-10-30,Yes
P04280,Electronics,Laptops,Acer,AcerLaptopsMax,53689,47250.75,6438.25,2023-08-28,Yes
P04281,Fashion,Women's Wear,W,WWomen's WearPlus,10540,4820.24,5719.76,2023-11-19,Yes
P04282,Grocery,Rice,India Gate,India GateRicePremium,1280,1113.32,166.68,2019-03-24,Yes
P04283,Grocery,Rice,Daawat,DaawatRicePro,1914,1638.24,275.76,2021-12-11,Yes
P04284,Electronics,Televisions,LG,LGTelevisionsElite,54989,48201.63,6787.37,2018-10-30,Yes
P04285,Fashion,Women's Wear,Global Desi,Global DesiWomen's WearStandard,11212,7266.37,3945.63,2021-12-15,Yes
P04286,Electronics,Televisions,TCL,TCLTelevisionsStandard,112053,95742.1,16310.9,2023-09-12,Yes
P04287,Fashion,Footwear,Adidas,AdidasFootwearPro,6066,4210.42,1855.58,2018-11-03,Yes
P04288,Electronics,Smartphones,Motorola,MotorolaSmartphonesPro,96780,86349.61,10430.39,2020-04-17,Yes
P04289,Electronics,Laptops,HP,HPLaptopsStandard,23060,18796.85,4263.15,2022-12-02,Yes
P04290,Electronics,Laptops,HP,HPLaptopsMax,43438,35800.43,7637.57,2021-05-31,Yes
P04291,Electronics,Televisions,Sony,SonyTelevisionsPremium,156833,135878.0,20955.0,2025-01-05,Yes
P04292,Electronics,Smartphones,Google,GoogleSmartphonesElite,29969,25385.99,4583.01,2018-10-04,Yes
P04293,Fashion,Men's Wear,Louis Philippe,Louis PhilippeMen's WearPro,13253,9035.88,4217.12,2024-06-03,Yes
P04294,Fashion,Women's Wear,H&M,H&MWomen's WearPro,10402,5395.93,5006.07,2020-12-08,Yes
P04295,Grocery,Rice,India Gate,India GateRiceElite,46,39.11,6.89,2023-03-22,Yes
P04296,Electronics,Smartphones,Samsung,SamsungSmartphonesStandard,21985,18903.69,3081.31,2018-11-02,Yes
P04297,Fashion,Footwear,Puma,PumaFootwearStandard,7036,4512.28,2523.72,2021-01-31,Yes
P04298,Fashion,Women's Wear,Biba,BibaWomen's WearMax,9745,5759.61,3985.39,2024-05-15,Yes
P04299,Electronics,Televisions,TCL,TCLTelevisionsPremium,136031,113468.06,22562.94,2026-03-21,Yes
P04300,Grocery,Cooking Oil,Saffola,SaffolaCooking OilPlus,979,853.47,125.53,2019-04-13,Yes
P04301,Electronics,Televisions,Samsung,SamsungTelevisionsPremium,166772,142060.32,24711.68,2025-03-27,Yes
P04302,Electronics,Laptops,Acer,AcerLaptopsPro,65362,53289.52,12072.48,2019-03-06,Yes
P04303,Electronics,Laptops,Lenovo,LenovoLaptopsMax,163106,132682.01,30423.99,2022-06-30,Yes
P04304,Fashion,Women's Wear,H&M,H&MWomen's WearPro,1329,865.47,463.53,2022-09-10,Yes
P04305,Electronics,Laptops,Acer,AcerLaptopsStandard,29119,24588.38,4530.62,2019-01-25,Yes
P04306,Electronics,Laptops,HP,HPLaptopsMax,188853,157478.6,31374.4,2020-10-07,Yes
P04307,Fashion,Women's Wear,H&M,H&MWomen's WearPlus,2486,1277.15,1208.85,2020-03-28,Yes
P04308,Fashion,Men's Wear,Van Heusen,Van HeusenMen's WearStandard,2809,1957.98,851.02,2026-06-08,Yes
P04309,Fashion,Men's Wear,Levi's,Levi'sMen's WearPlus,8124,4005.15,4118.85,2025-10-15,Yes
P04310,Electronics,Smartphones,Google,GoogleSmartphonesStandard,171380,143608.52,27771.48,2021-12-30,Yes
P04311,Electronics,Smartphones,Apple,AppleSmartphonesElite,109336,89504.88,19831.12,2020-01-01,Yes
P04312,Electronics,Laptops,HP,HPLaptopsPro,148774,127294.97,21479.03,2021-06-14,Yes
P04313,Electronics,Laptops,Asus,AsusLaptopsMax,138113,123439.35,14673.65,2022-06-19,Yes
P04314,Electronics,Smartphones,Apple,AppleSmartphonesPremium,9758,8381.33,1376.67,2023-12-30,Yes
P04315,Grocery,Cooking Oil,Dhara,DharaCooking OilPlus,1273,1171.05,101.95,2023-12-22,Yes
P04316,Grocery,Rice,Daawat,DaawatRiceStandard,1220,1047.27,172.73,2022-01-15,Yes
P04317,Electronics,Televisions,Panasonic,PanasonicTelevisionsPlus,144868,122943.06,21924.94,2026-04-21,Yes
P04318,Fashion,Men's Wear,Allen Solly,Allen SollyMen's WearPlus,4985,2795.92,2189.08,2025-07-20,Yes
P04319,Fashion,Women's Wear,W,WWomen's WearPlus,6838,3850.01,2987.99,2019-03-28,Yes
P04320,Electronics,Televisions,Panasonic,PanasonicTelevisionsElite,162109,133913.46,28195.54,2019-04-18,Yes
P04321,Electronics,Televisions,Sony,SonyTelevisionsMax,94870,84258.15,10611.85,2021-03-06,Yes
P04322,Electronics,Laptops,Lenovo,LenovoLaptopsPremium,98511,79225.07,19285.93,2026-05-18,Yes
P04323,Fashion,Women's Wear,Biba,BibaWomen's WearElite,14013,6698.32,7314.68,2019-09-23,Yes
P04324,Grocery,Cooking Oil,Saffola,SaffolaCooking OilStandard,1087,937.0,150.0,2020-01-31,Yes
P04325,Grocery,Rice,India Gate,India GateRiceMax,431,382.41,48.59,2023-01-14,Yes
P04326,Grocery,Beverages,Pepsi,PepsiBeveragesPlus,284,244.6,39.4,2019-11-01,Yes
P04327,Grocery,Beverages,7UP,7UPBeveragesPlus,995,937.6,57.4,2026-03-01,Yes
P04328,Electronics,Smartphones,Google,GoogleSmartphonesMax,104508,90134.43,14373.57,2020-06-18,Yes
P04329,Fashion,Women's Wear,H&M,H&MWomen's WearMax,7160,4918.76,2241.24,2019-02-08,Yes
P04330,Electronics,Smartphones,Samsung,SamsungSmartphonesPro,164568,144624.05,19943.95,2019-12-20,Yes
P04331,Fashion,Footwear,Skechers,SkechersFootwearPro,9483,6091.41,3391.59,2019-01-10,Yes
P04332,Electronics,Televisions,LG,LGTelevisionsPlus,99501,81672.13,17828.87,2024-05-30,Yes
P04333,Electronics,Televisions,Samsung,SamsungTelevisionsElite,1163,1008.81,154.19,2019-01-30,Yes
P04334,Electronics,Smartphones,Google,GoogleSmartphonesPremium,105906,95068.49,10837.51,2018-11-11,Yes
P04335,Electronics,Laptops,HP,HPLaptopsElite,139120,112226.62,26893.38,2019-02-19,Yes
P04336,Electronics,Laptops,Asus,AsusLaptopsElite,190260,163201.94,27058.06,2024-04-09,Yes
P04337,Fashion,Men's Wear,Van Heusen,Van HeusenMen's WearElite,8516,5121.58,3394.42,2018-10-09,Yes
P04338,Fashion,Footwear,Nike,NikeFootwearElite,9937,4998.98,4938.02,2020-04-26,Yes
P04339,Fashion,Footwear,Adidas,AdidasFootwearElite,4752,2070.87,2681.13,2019-11-25,Yes
P04340,Grocery,Beverages,Coca-Cola,Coca-ColaBeveragesElite,901,782.07,118.93,2024-01-07,Yes
P04341,Electronics,Smartphones,Samsung,SamsungSmartphonesPlus,31210,27416.82,3793.18,2025-02-25,Yes
P04342,Fashion,Women's Wear,W,WWomen's WearStandard,2844,1967.45,876.55,2023-05-13,Yes
P04343,Fashion,Women's Wear,Zara,ZaraWomen's WearMax,1706,1174.06,531.94,2019-04-10,Yes
P04344,Grocery,Beverages,Coca-Cola,Coca-ColaBeveragesMax,1853,1724.34,128.66,2025-04-21,Yes
P04345,Electronics,Smartphones,Samsung,SamsungSmartphonesPremium,196400,173380.78,23019.22,2019-08-16,Yes
P04346,Fashion,Footwear,Nike,NikeFootwearPro,9116,4853.62,4262.38,2022-02-03,Yes
P04347,Electronics,Televisions,Sony,SonyTelevisionsElite,177504,146491.03,31012.97,2021-08-20,Yes
P04348,Fashion,Men's Wear,US Polo,US PoloMen's WearMax,1614,650.67,963.33,2020-05-29,Yes
P04349,Electronics,Smartphones,Motorola,MotorolaSmartphonesElite,59214,52868.47,6345.53,2022-07-03,Yes
P04350,Fashion,Men's Wear,Louis Philippe,Louis PhilippeMen's WearPro,1562,639.04,922.96,2026-05-14,Yes
P04351,Grocery,Cooking Oil,Dhara,DharaCooking OilPlus,972,898.15,73.85,2026-07-25,Yes
P04352,Fashion,Women's Wear,W,WWomen's WearElite,8834,5661.92,3172.08,2018-08-17,Yes
P04353,Electronics,Smartphones,OnePlus,OnePlusSmartphonesElite,161949,134264.09,27684.91,2025-12-25,Yes
P04354,Fashion,Women's Wear,Global Desi,Global DesiWomen's WearPro,11643,6391.18,5251.82,2019-11-06,Yes
P04355,Grocery,Rice,India Gate,India GateRicePlus,113,101.63,11.37,2020-03-31,Yes
P04356,Grocery,Rice,Fortune,FortuneRicePro,1308,1130.4,177.6,2018-12-30,Yes
P04357,Electronics,Smartphones,Apple,AppleSmartphonesPremium,126192,101004.45,25187.55,2025-01-11,Yes
P04358,Electronics,Televisions,Samsung,SamsungTelevisionsMax,8426,7096.29,1329.71,2024-08-14,Yes
P04359,Grocery,Beverages,7UP,7UPBeveragesMax,923,820.31,102.69,2021-07-08,Yes
P04360,Grocery,Beverages,Fanta,FantaBeveragesStandard,725,667.78,57.22,2026-04-03,Yes
P04361,Fashion,Women's Wear,Biba,BibaWomen's WearPlus,4082,2488.12,1593.88,2020-12-30,Yes
P04362,Electronics,Televisions,LG,LGTelevisionsPremium,187084,165695.04,21388.96,2020-07-24,Yes
P04363,Electronics,Smartphones,OnePlus,OnePlusSmartphonesMax,14303,12073.15,2229.85,2021-03-12,Yes
P04364,Electronics,Televisions,LG,LGTelevisionsElite,197093,164576.94,32516.06,2019-10-24,Yes
P04365,Electronics,Televisions,Samsung,SamsungTelevisionsPro,173168,152038.79,21129.21,2023-11-27,Yes
P04366,Grocery,Rice,Daawat,DaawatRiceStandard,1785,1563.77,221.23,2019-12-04,Yes
P04367,Fashion,Women's Wear,Zara,ZaraWomen's WearStandard,10396,6844.25,3551.75,2020-05-02,Yes
P04368,Electronics,Smartphones,Google,GoogleSmartphonesPro,12375,11068.31,1306.69,2026-02-14,Yes
P04369,Fashion,Women's Wear,Global Desi,Global DesiWomen's WearPro,2902,1284.96,1617.04,2022-08-20,Yes
P04370,Fashion,Men's Wear,Van Heusen,Van HeusenMen's WearMax,12657,6919.27,5737.73,2020-12-20,Yes
P04371,Fashion,Women's Wear,H&M,H&MWomen's WearMax,313,126.34,186.66,2022-01-28,Yes
P04372,Electronics,Laptops,HP,HPLaptopsStandard,169919,142463.54,27455.46,2025-08-04,Yes
P04373,Fashion,Footwear,Bata,BataFootwearPro,4996,2322.84,2673.16,2023-12-28,Yes
P04374,Grocery,Rice,Fortune,FortuneRiceMax,1735,1568.83,166.17,2019-10-23,Yes
P04375,Fashion,Women's Wear,Global Desi,Global DesiWomen's WearPremium,14458,7821.5,6636.5,2021-01-11,Yes
P04376,Electronics,Televisions,TCL,TCLTelevisionsPremium,58321,49330.91,8990.09,2021-11-11,Yes
P04377,Grocery,Beverages,Coca-Cola,Coca-ColaBeveragesPlus,676,576.86,99.14,2019-07-31,Yes
P04378,Electronics,Laptops,Dell,DellLaptopsMax,95211,78650.06,16560.94,2021-10-14,Yes
P04379,Fashion,Women's Wear,Biba,BibaWomen's WearPremium,6739,3939.56,2799.44,2022-04-19,Yes
P04380,Grocery,Rice,India Gate,India GateRicePremium,569,495.21,73.79,2023-06-11,Yes
P04381,Electronics,Laptops,Asus,AsusLaptopsElite,44598,36565.71,8032.29,2024-04-13,Yes
P04382,Electronics,Smartphones,Apple,AppleSmartphonesPlus,193081,171632.27,21448.73,2018-09-23,Yes
P04383,Grocery,Beverages,Sprite,SpriteBeveragesStandard,1735,1599.53,135.47,2020-12-26,Yes
P04384,Electronics,Televisions,Panasonic,PanasonicTelevisionsPro,75722,61655.01,14066.99,2023-07-17,Yes
P04385,Grocery,Rice,Fortune,FortuneRicePro,1928,1772.03,155.97,2020-10-06,Yes
P04386,Fashion,Women's Wear,Zara,ZaraWomen's WearPlus,1342,586.29,755.71,2026-07-15,Yes
P04387,Fashion,Men's Wear,Allen Solly,Allen SollyMen's WearStandard,2349,1424.53,924.47,2022-06-09,Yes
P04388,Fashion,Footwear,Puma,PumaFootwearStandard,3866,2109.02,1756.98,2025-01-16,Yes
P04389,Electronics,Laptops,Acer,AcerLaptopsPlus,177363,154240.9,23122.1,2019-12-08,Yes
P04390,Grocery,Cooking Oil,Fortune,FortuneCooking OilStandard,1692,1487.34,204.66,2020-04-28,No
P04391,Fashion,Footwear,Skechers,SkechersFootwearMax,14635,7514.79,7120.21,2022-06-03,Yes
P04392,Fashion,Men's Wear,Louis Philippe,Louis PhilippeMen's WearElite,14138,8733.27,5404.73,2024-09-28,Yes
P04393,Grocery,Cooking Oil,Fortune,FortuneCooking OilPremium,1643,1491.3,151.7,2022-09-12,Yes
P04394,Electronics,Smartphones,Motorola,MotorolaSmartphonesPro,122748,98762.11,23985.89,2024-02-11,Yes
P04395,Electronics,Smartphones,Google,GoogleSmartphonesElite,104367,83616.21,20750.79,2023-12-08,Yes
P04396,Grocery,Beverages,Pepsi,PepsiBeveragesElite,1092,983.29,108.71,2018-09-24,No
P04397,Electronics,Televisions,LG,LGTelevisionsMax,175719,153202.42,22516.58,2023-05-14,Yes
P04398,Fashion,Men's Wear,Levi's,Levi'sMen's WearPremium,12437,6107.72,6329.28,2023-09-17,Yes
P04399,Electronics,Laptops,Lenovo,LenovoLaptopsElite,110197,97108.96,13088.04,2022-01-23,Yes
P04400,Grocery,Rice,Fortune,FortuneRiceStandard,1223,1044.22,178.78,2018-09-24,Yes
P04401,Grocery,Cooking Oil,Fortune,FortuneCooking OilStandard,1280,1114.17,165.83,2020-08-28,Yes
P04402,Grocery,Beverages,Coca-Cola,Coca-ColaBeveragesStandard,1185,1047.71,137.29,2024-07-02,Yes
P04403,Electronics,Televisions,LG,LGTelevisionsPremium,182177,158849.97,23327.03,2021-11-08,Yes
P04404,Electronics,Televisions,TCL,TCLTelevisionsMax,49829,44585.21,5243.79,2022-06-18,Yes
P04405,Grocery,Beverages,7UP,7UPBeveragesPro,300,282.25,17.75,2024-10-14,Yes
P04406,Fashion,Women's Wear,Biba,BibaWomen's WearPlus,14488,6486.14,8001.86,2024-02-10,Yes
P04407,Fashion,Women's Wear,H&M,H&MWomen's WearPro,4194,2315.28,1878.72,2022-02-28,Yes
P04408,Grocery,Beverages,Coca-Cola,Coca-ColaBeveragesElite,681,598.86,82.14,2019-02-03,Yes
P04409,Fashion,Women's Wear,H&M,H&MWomen's WearPremium,8183,5502.99,2680.01,2021-01-07,Yes
P04410,Grocery,Rice,India Gate,India GateRiceMax,1656,1435.5,220.5,2021-07-03,Yes
P04411,Grocery,Cooking Oil,Fortune,FortuneCooking OilPro,1229,1123.03,105.97,2024-03-11,Yes
P04412,Fashion,Women's Wear,W,WWomen's WearMax,8679,4805.0,3874.0,2019-07-26,Yes
P04413,Grocery,Cooking Oil,Fortune,FortuneCooking OilElite,1027,958.56,68.44,2022-03-07,Yes
P04414,Fashion,Men's Wear,Levi's,Levi'sMen's WearMax,575,255.15,319.85,2025-01-27,Yes
P04415,Electronics,Smartphones,Apple,AppleSmartphonesPlus,26979,21947.1,5031.9,2019-03-18,Yes
P04416,Electronics,Laptops,Lenovo,LenovoLaptopsPremium,33001,26670.7,6330.3,2020-09-27,Yes
P04417,Electronics,Televisions,Panasonic,PanasonicTelevisionsStandard,159736,142705.77,17030.23,2020-06-29,Yes
P04418,Grocery,Beverages,Sprite,SpriteBeveragesStandard,1098,1003.53,94.47,2020-03-28,Yes
P04419,Grocery,Cooking Oil,Saffola,SaffolaCooking OilPremium,1830,1728.87,101.13,2020-11-01,Yes
P04420,Fashion,Footwear,Skechers,SkechersFootwearMax,5948,2939.37,3008.63,2024-09-11,Yes
P04421,Fashion,Women's Wear,Biba,BibaWomen's WearPlus,881,365.95,515.05,2025-12-05,Yes
P04422,Electronics,Smartphones,Apple,AppleSmartphonesMax,100997,90486.37,10510.63,2021-05-05,Yes
P04423,Fashion,Men's Wear,US Polo,US PoloMen's WearElite,2517,1050.9,1466.1,2025-10-11,Yes
P04424,Fashion,Footwear,Adidas,AdidasFootwearPlus,5061,2618.28,2442.72,2021-06-11,Yes
P04425,Fashion,Women's Wear,W,WWomen's WearElite,2007,1279.71,727.29,2026-05-19,Yes
P04426,Fashion,Women's Wear,W,WWomen's WearElite,5683,3079.37,2603.63,2021-01-26,Yes
P04427,Fashion,Footwear,Puma,PumaFootwearPro,9219,4272.06,4946.94,2026-07-17,Yes
P04428,Grocery,Cooking Oil,Fortune,FortuneCooking OilPro,1286,1122.75,163.25,2018-08-20,Yes
P04429,Grocery,Cooking Oil,Saffola,SaffolaCooking OilElite,1808,1665.58,142.42,2019-08-11,Yes
P04430,Grocery,Beverages,Sprite,SpriteBeveragesStandard,1034,880.22,153.78,2023-12-28,Yes
P04431,Electronics,Televisions,Sony,SonyTelevisionsStandard,119003,103448.96,15554.04,2019-02-04,Yes
P04432,Electronics,Smartphones,Google,GoogleSmartphonesElite,120432,101805.75,18626.25,2022-02-18,Yes
P04433,Fashion,Men's Wear,Levi's,Levi'sMen's WearStandard,12015,5631.82,6383.18,2019-05-24,Yes
P04434,Fashion,Men's Wear,Levi's,Levi'sMen's WearPro,446,241.47,204.53,2025-04-29,Yes
P04435,Grocery,Rice,Fortune,FortuneRiceElite,1575,1455.71,119.29,2024-07-17,Yes
P04436,Grocery,Beverages,Pepsi,PepsiBeveragesMax,1119,969.54,149.46,2022-06-21,Yes
P04437,Fashion,Women's Wear,Global Desi,Global DesiWomen's WearMax,10025,5952.8,4072.2,2026-04-24,Yes
P04438,Electronics,Smartphones,Google,GoogleSmartphonesMax,131178,109565.56,21612.44,2018-11-27,Yes
P04439,Fashion,Men's Wear,Allen Solly,Allen SollyMen's WearPremium,12174,5909.75,6264.25,2021-04-25,Yes
P04440,Fashion,Footwear,Skechers,SkechersFootwearStandard,4011,2548.19,1462.81,2026-04-24,Yes
P04441,Electronics,Laptops,HP,HPLaptopsElite,96841,86608.04,10232.96,2018-10-18,Yes
P04442,Electronics,Smartphones,Apple,AppleSmartphonesPro,115242,92346.69,22895.31,2020-01-03,Yes
P04443,Electronics,Smartphones,Samsung,SamsungSmartphonesPro,99832,86665.47,13166.53,2020-11-25,Yes
P04444,Grocery,Beverages,Coca-Cola,Coca-ColaBeveragesPro,33,31.3,1.7,2019-11-11,Yes
P04445,Fashion,Men's Wear,Van Heusen,Van HeusenMen's WearPlus,4374,2764.91,1609.09,2025-06-30,Yes
P04446,Fashion,Footwear,Bata,BataFootwearPremium,6952,4311.03,2640.97,2019-01-30,Yes
P04447,Grocery,Beverages,7UP,7UPBeveragesPlus,1744,1580.85,163.15,2025-09-06,Yes
P04448,Grocery,Rice,India Gate,India GateRicePro,1184,1062.42,121.58,2024-03-29,Yes
P04449,Electronics,Smartphones,OnePlus,OnePlusSmartphonesPlus,119193,98841.97,20351.03,2019-07-01,Yes
P04450,Fashion,Men's Wear,US Polo,US PoloMen's WearMax,1471,592.11,878.89,2024-09-03,Yes
P04451,Fashion,Men's Wear,Van Heusen,Van HeusenMen's WearMax,10343,7155.1,3187.9,2025-03-13,Yes
P04452,Fashion,Men's Wear,Van Heusen,Van HeusenMen's WearPremium,12360,8611.74,3748.26,2024-10-27,Yes
P04453,Electronics,Laptops,Lenovo,LenovoLaptopsPremium,76465,64115.03,12349.97,2026-07-21,Yes
P04454,Fashion,Men's Wear,Louis Philippe,Louis PhilippeMen's WearElite,14075,6030.17,8044.83,2018-10-10,Yes
P04455,Fashion,Footwear,Adidas,AdidasFootwearElite,1690,918.46,771.54,2020-03-12,Yes
P04456,Fashion,Women's Wear,W,WWomen's WearPremium,2767,1474.64,1292.36,2022-07-01,Yes
P04457,Electronics,Laptops,Acer,AcerLaptopsStandard,74301,65532.6,8768.4,2019-01-09,Yes
P04458,Electronics,Televisions,TCL,TCLTelevisionsPro,168958,138701.78,30256.22,2022-09-15,Yes
P04459,Fashion,Footwear,Skechers,SkechersFootwearPro,491,241.81,249.19,2024-09-12,Yes
P04460,Grocery,Rice,India Gate,India GateRiceStandard,363,313.17,49.83,2026-05-10,Yes
P04461,Fashion,Women's Wear,Biba,BibaWomen's WearPro,2740,1691.68,1048.32,2019-02-25,Yes
P04462,Grocery,Rice,India Gate,India GateRiceElite,1266,1077.86,188.14,2024-05-11,Yes
P04463,Fashion,Women's Wear,W,WWomen's WearPlus,8862,3806.25,5055.75,2021-11-03,Yes
P04464,Electronics,Smartphones,Apple,AppleSmartphonesPro,6618,5420.12,1197.88,2019-02-03,Yes
P04465,Electronics,Laptops,Asus,AsusLaptopsMax,178149,149081.32,29067.68,2024-01-11,Yes
P04466,Fashion,Footwear,Bata,BataFootwearPremium,11128,4640.94,6487.06,2019-05-07,Yes
P04467,Grocery,Cooking Oil,Saffola,SaffolaCooking OilElite,1649,1500.88,148.12,2020-07-12,Yes
P04468,Fashion,Footwear,Adidas,AdidasFootwearPremium,13792,9498.76,4293.24,2025-10-07,Yes
P04469,Fashion,Men's Wear,Allen Solly,Allen SollyMen's WearPlus,8445,5096.46,3348.54,2026-05-01,Yes
P04470,Electronics,Smartphones,Apple,AppleSmartphonesPremium,51730,41915.81,9814.19,2018-10-25,Yes
P04471,Electronics,Smartphones,OnePlus,OnePlusSmartphonesElite,33353,27128.37,6224.63,2020-08-16,Yes
P04472,Fashion,Men's Wear,Louis Philippe,Louis PhilippeMen's WearMax,13191,9108.4,4082.6,2024-08-31,Yes
P04473,Electronics,Televisions,Samsung,SamsungTelevisionsStandard,199771,178185.5,21585.5,2021-04-08,Yes
P04474,Fashion,Women's Wear,H&M,H&MWomen's WearStandard,12075,5277.45,6797.55,2021-09-02,Yes
P04475,Electronics,Smartphones,Apple,AppleSmartphonesPremium,20268,16893.65,3374.35,2022-02-15,Yes
P04476,Fashion,Footwear,Bata,BataFootwearPro,4458,2130.22,2327.78,2024-10-25,Yes
P04477,Grocery,Cooking Oil,Dhara,DharaCooking OilMax,1712,1484.89,227.11,2022-04-01,Yes
P04478,Fashion,Women's Wear,Global Desi,Global DesiWomen's WearPro,7218,3175.28,4042.72,2024-07-08,Yes
P04479,Electronics,Televisions,Sony,SonyTelevisionsPro,144765,129314.87,15450.13,2021-04-29,Yes
P04480,Grocery,Rice,Daawat,DaawatRiceStandard,1202,1120.66,81.34,2019-06-30,Yes
P04481,Electronics,Smartphones,Google,GoogleSmartphonesElite,174711,142618.29,32092.71,2021-09-19,Yes
P04482,Fashion,Women's Wear,Biba,BibaWomen's WearMax,10916,6531.67,4384.33,2022-05-29,Yes
P04483,Fashion,Women's Wear,Biba,BibaWomen's WearPlus,9801,5586.91,4214.09,2024-02-08,Yes
P04484,Electronics,Smartphones,Motorola,MotorolaSmartphonesPlus,137369,110484.83,26884.17,2021-12-04,Yes
P04485,Grocery,Cooking Oil,Saffola,SaffolaCooking OilElite,1002,919.01,82.99,2021-08-17,Yes
P04486,Electronics,Laptops,HP,HPLaptopsPlus,49493,42802.25,6690.75,2019-07-30,Yes
P04487,Electronics,Televisions,Sony,SonyTelevisionsPlus,76085,62036.56,14048.44,2026-05-10,Yes
P04488,Fashion,Women's Wear,H&M,H&MWomen's WearMax,5813,3606.03,2206.97,2019-09-30,Yes
P04489,Fashion,Men's Wear,Allen Solly,Allen SollyMen's WearPro,8756,5872.24,2883.76,2020-09-22,Yes
P04490,Electronics,Smartphones,Samsung,SamsungSmartphonesPro,40688,36279.05,4408.95,2024-03-07,Yes
P04491,Electronics,Televisions,TCL,TCLTelevisionsElite,139946,119200.8,20745.2,2020-10-09,Yes
P04492,Fashion,Women's Wear,Zara,ZaraWomen's WearPremium,13254,8686.99,4567.01,2021-08-30,Yes
P04493,Electronics,Laptops,Asus,AsusLaptopsPro,77402,68506.02,8895.98,2020-03-12,Yes
P04494,Grocery,Beverages,7UP,7UPBeveragesStandard,1448,1345.37,102.63,2024-07-24,Yes
P04495,Electronics,Laptops,Acer,AcerLaptopsPremium,92785,79579.2,13205.8,2018-11-29,Yes
P04496,Fashion,Women's Wear,W,WWomen's WearStandard,9990,6334.74,3655.26,2018-12-20,Yes
P04497,Grocery,Rice,India Gate,India GateRiceStandard,1867,1640.7,226.3,2021-11-24,Yes
P04498,Electronics,Smartphones,Google,GoogleSmartphonesPremium,68384,56871.23,11512.77,2024-01-11,Yes
P04499,Electronics,Televisions,TCL,TCLTelevisionsElite,28306,23710.09,4595.91,2023-02-05,Yes
P04500,Grocery,Cooking Oil,Fortune,FortuneCooking OilMax,1233,1100.31,132.69,2024-09-04,Yes
P04501,Electronics,Laptops,Dell,DellLaptopsPlus,65082,55010.1,10071.9,2024-04-17,Yes
P04502,Fashion,Women's Wear,H&M,H&MWomen's WearElite,13084,6353.21,6730.79,2026-06-30,Yes
P04503,Electronics,Smartphones,Apple,AppleSmartphonesMax,37471,32338.75,5132.25,2022-02-06,Yes
P04504,Grocery,Cooking Oil,Fortune,FortuneCooking OilMax,265,249.34,15.66,2020-07-18,Yes
P04505,Grocery,Beverages,7UP,7UPBeveragesPro,1641,1517.83,123.17,2019-04-01,Yes
P04506,Grocery,Rice,Fortune,FortuneRiceMax,821,737.65,83.35,2022-02-28,Yes
P04507,Fashion,Footwear,Puma,PumaFootwearPro,4677,2320.61,2356.39,2021-02-19,Yes
P04508,Grocery,Cooking Oil,Saffola,SaffolaCooking OilStandard,873,785.77,87.23,2022-11-03,Yes
P04509,Grocery,Rice,Daawat,DaawatRiceStandard,1741,1526.82,214.18,2019-01-17,Yes
P04510,Grocery,Rice,Daawat,DaawatRicePremium,757,709.51,47.49,2023-03-19,Yes
P04511,Electronics,Televisions,TCL,TCLTelevisionsStandard,92296,74782.18,17513.82,2020-05-15,Yes
P04512,Grocery,Cooking Oil,Saffola,SaffolaCooking OilPlus,436,373.51,62.49,2020-10-18,Yes
P04513,Fashion,Men's Wear,Louis Philippe,Louis PhilippeMen's WearPremium,8314,4988.58,3325.42,2020-02-25,Yes
P04514,Electronics,Smartphones,Motorola,MotorolaSmartphonesPremium,199085,174327.64,24757.36,2021-10-04,Yes
P04515,Fashion,Men's Wear,Van Heusen,Van HeusenMen's WearMax,500,292.18,207.82,2021-04-16,Yes
P04516,Grocery,Cooking Oil,Fortune,FortuneCooking OilElite,1449,1267.45,181.55,2026-07-22,Yes
P04517,Fashion,Men's Wear,Levi's,Levi'sMen's WearPlus,3003,1586.68,1416.32,2020-12-26,Yes
P04518,Fashion,Men's Wear,US Polo,US PoloMen's WearPlus,9778,4624.78,5153.22,2026-05-04,Yes
P04519,Grocery,Cooking Oil,Fortune,FortuneCooking OilElite,1489,1409.91,79.09,2021-10-22,Yes
P04520,Fashion,Men's Wear,Louis Philippe,Louis PhilippeMen's WearPremium,4032,2691.23,1340.77,2022-09-15,Yes
P04521,Fashion,Women's Wear,Biba,BibaWomen's WearMax,9276,5366.01,3909.99,2024-08-01,Yes
P04522,Electronics,Laptops,Lenovo,LenovoLaptopsPremium,39735,33460.39,6274.61,2021-08-02,Yes
P04523,Electronics,Smartphones,Samsung,SamsungSmartphonesPremium,153007,134399.35,18607.65,2022-07-08,Yes
P04524,Fashion,Men's Wear,Allen Solly,Allen SollyMen's WearElite,9102,5730.88,3371.12,2025-11-08,Yes
P04525,Grocery,Cooking Oil,Fortune,FortuneCooking OilPremium,1294,1157.87,136.13,2019-11-17,Yes
P04526,Electronics,Laptops,Lenovo,LenovoLaptopsPlus,65013,55322.91,9690.09,2018-12-23,Yes
P04527,Fashion,Men's Wear,Levi's,Levi'sMen's WearPlus,3379,1845.91,1533.09,2022-01-03,Yes
P04528,Electronics,Televisions,Samsung,SamsungTelevisionsPlus,190912,158208.95,32703.05,2023-09-05,Yes
P04529,Electronics,Laptops,Acer,AcerLaptopsMax,73672,61021.01,12650.99,2023-12-08,Yes
P04530,Fashion,Footwear,Skechers,SkechersFootwearPlus,10933,5464.54,5468.46,2018-08-07,Yes
P04531,Electronics,Smartphones,Motorola,MotorolaSmartphonesPlus,171668,140334.4,31333.6,2025-02-21,Yes
P04532,Fashion,Men's Wear,Allen Solly,Allen SollyMen's WearMax,1532,1070.71,461.29,2022-08-28,Yes
P04533,Fashion,Footwear,Puma,PumaFootwearStandard,9628,4322.4,5305.6,2018-08-09,Yes
P04534,Fashion,Footwear,Bata,BataFootwearPro,12330,5363.76,6966.24,2022-07-06,Yes
P04535,Grocery,Cooking Oil,Fortune,FortuneCooking OilPremium,1264,1182.97,81.03,2021-04-08,Yes
P04536,Electronics,Televisions,TCL,TCLTelevisionsElite,68065,59463.25,8601.75,2026-05-26,Yes
P04537,Fashion,Men's Wear,Van Heusen,Van HeusenMen's WearMax,3727,1503.59,2223.41,2023-01-23,Yes
P04538,Fashion,Footwear,Skechers,SkechersFootwearPro,4216,2726.65,1489.35,2025-08-26,Yes
P04539,Electronics,Televisions,Samsung,SamsungTelevisionsStandard,101170,88830.32,12339.68,2025-01-22,No
P04540,Fashion,Footwear,Nike,NikeFootwearPlus,11040,5791.24,5248.76,2024-12-29,Yes
P04541,Fashion,Women's Wear,Global Desi,Global DesiWomen's WearPro,13447,8604.57,4842.43,2022-01-31,Yes
P04542,Fashion,Footwear,Puma,PumaFootwearPremium,1208,776.31,431.69,2019-09-29,Yes
P04543,Electronics,Televisions,Panasonic,PanasonicTelevisionsElite,125730,110645.43,15084.57,2025-06-19,Yes
P04544,Grocery,Cooking Oil,Saffola,SaffolaCooking OilPlus,1312,1163.85,148.15,2020-02-05,Yes
P04545,Electronics,Televisions,TCL,TCLTelevisionsPlus,168121,136369.81,31751.19,2018-09-09,Yes
P04546,Grocery,Rice,Fortune,FortuneRicePro,1418,1239.49,178.51,2026-06-07,Yes
P04547,Grocery,Cooking Oil,Fortune,FortuneCooking OilStandard,129,111.16,17.84,2023-09-01,Yes
P04548,Grocery,Beverages,Coca-Cola,Coca-ColaBeveragesStandard,1929,1756.5,172.5,2023-04-24,Yes
P04549,Fashion,Men's Wear,US Polo,US PoloMen's WearMax,1417,751.56,665.44,2024-08-10,Yes
P04550,Electronics,Smartphones,Google,GoogleSmartphonesPlus,3115,2737.4,377.6,2023-05-12,Yes
P04551,Grocery,Beverages,7UP,7UPBeveragesPremium,43,39.57,3.43,2020-11-08,Yes
P04552,Fashion,Footwear,Bata,BataFootwearMax,13340,7528.58,5811.42,2020-03-15,Yes
P04553,Electronics,Televisions,Samsung,SamsungTelevisionsPlus,19173,15641.14,3531.86,2025-03-15,Yes
P04554,Fashion,Footwear,Adidas,AdidasFootwearMax,3863,1902.22,1960.78,2025-03-25,Yes
P04555,Electronics,Smartphones,OnePlus,OnePlusSmartphonesPro,25430,22532.14,2897.86,2020-03-18,Yes
P04556,Fashion,Men's Wear,US Polo,US PoloMen's WearPlus,4464,2507.82,1956.18,2025-04-17,Yes
P04557,Electronics,Smartphones,Samsung,SamsungSmartphonesElite,72692,64284.61,8407.39,2019-10-01,Yes
P04558,Grocery,Rice,Fortune,FortuneRiceMax,1557,1478.31,78.69,2026-04-06,Yes
P04559,Fashion,Footwear,Bata,BataFootwearStandard,14697,6075.96,8621.04,2021-12-23,Yes
P04560,Grocery,Beverages,Coca-Cola,Coca-ColaBeveragesElite,1778,1551.59,226.41,2018-12-28,Yes
P04561,Grocery,Rice,India Gate,India GateRiceMax,1609,1402.65,206.35,2025-03-02,Yes
P04562,Fashion,Footwear,Adidas,AdidasFootwearPlus,1966,1125.03,840.97,2022-01-20,Yes
P04563,Fashion,Men's Wear,Levi's,Levi'sMen's WearMax,6775,4255.54,2519.46,2023-04-22,Yes
P04564,Fashion,Men's Wear,Levi's,Levi'sMen's WearPro,5360,3606.23,1753.77,2023-07-25,Yes
P04565,Electronics,Televisions,Samsung,SamsungTelevisionsMax,156648,136266.34,20381.66,2024-11-07,Yes
P04566,Electronics,Televisions,LG,LGTelevisionsMax,192109,154697.12,37411.88,2023-12-06,Yes
P04567,Grocery,Beverages,7UP,7UPBeveragesElite,1082,955.21,126.79,2025-10-04,Yes
P04568,Grocery,Cooking Oil,Dhara,DharaCooking OilPremium,882,754.76,127.24,2019-02-10,Yes
P04569,Fashion,Women's Wear,Zara,ZaraWomen's WearElite,3414,2013.17,1400.83,2021-07-09,Yes
P04570,Grocery,Beverages,Pepsi,PepsiBeveragesMax,810,709.09,100.91,2021-09-16,Yes
P04571,Grocery,Cooking Oil,Fortune,FortuneCooking OilStandard,527,483.01,43.99,2021-03-24,Yes
P04572,Electronics,Televisions,Panasonic,PanasonicTelevisionsPremium,152516,126006.92,26509.08,2025-03-02,Yes
P04573,Fashion,Women's Wear,Biba,BibaWomen's WearMax,5610,3687.95,1922.05,2022-07-04,Yes
P04574,Fashion,Footwear,Nike,NikeFootwearMax,1999,1185.66,813.34,2021-06-17,Yes
P04575,Fashion,Women's Wear,Global Desi,Global DesiWomen's WearElite,9157,6182.89,2974.11,2021-04-09,Yes
P04576,Electronics,Smartphones,Samsung,SamsungSmartphonesElite,188047,151120.04,36926.96,2023-01-08,Yes
P04577,Fashion,Footwear,Bata,BataFootwearPremium,7975,5434.72,2540.28,2019-12-17,Yes
P04578,Grocery,Beverages,Pepsi,PepsiBeveragesStandard,513,465.55,47.45,2025-02-26,Yes
P04579,Fashion,Men's Wear,Levi's,Levi'sMen's WearPlus,4702,2694.76,2007.24,2025-03-03,Yes
P04580,Electronics,Smartphones,OnePlus,OnePlusSmartphonesMax,28565,24276.74,4288.26,2026-04-29,Yes
P04581,Fashion,Men's Wear,Louis Philippe,Louis PhilippeMen's WearMax,12847,5805.48,7041.52,2025-06-06,Yes
P04582,Fashion,Women's Wear,Biba,BibaWomen's WearMax,10517,4596.17,5920.83,2022-07-20,Yes
P04583,Grocery,Beverages,Pepsi,PepsiBeveragesMax,237,213.27,23.73,2020-02-27,Yes
P04584,Electronics,Smartphones,Apple,AppleSmartphonesPro,109717,96310.36,13406.64,2021-03-30,Yes
P04585,Fashion,Footwear,Nike,NikeFootwearElite,12168,7336.45,4831.55,2025-07-01,Yes
P04586,Electronics,Smartphones,Google,GoogleSmartphonesPro,144049,128912.26,15136.74,2026-04-12,Yes
P04587,Electronics,Smartphones,OnePlus,OnePlusSmartphonesPro,56320,45494.05,10825.95,2020-04-15,Yes
P04588,Electronics,Smartphones,OnePlus,OnePlusSmartphonesPremium,51220,43186.43,8033.57,2025-05-13,Yes
P04589,Grocery,Cooking Oil,Dhara,DharaCooking OilStandard,659,587.21,71.79,2025-09-23,Yes
P04590,Electronics,Smartphones,Motorola,MotorolaSmartphonesMax,53225,45369.97,7855.03,2026-02-07,Yes
P04591,Grocery,Cooking Oil,Saffola,SaffolaCooking OilElite,1404,1286.51,117.49,2022-11-01,Yes
P04592,Electronics,Televisions,LG,LGTelevisionsPremium,60187,51829.29,8357.71,2022-06-05,Yes
P04593,Grocery,Rice,Fortune,FortuneRiceMax,415,369.73,45.27,2024-05-09,Yes
P04594,Electronics,Televisions,Panasonic,PanasonicTelevisionsElite,71836,62320.87,9515.13,2018-10-12,Yes
P04595,Fashion,Women's Wear,Global Desi,Global DesiWomen's WearPremium,6474,2741.68,3732.32,2025-03-13,Yes
P04596,Electronics,Laptops,Acer,AcerLaptopsPlus,193411,158245.44,35165.56,2024-10-01,Yes
P04597,Electronics,Laptops,Dell,DellLaptopsPro,10636,8797.06,1838.94,2024-04-10,Yes
P04598,Grocery,Rice,Fortune,FortuneRiceElite,1890,1768.86,121.14,2021-01-21,Yes
P04599,Fashion,Women's Wear,W,WWomen's WearElite,753,469.6,283.4,2025-08-28,Yes
P04600,Fashion,Women's Wear,Biba,BibaWomen's WearPro,11568,6869.69,4698.31,2025-07-16,Yes
P04601,Electronics,Smartphones,Apple,AppleSmartphonesElite,122667,104723.27,17943.73,2023-06-11,Yes
P04602,Fashion,Women's Wear,W,WWomen's WearMax,11100,7082.33,4017.67,2024-11-05,Yes
P04603,Grocery,Cooking Oil,Fortune,FortuneCooking OilMax,1104,1001.16,102.84,2025-05-30,Yes
P04604,Grocery,Beverages,Sprite,SpriteBeveragesStandard,1317,1200.16,116.84,2022-11-13,Yes
P04605,Fashion,Men's Wear,Levi's,Levi'sMen's WearStandard,12012,6481.44,5530.56,2023-09-14,Yes
P04606,Grocery,Cooking Oil,Dhara,DharaCooking OilPremium,1608,1400.88,207.12,2025-08-06,Yes
P04607,Grocery,Rice,Daawat,DaawatRicePlus,352,327.41,24.59,2023-05-01,Yes
P04608,Grocery,Beverages,Coca-Cola,Coca-ColaBeveragesStandard,1825,1704.92,120.08,2020-10-07,Yes
P04609,Grocery,Cooking Oil,Dhara,DharaCooking OilStandard,429,396.23,32.77,2025-09-09,Yes
P04610,Electronics,Laptops,Dell,DellLaptopsMax,62573,53410.04,9162.96,2024-08-15,Yes
P04611,Electronics,Televisions,LG,LGTelevisionsPro,169111,144705.4,24405.6,2020-09-27,Yes
P04612,Electronics,Smartphones,Apple,AppleSmartphonesPremium,176066,152723.1,23342.9,2019-12-02,Yes
P04613,Electronics,Televisions,Sony,SonyTelevisionsPlus,112476,91976.92,20499.08,2022-06-25,Yes
P04614,Fashion,Women's Wear,Zara,ZaraWomen's WearPremium,13804,8286.02,5517.98,2022-10-06,Yes
P04615,Grocery,Rice,Daawat,DaawatRicePremium,1284,1174.39,109.61,2023-08-26,Yes
P04616,Electronics,Televisions,Samsung,SamsungTelevisionsStandard,27550,22856.17,4693.83,2019-01-26,Yes
P04617,Electronics,Televisions,Samsung,SamsungTelevisionsPremium,65620,55687.73,9932.27,2025-01-13,Yes
P04618,Electronics,Laptops,Dell,DellLaptopsPlus,134302,109265.91,25036.09,2022-05-13,Yes
P04619,Fashion,Footwear,Adidas,AdidasFootwearPlus,9483,4355.06,5127.94,2019-05-12,Yes
P04620,Grocery,Beverages,Coca-Cola,Coca-ColaBeveragesPremium,1311,1221.07,89.93,2019-09-24,Yes
P04621,Grocery,Cooking Oil,Saffola,SaffolaCooking OilPlus,1320,1125.69,194.31,2022-01-18,Yes
P04622,Grocery,Cooking Oil,Fortune,FortuneCooking OilPro,580,498.37,81.63,2025-10-12,Yes
P04623,Fashion,Women's Wear,Zara,ZaraWomen's WearPremium,5817,3014.63,2802.37,2026-04-24,Yes
P04624,Electronics,Laptops,Acer,AcerLaptopsStandard,25389,22224.41,3164.59,2025-01-15,Yes
P04625,Electronics,Smartphones,Apple,AppleSmartphonesMax,37075,32544.46,4530.54,2021-05-17,Yes
P04626,Grocery,Rice,Daawat,DaawatRiceMax,888,823.62,64.38,2021-01-29,Yes
P04627,Grocery,Rice,India Gate,India GateRicePro,1968,1682.17,285.83,2019-09-18,Yes
P04628,Grocery,Cooking Oil,Saffola,SaffolaCooking OilPro,1629,1459.43,169.57,2018-08-09,Yes
P04629,Grocery,Beverages,7UP,7UPBeveragesPro,1799,1675.47,123.53,2019-03-04,Yes
P04630,Electronics,Smartphones,Samsung,SamsungSmartphonesPro,162473,141442.06,21030.94,2023-07-12,Yes
P04631,Grocery,Rice,India Gate,India GateRiceElite,1140,1017.64,122.36,2019-04-13,Yes
P04632,Electronics,Laptops,Lenovo,LenovoLaptopsElite,180502,160166.12,20335.88,2020-04-29,Yes
P04633,Grocery,Rice,India Gate,India GateRiceStandard,1867,1611.3,255.7,2023-03-27,Yes
P04634,Grocery,Rice,Fortune,FortuneRiceMax,587,545.49,41.51,2019-11-12,Yes
P04635,Electronics,Laptops,Lenovo,LenovoLaptopsPro,94599,82262.81,12336.19,2020-07-17,Yes
P04636,Fashion,Men's Wear,Van Heusen,Van HeusenMen's WearPremium,6667,3465.11,3201.89,2019-04-01,Yes
P04637,Electronics,Televisions,Panasonic,PanasonicTelevisionsStandard,65915,57718.37,8196.63,2024-08-09,Yes
P04638,Electronics,Smartphones,Samsung,SamsungSmartphonesPlus,194070,160149.64,33920.36,2023-06-17,Yes
P04639,Electronics,Laptops,Dell,DellLaptopsElite,164126,135761.22,28364.78,2025-05-18,Yes
P04640,Grocery,Beverages,7UP,7UPBeveragesPro,1943,1660.69,282.31,2023-07-26,Yes
P04641,Fashion,Men's Wear,Allen Solly,Allen SollyMen's WearStandard,13373,5994.91,7378.09,2019-09-01,No
P04642,Fashion,Footwear,Bata,BataFootwearElite,9994,5436.94,4557.06,2023-05-24,Yes
P04643,Grocery,Cooking Oil,Saffola,SaffolaCooking OilPlus,837,793.63,43.37,2020-07-12,Yes
P04644,Electronics,Televisions,Panasonic,PanasonicTelevisionsMax,14811,12756.54,2054.46,2024-12-14,Yes
P04645,Grocery,Rice,Fortune,FortuneRiceElite,535,478.24,56.76,2022-03-14,Yes
P04646,Grocery,Rice,Daawat,DaawatRicePlus,243,226.39,16.61,2020-11-16,Yes
P04647,Grocery,Beverages,7UP,7UPBeveragesPlus,503,452.16,50.84,2026-05-07,Yes
P04648,Electronics,Smartphones,Samsung,SamsungSmartphonesElite,11962,9881.2,2080.8,2026-06-25,Yes
P04649,Grocery,Cooking Oil,Saffola,SaffolaCooking OilPremium,1189,1018.24,170.76,2018-10-23,Yes
P04650,Fashion,Men's Wear,Allen Solly,Allen SollyMen's WearMax,6619,4373.52,2245.48,2022-05-29,Yes
P04651,Electronics,Laptops,Lenovo,LenovoLaptopsElite,120627,99080.05,21546.95,2023-04-07,Yes
P04652,Electronics,Smartphones,Samsung,SamsungSmartphonesStandard,25238,22407.44,2830.56,2026-04-09,Yes
P04653,Grocery,Cooking Oil,Fortune,FortuneCooking OilMax,1693,1581.27,111.73,2023-08-05,Yes
P04654,Grocery,Rice,Daawat,DaawatRiceMax,1170,1069.09,100.91,2024-04-18,Yes
P04655,Fashion,Men's Wear,Louis Philippe,Louis PhilippeMen's WearPro,13954,8431.05,5522.95,2020-02-28,Yes
P04656,Fashion,Men's Wear,Allen Solly,Allen SollyMen's WearPro,8699,5224.2,3474.8,2022-02-25,Yes
P04657,Electronics,Televisions,TCL,TCLTelevisionsPro,77107,66107.65,10999.35,2021-08-05,Yes
P04658,Grocery,Beverages,Sprite,SpriteBeveragesPro,1826,1669.67,156.33,2025-07-30,Yes
P04659,Grocery,Beverages,7UP,7UPBeveragesPlus,831,717.85,113.15,2023-07-16,Yes
P04660,Fashion,Women's Wear,Zara,ZaraWomen's WearMax,13993,6081.15,7911.85,2025-11-12,Yes
P04661,Fashion,Footwear,Nike,NikeFootwearMax,7397,3720.22,3676.78,2026-03-06,Yes
P04662,Electronics,Laptops,HP,HPLaptopsMax,180440,156235.94,24204.06,2022-07-02,Yes
P04663,Fashion,Men's Wear,US Polo,US PoloMen's WearPremium,14924,6602.22,8321.78,2019-02-25,No
P04664,Fashion,Footwear,Bata,BataFootwearMax,829,371.92,457.08,2018-11-21,Yes
P04665,Electronics,Smartphones,Google,GoogleSmartphonesPremium,152874,130590.5,22283.5,2025-02-03,Yes
P04666,Fashion,Women's Wear,W,WWomen's WearPremium,7581,4239.05,3341.95,2026-02-18,No
P04667,Grocery,Beverages,7UP,7UPBeveragesPlus,636,580.59,55.41,2024-01-07,Yes
P04668,Grocery,Beverages,Coca-Cola,Coca-ColaBeveragesMax,245,229.06,15.94,2019-03-20,Yes
P04669,Electronics,Laptops,Dell,DellLaptopsPremium,186335,156075.48,30259.52,2020-02-22,Yes
P04670,Grocery,Rice,Fortune,FortuneRiceMax,821,734.19,86.81,2025-10-20,Yes
P04671,Grocery,Cooking Oil,Dhara,DharaCooking OilMax,1089,944.11,144.89,2020-11-07,Yes
P04672,Electronics,Laptops,Lenovo,LenovoLaptopsPlus,144014,125868.7,18145.3,2026-07-27,Yes
P04673,Grocery,Cooking Oil,Dhara,DharaCooking OilElite,1511,1285.42,225.58,2024-06-30,Yes
P04674,Fashion,Men's Wear,Louis Philippe,Louis PhilippeMen's WearPlus,13555,5796.28,7758.72,2023-08-09,Yes
P04675,Electronics,Laptops,Asus,AsusLaptopsPremium,99899,81282.38,18616.62,2023-12-05,Yes
P04676,Electronics,Laptops,Acer,AcerLaptopsStandard,127602,106094.3,21507.7,2021-01-05,Yes
P04677,Electronics,Televisions,Sony,SonyTelevisionsPlus,114465,96235.8,18229.2,2018-11-23,Yes
P04678,Grocery,Rice,Daawat,DaawatRiceElite,612,545.42,66.58,2025-09-15,Yes
P04679,Grocery,Beverages,Pepsi,PepsiBeveragesPremium,156,142.96,13.04,2026-05-04,Yes
P04680,Fashion,Footwear,Skechers,SkechersFootwearMax,5429,3538.7,1890.3,2020-06-29,Yes
P04681,Fashion,Women's Wear,Biba,BibaWomen's WearPlus,6705,4148.51,2556.49,2019-07-21,Yes
P04682,Grocery,Rice,India Gate,India GateRicePlus,710,620.12,89.88,2020-08-16,Yes
P04683,Electronics,Televisions,Samsung,SamsungTelevisionsPlus,29616,25902.12,3713.88,2025-03-22,Yes
P04684,Grocery,Cooking Oil,Fortune,FortuneCooking OilPro,346,322.63,23.37,2025-03-04,Yes
P04685,Fashion,Men's Wear,Allen Solly,Allen SollyMen's WearElite,11818,8130.18,3687.82,2024-05-13,Yes
P04686,Electronics,Smartphones,Motorola,MotorolaSmartphonesPlus,48497,40295.73,8201.27,2020-04-23,Yes
P04687,Fashion,Men's Wear,Levi's,Levi'sMen's WearPlus,13830,7775.44,6054.56,2025-01-18,Yes
P04688,Grocery,Beverages,Sprite,SpriteBeveragesPlus,168,157.53,10.47,2022-05-26,Yes
P04689,Grocery,Rice,Daawat,DaawatRiceMax,1183,1081.05,101.95,2022-03-08,Yes
P04690,Grocery,Cooking Oil,Dhara,DharaCooking OilPlus,1807,1623.97,183.03,2024-12-13,Yes
P04691,Electronics,Laptops,Lenovo,LenovoLaptopsMax,58749,51803.22,6945.78,2022-03-08,Yes
P04692,Fashion,Men's Wear,Levi's,Levi'sMen's WearStandard,11961,5554.65,6406.35,2025-01-07,Yes
P04693,Electronics,Televisions,Samsung,SamsungTelevisionsPro,92479,76323.31,16155.69,2024-05-22,Yes
P04694,Electronics,Laptops,HP,HPLaptopsStandard,72038,59492.47,12545.53,2022-06-19,Yes
P04695,Fashion,Footwear,Nike,NikeFootwearPlus,8487,5770.35,2716.65,2023-06-14,Yes
P04696,Grocery,Beverages,Fanta,FantaBeveragesStandard,390,362.16,27.84,2025-11-14,Yes
P04697,Electronics,Televisions,Samsung,SamsungTelevisionsPremium,178983,143619.06,35363.94,2024-11-12,Yes
P04698,Grocery,Cooking Oil,Saffola,SaffolaCooking OilStandard,915,779.35,135.65,2025-11-09,Yes
P04699,Electronics,Laptops,HP,HPLaptopsPro,164534,137377.5,27156.5,2021-05-10,Yes
P04700,Grocery,Rice,Fortune,FortuneRiceMax,1248,1119.59,128.41,2022-12-26,Yes
P04701,Electronics,Smartphones,OnePlus,OnePlusSmartphonesPlus,162901,144884.47,18016.53,2019-11-20,Yes
P04702,Grocery,Rice,Daawat,DaawatRicePro,278,263.28,14.72,2022-03-23,Yes
P04703,Grocery,Cooking Oil,Fortune,FortuneCooking OilPremium,536,509.08,26.92,2019-08-22,Yes
P04704,Electronics,Laptops,Lenovo,LenovoLaptopsElite,40726,34571.41,6154.59,2023-03-20,Yes
P04705,Electronics,Televisions,Panasonic,PanasonicTelevisionsElite,99776,86317.02,13458.98,2021-11-20,Yes
P04706,Fashion,Men's Wear,Allen Solly,Allen SollyMen's WearPremium,13645,7627.81,6017.19,2019-02-02,Yes
P04707,Grocery,Beverages,Sprite,SpriteBeveragesPro,1037,934.9,102.1,2025-01-19,Yes
P04708,Grocery,Beverages,7UP,7UPBeveragesPro,1566,1397.36,168.64,2023-10-04,Yes
P04709,Grocery,Cooking Oil,Dhara,DharaCooking OilPro,1433,1328.69,104.31,2019-07-25,Yes
P04710,Grocery,Rice,Daawat,DaawatRicePro,1429,1321.91,107.09,2019-12-01,Yes
P04711,Fashion,Women's Wear,Zara,ZaraWomen's WearMax,6878,2869.6,4008.4,2024-04-14,Yes
P04712,Grocery,Cooking Oil,Fortune,FortuneCooking OilMax,446,408.22,37.78,2019-07-25,Yes
P04713,Fashion,Women's Wear,Biba,BibaWomen's WearPremium,3408,1965.94,1442.06,2022-05-18,Yes
P04714,Fashion,Women's Wear,Zara,ZaraWomen's WearPremium,9919,5664.19,4254.81,2022-07-18,Yes
P04715,Fashion,Footwear,Puma,PumaFootwearPro,9359,6114.56,3244.44,2025-10-04,Yes
P04716,Fashion,Footwear,Adidas,AdidasFootwearPlus,9296,4223.5,5072.5,2021-04-13,Yes
P04717,Grocery,Beverages,7UP,7UPBeveragesPlus,1383,1216.84,166.16,2022-02-12,Yes
P04718,Grocery,Rice,Daawat,DaawatRiceStandard,1882,1707.99,174.01,2025-04-14,Yes
P04719,Grocery,Rice,India Gate,India GateRiceElite,1388,1244.28,143.72,2021-12-11,Yes
P04720,Fashion,Women's Wear,Zara,ZaraWomen's WearPlus,657,454.93,202.07,2022-01-15,Yes
P04721,Fashion,Men's Wear,Van Heusen,Van HeusenMen's WearPlus,3801,1545.2,2255.8,2020-05-17,Yes
P04722,Fashion,Men's Wear,Van Heusen,Van HeusenMen's WearPremium,14692,8144.11,6547.89,2025-02-20,Yes
P04723,Grocery,Cooking Oil,Saffola,SaffolaCooking OilStandard,1648,1412.97,235.03,2018-10-04,Yes
P04724,Electronics,Televisions,Panasonic,PanasonicTelevisionsStandard,155439,128291.53,27147.47,2021-11-15,Yes
P04725,Electronics,Laptops,HP,HPLaptopsPro,52238,46362.65,5875.35,2018-08-05,Yes
P04726,Grocery,Beverages,7UP,7UPBeveragesPremium,421,374.06,46.94,2022-11-28,Yes
P04727,Fashion,Women's Wear,Biba,BibaWomen's WearMax,10079,6328.87,3750.13,2020-10-29,Yes
P04728,Fashion,Women's Wear,Zara,ZaraWomen's WearPlus,5684,3727.13,1956.87,2021-07-04,Yes
P04729,Electronics,Televisions,LG,LGTelevisionsPro,41031,33589.57,7441.43,2022-10-27,Yes
P04730,Grocery,Cooking Oil,Fortune,FortuneCooking OilMax,1419,1207.07,211.93,2019-10-14,Yes
P04731,Grocery,Cooking Oil,Dhara,DharaCooking OilMax,1050,902.07,147.93,2018-08-13,Yes
P04732,Grocery,Beverages,Coca-Cola,Coca-ColaBeveragesMax,1758,1497.66,260.34,2019-02-04,Yes
P04733,Grocery,Cooking Oil,Dhara,DharaCooking OilPlus,1245,1075.06,169.94,2023-06-12,Yes
P04734,Fashion,Women's Wear,H&M,H&MWomen's WearPlus,4483,3078.18,1404.82,2021-04-12,Yes
P04735,Electronics,Smartphones,OnePlus,OnePlusSmartphonesPlus,141845,126894.22,14950.78,2022-08-20,Yes
P04736,Fashion,Women's Wear,Zara,ZaraWomen's WearPremium,8911,5750.06,3160.94,2018-08-11,Yes
P04737,Grocery,Cooking Oil,Saffola,SaffolaCooking OilPremium,1082,956.13,125.87,2023-08-11,Yes
P04738,Grocery,Rice,India Gate,India GateRiceMax,622,582.31,39.69,2020-09-09,Yes
P04739,Electronics,Smartphones,Samsung,SamsungSmartphonesPremium,35306,30852.8,4453.2,2020-09-24,Yes
P04740,Grocery,Cooking Oil,Fortune,FortuneCooking OilPremium,1003,868.24,134.76,2022-07-02,Yes
P04741,Grocery,Beverages,Coca-Cola,Coca-ColaBeveragesElite,1925,1827.67,97.33,2021-11-07,Yes
P04742,Grocery,Rice,India Gate,India GateRiceStandard,1363,1160.32,202.68,2021-07-01,Yes
P04743,Grocery,Cooking Oil,Fortune,FortuneCooking OilMax,825,732.12,92.88,2025-07-09,Yes
P04744,Grocery,Beverages,7UP,7UPBeveragesPro,1074,1004.8,69.2,2019-02-14,Yes
P04745,Grocery,Beverages,Pepsi,PepsiBeveragesStandard,666,570.22,95.78,2022-02-27,Yes
P04746,Fashion,Men's Wear,US Polo,US PoloMen's WearElite,3797,2111.17,1685.83,2018-12-08,Yes
P04747,Grocery,Beverages,Fanta,FantaBeveragesElite,1050,907.88,142.12,2020-09-11,Yes
P04748,Fashion,Men's Wear,Allen Solly,Allen SollyMen's WearPro,7699,5104.49,2594.51,2025-11-05,Yes
P04749,Fashion,Footwear,Skechers,SkechersFootwearPlus,1882,980.62,901.38,2023-09-20,Yes
P04750,Fashion,Women's Wear,H&M,H&MWomen's WearPlus,7555,3990.07,3564.93,2023-03-31,Yes
P04751,Electronics,Laptops,Lenovo,LenovoLaptopsPro,104609,85667.0,18942.0,2023-05-17,Yes
P04752,Grocery,Cooking Oil,Saffola,SaffolaCooking OilMax,134,124.59,9.41,2026-05-24,Yes
P04753,Grocery,Rice,India Gate,India GateRiceStandard,318,285.41,32.59,2022-05-24,Yes
P04754,Grocery,Cooking Oil,Fortune,FortuneCooking OilPro,674,594.03,79.97,2024-10-15,Yes
P04755,Electronics,Smartphones,OnePlus,OnePlusSmartphonesPro,102743,89327.39,13415.61,2022-04-07,Yes
P04756,Grocery,Cooking Oil,Fortune,FortuneCooking OilPro,670,597.09,72.91,2023-06-16,Yes
P04757,Grocery,Beverages,Coca-Cola,Coca-ColaBeveragesMax,1853,1677.79,175.21,2025-02-13,Yes
P04758,Electronics,Smartphones,Motorola,MotorolaSmartphonesPremium,63906,55070.01,8835.99,2025-09-07,Yes
P04759,Fashion,Women's Wear,H&M,H&MWomen's WearStandard,14167,6837.66,7329.34,2024-12-11,Yes
P04760,Grocery,Cooking Oil,Saffola,SaffolaCooking OilStandard,922,839.31,82.69,2021-02-24,Yes
P04761,Electronics,Laptops,Lenovo,LenovoLaptopsElite,199774,165977.86,33796.14,2026-04-24,Yes
P04762,Fashion,Women's Wear,Biba,BibaWomen's WearPlus,1657,947.24,709.76,2025-11-04,Yes
P04763,Fashion,Men's Wear,Van Heusen,Van HeusenMen's WearMax,12041,5390.76,6650.24,2024-10-01,Yes
P04764,Grocery,Rice,Fortune,FortuneRiceStandard,766,726.68,39.32,2024-08-19,Yes
P04765,Grocery,Cooking Oil,Fortune,FortuneCooking OilPlus,1642,1411.28,230.72,2024-04-08,Yes
P04766,Grocery,Beverages,Coca-Cola,Coca-ColaBeveragesMax,407,362.57,44.43,2021-05-15,Yes
P04767,Grocery,Cooking Oil,Fortune,FortuneCooking OilMax,1083,988.46,94.54,2021-05-28,Yes
P04768,Grocery,Rice,India Gate,India GateRicePremium,1186,1113.93,72.07,2024-03-11,Yes
P04769,Electronics,Smartphones,Google,GoogleSmartphonesMax,111624,95161.63,16462.37,2020-08-25,Yes
P04770,Grocery,Beverages,Coca-Cola,Coca-ColaBeveragesMax,1013,927.34,85.66,2025-02-08,Yes
P04771,Fashion,Women's Wear,W,WWomen's WearPro,10267,5546.29,4720.71,2022-08-30,Yes
P04772,Electronics,Smartphones,Samsung,SamsungSmartphonesPro,101678,85839.0,15839.0,2025-09-05,Yes
P04773,Fashion,Women's Wear,Zara,ZaraWomen's WearPremium,4491,2623.56,1867.44,2022-02-05,Yes
P04774,Electronics,Televisions,TCL,TCLTelevisionsPremium,137093,116597.88,20495.12,2020-08-24,Yes
P04775,Grocery,Cooking Oil,Saffola,SaffolaCooking OilPro,1976,1755.06,220.94,2024-09-20,Yes
P04776,Fashion,Women's Wear,H&M,H&MWomen's WearMax,9513,5580.31,3932.69,2021-03-09,Yes
P04777,Grocery,Cooking Oil,Fortune,FortuneCooking OilElite,194,181.66,12.34,2019-07-15,Yes
P04778,Electronics,Televisions,Panasonic,PanasonicTelevisionsPlus,189517,160862.95,28654.05,2026-05-10,Yes
P04779,Electronics,Smartphones,Samsung,SamsungSmartphonesMax,145646,118372.19,27273.81,2026-01-11,Yes
P04780,Electronics,Laptops,Dell,DellLaptopsMax,103260,91027.0,12233.0,2026-03-29,Yes
P04781,Fashion,Footwear,Bata,BataFootwearElite,3567,2184.11,1382.89,2022-06-07,Yes
P04782,Fashion,Men's Wear,Louis Philippe,Louis PhilippeMen's WearPremium,960,438.6,521.4,2024-09-22,Yes
P04783,Grocery,Cooking Oil,Dhara,DharaCooking OilPro,170,155.23,14.77,2020-06-11,Yes
P04784,Grocery,Rice,India Gate,India GateRicePro,106,96.91,9.09,2025-10-19,Yes
P04785,Electronics,Laptops,Dell,DellLaptopsPro,38462,31029.66,7432.34,2024-06-18,Yes
P04786,Fashion,Footwear,Puma,PumaFootwearPro,9605,5153.83,4451.17,2026-01-23,Yes
P04787,Grocery,Beverages,7UP,7UPBeveragesMax,938,862.02,75.98,2022-09-23,Yes
P04788,Grocery,Cooking Oil,Saffola,SaffolaCooking OilPro,1533,1417.67,115.33,2024-03-04,Yes
P04789,Grocery,Beverages,7UP,7UPBeveragesMax,1515,1300.02,214.98,2024-02-04,Yes
P04790,Fashion,Women's Wear,Biba,BibaWomen's WearStandard,3328,1516.05,1811.95,2026-01-29,Yes
P04791,Electronics,Televisions,Panasonic,PanasonicTelevisionsElite,81258,72031.58,9226.42,2023-07-23,Yes
P04792,Fashion,Women's Wear,W,WWomen's WearPremium,11485,5412.44,6072.56,2026-01-26,Yes
P04793,Fashion,Men's Wear,US Polo,US PoloMen's WearPlus,6569,2731.41,3837.59,2025-07-09,Yes
P04794,Grocery,Rice,Fortune,FortuneRicePro,1467,1251.96,215.04,2022-01-25,Yes
P04795,Grocery,Rice,Daawat,DaawatRicePlus,1485,1363.56,121.44,2021-06-10,Yes
P04796,Fashion,Men's Wear,Louis Philippe,Louis PhilippeMen's WearPlus,1569,1039.2,529.8,2026-04-22,Yes
P04797,Electronics,Televisions,Samsung,SamsungTelevisionsStandard,104966,87080.64,17885.36,2025-03-22,Yes
P04798,Grocery,Rice,Daawat,DaawatRicePlus,1291,1150.0,141.0,2023-06-06,Yes
P04799,Fashion,Women's Wear,Zara,ZaraWomen's WearElite,1514,904.31,609.69,2018-11-24,Yes
P04800,Grocery,Rice,Daawat,DaawatRicePlus,25,21.84,3.16,2020-11-09,Yes
P04801,Electronics,Televisions,Panasonic,PanasonicTelevisionsStandard,26732,21842.15,4889.85,2026-02-12,Yes
P04802,Electronics,Smartphones,OnePlus,OnePlusSmartphonesPro,132058,109845.29,22212.71,2019-12-05,Yes
P04803,Fashion,Footwear,Puma,PumaFootwearElite,10785,6779.43,4005.57,2026-04-19,Yes
P04804,Electronics,Televisions,TCL,TCLTelevisionsPremium,4109,3322.43,786.57,2020-02-03,Yes
P04805,Electronics,Laptops,HP,HPLaptopsPremium,133055,112209.13,20845.87,2025-05-05,Yes
P04806,Electronics,Laptops,Asus,AsusLaptopsStandard,158086,131994.8,26091.2,2025-05-06,Yes
P04807,Grocery,Cooking Oil,Dhara,DharaCooking OilPremium,1885,1644.79,240.21,2023-10-06,Yes
P04808,Fashion,Men's Wear,Levi's,Levi'sMen's WearPlus,14902,10099.27,4802.73,2019-11-29,Yes
P04809,Fashion,Men's Wear,Levi's,Levi'sMen's WearPlus,2349,1192.69,1156.31,2021-07-08,Yes
P04810,Grocery,Beverages,Sprite,SpriteBeveragesPlus,429,376.34,52.66,2021-05-05,Yes
P04811,Grocery,Rice,Daawat,DaawatRicePremium,552,497.68,54.32,2022-03-20,Yes
P04812,Grocery,Beverages,Pepsi,PepsiBeveragesMax,1023,876.16,146.84,2025-04-17,Yes
P04813,Grocery,Beverages,Pepsi,PepsiBeveragesMax,289,258.02,30.98,2025-03-10,Yes
P04814,Electronics,Smartphones,Motorola,MotorolaSmartphonesPlus,71149,58166.48,12982.52,2019-04-10,Yes
P04815,Grocery,Beverages,Sprite,SpriteBeveragesMax,1911,1730.05,180.95,2022-11-11,Yes
P04816,Electronics,Laptops,Lenovo,LenovoLaptopsPremium,2633,2145.9,487.1,2025-03-05,Yes
P04817,Electronics,Televisions,TCL,TCLTelevisionsElite,94574,79162.75,15411.25,2024-06-28,Yes
P04818,Fashion,Footwear,Puma,PumaFootwearMax,1340,811.36,528.64,2020-04-19,Yes
P04819,Electronics,Laptops,HP,HPLaptopsStandard,175584,151238.28,24345.72,2023-10-16,Yes
P04820,Fashion,Footwear,Adidas,AdidasFootwearPlus,12126,5902.66,6223.34,2023-12-06,Yes
P04821,Electronics,Smartphones,Apple,AppleSmartphonesPlus,139846,117052.67,22793.33,2021-09-23,Yes
P04822,Electronics,Televisions,Samsung,SamsungTelevisionsMax,92467,82321.45,10145.55,2022-06-08,Yes
P04823,Electronics,Smartphones,Motorola,MotorolaSmartphonesMax,17248,14732.77,2515.23,2021-04-11,Yes
P04824,Grocery,Cooking Oil,Saffola,SaffolaCooking OilElite,1934,1735.99,198.01,2025-07-22,Yes
P04825,Electronics,Televisions,Panasonic,PanasonicTelevisionsPlus,32057,28371.12,3685.88,2023-10-27,Yes
P04826,Fashion,Women's Wear,Global Desi,Global DesiWomen's WearElite,7578,5064.52,2513.48,2021-09-30,Yes
P04827,Grocery,Cooking Oil,Dhara,DharaCooking OilPro,1449,1351.68,97.32,2024-06-18,Yes
P04828,Grocery,Rice,Daawat,DaawatRicePro,380,333.39,46.61,2023-02-21,Yes
P04829,Fashion,Women's Wear,Biba,BibaWomen's WearElite,1504,786.0,718.0,2019-02-18,Yes
P04830,Grocery,Cooking Oil,Dhara,DharaCooking OilPremium,53,48.36,4.64,2022-01-01,Yes
P04831,Electronics,Laptops,Acer,AcerLaptopsPro,167103,149835.37,17267.63,2024-12-19,Yes
P04832,Fashion,Footwear,Bata,BataFootwearPlus,9775,5466.07,4308.93,2020-08-07,Yes
P04833,Fashion,Footwear,Skechers,SkechersFootwearMax,6946,3299.85,3646.15,2022-06-30,Yes
P04834,Grocery,Beverages,7UP,7UPBeveragesElite,946,833.08,112.92,2024-08-03,Yes
P04835,Grocery,Cooking Oil,Dhara,DharaCooking OilPro,1126,1064.23,61.77,2020-08-13,Yes
P04836,Grocery,Beverages,7UP,7UPBeveragesPro,1456,1254.25,201.75,2020-05-29,Yes
P04837,Fashion,Men's Wear,Levi's,Levi'sMen's WearMax,11446,5738.7,5707.3,2026-05-04,Yes
P04838,Fashion,Women's Wear,W,WWomen's WearMax,1460,970.4,489.6,2022-12-05,Yes
P04839,Electronics,Televisions,Samsung,SamsungTelevisionsElite,7232,6340.61,891.39,2020-08-05,Yes
P04840,Fashion,Footwear,Puma,PumaFootwearMax,1406,927.22,478.78,2022-04-14,Yes
P04841,Fashion,Women's Wear,W,WWomen's WearPro,13219,9172.52,4046.48,2024-07-04,Yes
P04842,Electronics,Televisions,Panasonic,PanasonicTelevisionsMax,97303,84902.13,12400.87,2023-02-22,Yes
P04843,Fashion,Footwear,Puma,PumaFootwearPremium,11210,5708.44,5501.56,2020-09-28,Yes
P04844,Grocery,Rice,India Gate,India GateRiceMax,1851,1638.49,212.51,2024-11-27,Yes
P04845,Fashion,Footwear,Bata,BataFootwearPlus,13768,5790.3,7977.7,2020-07-28,Yes
P04846,Electronics,Smartphones,Motorola,MotorolaSmartphonesPlus,154828,129271.05,25556.95,2023-02-06,Yes
P04847,Fashion,Footwear,Puma,PumaFootwearStandard,6201,2522.29,3678.71,2024-04-15,Yes
P04848,Grocery,Beverages,Sprite,SpriteBeveragesStandard,710,631.55,78.45,2021-01-19,Yes
P04849,Grocery,Cooking Oil,Dhara,DharaCooking OilStandard,1663,1524.91,138.09,2024-12-04,Yes
P04850,Grocery,Beverages,Fanta,FantaBeveragesPremium,1212,1126.57,85.43,2024-05-17,Yes
P04851,Electronics,Smartphones,Samsung,SamsungSmartphonesPlus,160149,129410.64,30738.36,2025-08-11,Yes
P04852,Grocery,Beverages,Coca-Cola,Coca-ColaBeveragesElite,195,169.4,25.6,2024-09-24,Yes
P04853,Grocery,Beverages,Sprite,SpriteBeveragesPremium,1119,963.99,155.01,2025-12-09,Yes
P04854,Fashion,Women's Wear,Global Desi,Global DesiWomen's WearPro,4869,2596.88,2272.12,2019-11-03,Yes
P04855,Fashion,Men's Wear,Louis Philippe,Louis PhilippeMen's WearPlus,1717,1137.68,579.32,2023-07-31,Yes
P04856,Fashion,Men's Wear,Louis Philippe,Louis PhilippeMen's WearPremium,3040,1599.83,1440.17,2019-01-09,Yes
P04857,Fashion,Men's Wear,Allen Solly,Allen SollyMen's WearPremium,5707,3715.84,1991.16,2024-02-13,Yes
P04858,Grocery,Cooking Oil,Fortune,FortuneCooking OilPremium,1740,1517.34,222.66,2021-11-20,Yes
P04859,Grocery,Cooking Oil,Fortune,FortuneCooking OilStandard,150,138.94,11.06,2023-07-17,Yes
P04860,Fashion,Footwear,Puma,PumaFootwearStandard,5563,2492.92,3070.08,2021-08-28,Yes
P04861,Fashion,Men's Wear,Allen Solly,Allen SollyMen's WearPremium,14150,8017.72,6132.28,2021-12-24,Yes
P04862,Fashion,Men's Wear,US Polo,US PoloMen's WearPremium,446,298.59,147.41,2021-04-14,Yes
P04863,Fashion,Men's Wear,Allen Solly,Allen SollyMen's WearMax,9037,3801.78,5235.22,2018-12-27,Yes
P04864,Electronics,Televisions,TCL,TCLTelevisionsElite,111995,89864.98,22130.02,2022-05-27,Yes
P04865,Grocery,Beverages,Sprite,SpriteBeveragesMax,1093,958.21,134.79,2018-10-11,Yes
P04866,Electronics,Televisions,TCL,TCLTelevisionsPlus,116325,99076.73,17248.27,2025-07-20,Yes
P04867,Electronics,Televisions,Sony,SonyTelevisionsElite,72010,61320.96,10689.04,2021-05-28,Yes
P04868,Grocery,Rice,Fortune,FortuneRiceMax,1527,1443.17,83.83,2024-07-20,Yes
P04869,Grocery,Rice,Daawat,DaawatRiceStandard,1362,1176.57,185.43,2024-08-11,Yes
P04870,Fashion,Footwear,Adidas,AdidasFootwearPremium,7719,3130.73,4588.27,2019-11-10,Yes
P04871,Grocery,Rice,Fortune,FortuneRicePremium,1204,1079.41,124.59,2023-11-16,Yes
P04872,Grocery,Rice,Daawat,DaawatRiceMax,1481,1395.01,85.99,2023-05-25,Yes
P04873,Electronics,Laptops,Acer,AcerLaptopsPremium,32025,28614.74,3410.26,2025-10-12,Yes
P04874,Fashion,Footwear,Adidas,AdidasFootwearStandard,14503,7836.37,6666.63,2026-07-12,Yes
P04875,Fashion,Footwear,Adidas,AdidasFootwearStandard,4937,2783.36,2153.64,2022-01-14,Yes
P04876,Electronics,Smartphones,Motorola,MotorolaSmartphonesPro,151386,133556.98,17829.02,2024-09-12,Yes
P04877,Grocery,Beverages,Coca-Cola,Coca-ColaBeveragesStandard,541,506.7,34.3,2018-08-23,Yes
P04878,Electronics,Laptops,Lenovo,LenovoLaptopsPremium,126984,107282.17,19701.83,2022-08-18,Yes
P04879,Grocery,Beverages,Pepsi,PepsiBeveragesPlus,1542,1455.93,86.07,2019-04-20,Yes
P04880,Grocery,Cooking Oil,Saffola,SaffolaCooking OilElite,1698,1570.14,127.86,2026-04-23,Yes
P04881,Fashion,Women's Wear,Zara,ZaraWomen's WearPremium,6919,3538.65,3380.35,2020-01-12,No
P04882,Fashion,Footwear,Skechers,SkechersFootwearStandard,13248,5800.53,7447.47,2022-06-10,Yes
P04883,Grocery,Cooking Oil,Saffola,SaffolaCooking OilPremium,1075,996.44,78.56,2021-03-01,Yes
P04884,Fashion,Women's Wear,W,WWomen's WearStandard,12133,8020.16,4112.84,2022-10-31,No
P04885,Fashion,Men's Wear,Van Heusen,Van HeusenMen's WearPremium,470,248.43,221.57,2025-10-13,Yes
P04886,Grocery,Beverages,Sprite,SpriteBeveragesPremium,1272,1169.39,102.61,2020-06-25,Yes
P04887,Grocery,Rice,Daawat,DaawatRiceMax,1942,1827.05,114.95,2025-01-19,Yes
P04888,Fashion,Men's Wear,Louis Philippe,Louis PhilippeMen's WearStandard,13951,5928.26,8022.74,2021-07-27,No
P04889,Grocery,Rice,Fortune,FortuneRiceElite,444,400.69,43.31,2024-03-04,Yes
P04890,Electronics,Laptops,Asus,AsusLaptopsElite,170537,150233.66,20303.34,2021-06-19,Yes
P04891,Electronics,Televisions,LG,LGTelevisionsPlus,125847,109058.39,16788.61,2018-11-12,Yes
P04892,Grocery,Cooking Oil,Dhara,DharaCooking OilPlus,646,568.55,77.45,2026-06-09,Yes
P04893,Electronics,Smartphones,OnePlus,OnePlusSmartphonesPremium,72751,60578.29,12172.71,2025-10-17,Yes
P04894,Electronics,Smartphones,Google,GoogleSmartphonesElite,160018,133572.74,26445.26,2025-02-12,Yes
P04895,Electronics,Televisions,TCL,TCLTelevisionsPro,54036,43777.0,10259.0,2022-03-11,Yes
P04896,Grocery,Cooking Oil,Fortune,FortuneCooking OilPremium,1597,1406.49,190.51,2025-12-05,Yes
P04897,Fashion,Women's Wear,H&M,H&MWomen's WearPremium,1703,729.19,973.81,2026-05-13,Yes
P04898,Grocery,Rice,Daawat,DaawatRiceStandard,813,763.23,49.77,2021-03-16,Yes
P04899,Electronics,Smartphones,OnePlus,OnePlusSmartphonesPro,98912,83576.93,15335.07,2024-10-03,Yes
P04900,Grocery,Cooking Oil,Fortune,FortuneCooking OilMax,1649,1552.45,96.55,2021-08-31,Yes
P04901,Electronics,Televisions,Samsung,SamsungTelevisionsElite,184073,162226.79,21846.21,2021-07-15,Yes
P04902,Grocery,Cooking Oil,Saffola,SaffolaCooking OilMax,1045,952.47,92.53,2020-11-15,Yes
P04903,Grocery,Rice,India Gate,India GateRiceStandard,733,653.63,79.37,2019-05-05,Yes
P04904,Grocery,Rice,India Gate,India GateRicePlus,1469,1344.55,124.45,2025-12-20,Yes
P04905,Fashion,Footwear,Nike,NikeFootwearPremium,11877,6671.9,5205.1,2020-10-06,Yes
P04906,Electronics,Televisions,Panasonic,PanasonicTelevisionsMax,38014,32008.27,6005.73,2022-10-09,Yes
P04907,Grocery,Cooking Oil,Dhara,DharaCooking OilPlus,1340,1184.95,155.05,2019-01-10,Yes
P04908,Fashion,Men's Wear,Louis Philippe,Louis PhilippeMen's WearPro,3643,1951.01,1691.99,2026-01-05,Yes
P04909,Electronics,Televisions,Sony,SonyTelevisionsStandard,65562,54134.26,11427.74,2026-02-08,Yes
P04910,Electronics,Laptops,Dell,DellLaptopsPremium,38451,33185.69,5265.31,2019-01-25,Yes
P04911,Electronics,Laptops,Asus,AsusLaptopsPremium,109751,90319.04,19431.96,2020-09-10,Yes
P04912,Grocery,Cooking Oil,Dhara,DharaCooking OilMax,105,98.41,6.59,2023-01-31,Yes
P04913,Fashion,Footwear,Nike,NikeFootwearPremium,12869,5414.37,7454.63,2026-04-27,Yes
P04914,Fashion,Women's Wear,Zara,ZaraWomen's WearPro,14741,7094.17,7646.83,2023-01-23,No
P04915,Fashion,Men's Wear,Van Heusen,Van HeusenMen's WearStandard,11445,6783.16,4661.84,2024-08-25,Yes
P04916,Electronics,Televisions,TCL,TCLTelevisionsStandard,53912,45877.5,8034.5,2025-05-18,Yes
P04917,Electronics,Smartphones,OnePlus,OnePlusSmartphonesPlus,24866,19964.5,4901.5,2022-03-12,Yes
P04918,Grocery,Beverages,Pepsi,PepsiBeveragesPremium,1825,1588.47,236.53,2020-03-18,Yes
P04919,Electronics,Televisions,LG,LGTelevisionsElite,11413,10109.04,1303.96,2024-08-12,Yes
P04920,Electronics,Laptops,Dell,DellLaptopsPlus,85390,68912.42,16477.58,2026-01-15,Yes
P04921,Grocery,Cooking Oil,Dhara,DharaCooking OilStandard,1931,1665.99,265.01,2020-10-20,Yes
P04922,Electronics,Laptops,HP,HPLaptopsElite,36311,30232.07,6078.93,2019-12-15,Yes
P04923,Grocery,Rice,India Gate,India GateRicePlus,657,559.28,97.72,2020-06-02,Yes
P04924,Grocery,Cooking Oil,Fortune,FortuneCooking OilElite,1374,1282.4,91.6,2023-04-11,Yes
P04925,Fashion,Footwear,Skechers,SkechersFootwearPremium,14363,7611.01,6751.99,2022-05-18,Yes
P04926,Fashion,Women's Wear,Global Desi,Global DesiWomen's WearElite,3330,1883.4,1446.6,2022-04-22,Yes
P04927,Fashion,Women's Wear,H&M,H&MWomen's WearMax,573,353.02,219.98,2022-04-18,Yes
P04928,Electronics,Smartphones,Motorola,MotorolaSmartphonesPremium,122434,98186.58,24247.42,2023-09-23,Yes
P04929,Grocery,Cooking Oil,Dhara,DharaCooking OilElite,623,564.12,58.88,2018-12-03,Yes
P04930,Electronics,Laptops,Acer,AcerLaptopsPro,94949,84357.57,10591.43,2022-09-12,Yes
P04931,Electronics,Smartphones,Motorola,MotorolaSmartphonesPlus,99381,81673.11,17707.89,2022-12-09,Yes
P04932,Fashion,Men's Wear,Louis Philippe,Louis PhilippeMen's WearMax,10847,5546.81,5300.19,2022-02-22,Yes
P04933,Grocery,Cooking Oil,Dhara,DharaCooking OilMax,107,100.45,6.55,2025-02-07,Yes
P04934,Electronics,Laptops,Acer,AcerLaptopsElite,181607,150830.41,30776.59,2019-07-20,Yes
P04935,Electronics,Televisions,LG,LGTelevisionsPro,123130,102475.11,20654.89,2025-03-23,Yes
P04936,Fashion,Footwear,Adidas,AdidasFootwearStandard,714,370.31,343.69,2025-03-01,Yes
P04937,Fashion,Women's Wear,H&M,H&MWomen's WearPremium,3869,2148.41,1720.59,2022-01-05,Yes
P04938,Electronics,Laptops,HP,HPLaptopsStandard,192091,168848.11,23242.89,2022-04-22,Yes
P04939,Grocery,Cooking Oil,Dhara,DharaCooking OilStandard,458,408.13,49.87,2022-10-31,Yes
P04940,Grocery,Rice,Fortune,FortuneRicePlus,331,282.2,48.8,2025-06-27,Yes
P04941,Fashion,Women's Wear,Biba,BibaWomen's WearStandard,12752,6559.18,6192.82,2021-01-27,Yes
P04942,Grocery,Cooking Oil,Fortune,FortuneCooking OilElite,752,682.04,69.96,2026-05-17,Yes
P04943,Fashion,Women's Wear,H&M,H&MWomen's WearElite,4354,2150.82,2203.18,2018-10-04,Yes
P04944,Grocery,Beverages,Sprite,SpriteBeveragesMax,1916,1805.71,110.29,2023-07-02,Yes
P04945,Fashion,Footwear,Nike,NikeFootwearMax,1967,1346.42,620.58,2023-10-09,Yes
P04946,Electronics,Televisions,TCL,TCLTelevisionsPro,145921,123119.73,22801.27,2024-07-27,Yes
P04947,Fashion,Footwear,Skechers,SkechersFootwearElite,4910,2579.67,2330.33,2023-10-13,Yes
P04948,Electronics,Televisions,Panasonic,PanasonicTelevisionsPro,71729,61136.18,10592.82,2021-02-05,Yes
P04949,Electronics,Laptops,Asus,AsusLaptopsStandard,107018,95779.08,11238.92,2021-12-24,Yes
P04950,Grocery,Beverages,7UP,7UPBeveragesElite,1468,1276.63,191.37,2020-05-16,Yes
P04951,Electronics,Televisions,Panasonic,PanasonicTelevisionsPremium,104886,85198.52,19687.48,2025-11-28,Yes
P04952,Electronics,Laptops,Asus,AsusLaptopsMax,37052,30784.16,6267.84,2022-08-22,Yes
P04953,Grocery,Rice,India Gate,India GateRicePro,45,39.81,5.19,2025-08-01,Yes
P04954,Fashion,Men's Wear,Van Heusen,Van HeusenMen's WearPlus,10504,6300.96,4203.04,2022-09-19,Yes
P04955,Grocery,Cooking Oil,Dhara,DharaCooking OilPremium,1644,1518.08,125.92,2026-06-02,Yes
P04956,Fashion,Footwear,Nike,NikeFootwearMax,2541,1182.24,1358.76,2020-03-31,Yes
P04957,Electronics,Televisions,Sony,SonyTelevisionsPro,162922,131947.4,30974.6,2025-06-06,Yes
P04958,Grocery,Beverages,Sprite,SpriteBeveragesPlus,1740,1592.8,147.2,2025-11-19,Yes
P04959,Electronics,Laptops,Lenovo,LenovoLaptopsPremium,186035,167028.77,19006.23,2023-01-27,Yes
P04960,Grocery,Cooking Oil,Saffola,SaffolaCooking OilPremium,79,72.27,6.73,2025-01-26,Yes
P04961,Electronics,Televisions,Samsung,SamsungTelevisionsMax,58891,47256.56,11634.44,2023-05-04,Yes
P04962,Fashion,Women's Wear,Biba,BibaWomen's WearStandard,2389,1388.45,1000.55,2019-02-27,Yes
P04963,Grocery,Cooking Oil,Saffola,SaffolaCooking OilStandard,1373,1259.84,113.16,2024-08-18,Yes
P04964,Grocery,Beverages,Coca-Cola,Coca-ColaBeveragesPro,647,606.5,40.5,2022-03-30,Yes
P04965,Electronics,Televisions,Sony,SonyTelevisionsElite,41480,36635.95,4844.05,2026-05-11,Yes
P04966,Grocery,Cooking Oil,Fortune,FortuneCooking OilPlus,1556,1448.46,107.54,2020-11-18,Yes
P04967,Fashion,Men's Wear,US Polo,US PoloMen's WearMax,12900,7642.61,5257.39,2021-07-27,Yes
P04968,Fashion,Footwear,Skechers,SkechersFootwearStandard,11056,6493.68,4562.32,2020-01-01,Yes
P04969,Electronics,Smartphones,Apple,AppleSmartphonesPremium,3100,2512.75,587.25,2020-04-06,Yes
P04970,Fashion,Footwear,Skechers,SkechersFootwearElite,4776,2615.53,2160.47,2021-06-13,No
P04971,Grocery,Beverages,7UP,7UPBeveragesStandard,56,49.36,6.64,2020-03-29,Yes
P04972,Grocery,Rice,Daawat,DaawatRiceStandard,190,169.52,20.48,2025-03-27,Yes
P04973,Fashion,Women's Wear,Zara,ZaraWomen's WearPro,8838,5721.78,3116.22,2018-10-02,Yes
P04974,Fashion,Men's Wear,Louis Philippe,Louis PhilippeMen's WearElite,2357,1106.48,1250.52,2019-06-06,Yes
P04975,Electronics,Smartphones,Google,GoogleSmartphonesPro,29615,23731.56,5883.44,2023-12-15,Yes
P04976,Electronics,Televisions,LG,LGTelevisionsMax,191162,170726.76,20435.24,2025-07-03,Yes
P04977,Electronics,Televisions,LG,LGTelevisionsMax,181426,159009.93,22416.07,2025-07-07,Yes
P04978,Fashion,Men's Wear,US Polo,US PoloMen's WearPlus,4680,2038.07,2641.93,2021-08-24,Yes
P04979,Fashion,Women's Wear,Global Desi,Global DesiWomen's WearPlus,5315,3229.42,2085.58,2019-08-08,Yes
P04980,Fashion,Footwear,Nike,NikeFootwearPremium,10524,5255.36,5268.64,2021-07-05,Yes
P04981,Electronics,Smartphones,OnePlus,OnePlusSmartphonesPro,113363,94389.22,18973.78,2024-10-07,Yes
P04982,Grocery,Beverages,Sprite,SpriteBeveragesMax,449,418.9,30.1,2019-12-29,Yes
P04983,Electronics,Televisions,Samsung,SamsungTelevisionsMax,198504,168826.17,29677.83,2022-11-27,Yes
P04984,Grocery,Cooking Oil,Dhara,DharaCooking OilStandard,790,705.55,84.45,2026-01-20,Yes
P04985,Grocery,Cooking Oil,Fortune,FortuneCooking OilPremium,1699,1488.72,210.28,2026-04-22,Yes
P04986,Fashion,Women's Wear,H&M,H&MWomen's WearPremium,12884,7624.98,5259.02,2024-02-03,Yes
P04987,Electronics,Televisions,Sony,SonyTelevisionsPremium,40518,35243.97,5274.03,2026-06-14,Yes
P04988,Grocery,Beverages,Sprite,SpriteBeveragesPlus,548,488.16,59.84,2022-06-26,Yes
P04989,Fashion,Women's Wear,H&M,H&MWomen's WearStandard,8978,5840.2,3137.8,2021-06-16,Yes
P04990,Fashion,Women's Wear,H&M,H&MWomen's WearElite,6652,3772.54,2879.46,2023-12-23,Yes
P04991,Electronics,Televisions,Panasonic,PanasonicTelevisionsStandard,106254,90211.46,16042.54,2025-09-10,Yes
P04992,Fashion,Men's Wear,Louis Philippe,Louis PhilippeMen's WearPro,13687,8840.83,4846.17,2022-02-26,Yes
P04993,Electronics,Laptops,HP,HPLaptopsPlus,130193,110025.01,20167.99,2019-03-31,No
P04994,Grocery,Cooking Oil,Saffola,SaffolaCooking OilStandard,396,346.71,49.29,2021-11-05,Yes
P04995,Grocery,Rice,India Gate,India GateRicePremium,1677,1557.86,119.14,2019-09-03,Yes
P04996,Grocery,Beverages,Pepsi,PepsiBeveragesPremium,1908,1634.36,273.64,2022-04-02,Yes
P04997,Electronics,Smartphones,Samsung,SamsungSmartphonesPro,67227,56698.58,10528.42,2023-04-16,Yes
P04998,Fashion,Men's Wear,US Polo,US PoloMen's WearPlus,7498,4944.78,2553.22,2020-09-28,Yes
P04999,Grocery,Cooking Oil,Saffola,SaffolaCooking OilElite,1320,1169.58,150.42,2019-03-24,Yes
P05000,Fashion,Footwear,Nike,NikeFootwearPro,9583,6414.75,3168.25,2021-01-26,Yes
