ReturnID,OrderItemID,ReturnReasonID,ReturnDate,ReturnCondition
RET0000001,OI00000025,1,2021-12-21,Sealed
RET0000002,OI00000048,1,2016-02-13,Damaged
RET0000003,OI00000057,15,2024-02-14,Opened
RET0000004,OI00000062,11,2017-11-12,Opened
RET0000005,OI00000063,6,2024-03-02,Sealed
RET0000006,OI00000093,12,2016-05-27,Sealed
RET0000007,OI00000094,11,2023-02-02,Opened
RET0000008,OI00000103,13,2026-07-12,Sealed
RET0000009,OI00000137,7,2025-08-29,Sealed
RET0000010,OI00000143,12,2016-05-21,Opened
RET0000011,OI00000174,8,2016-04-15,Opened
RET0000012,OI00000218,4,2025-06-18,Opened
RET0000013,OI00000225,9,2022-03-08,Defective
RET0000014,OI00000236,15,2017-02-12,Damaged
RET0000015,OI00000244,6,2016-09-16,Opened
RET0000016,OI00000268,3,2015-08-30,Damaged
RET0000017,OI00000293,15,2026-04-16,Opened
RET0000018,OI00000297,3,2017-03-28,Opened
RET0000019,OI00000309,14,2017-06-27,Opened
RET0000020,OI00000339,5,2019-04-24,Damaged
RET0000021,OI00000343,11,2018-07-30,Sealed
RET0000022,OI00000356,17,2017-09-20,Sealed
RET0000023,OI00000370,1,2019-12-02,Defective
RET0000024,OI00000381,9,2023-07-01,Damaged
RET0000025,OI00000396,16,2026-05-19,Opened
RET0000026,OI00000397,3,2025-05-31,Sealed
RET0000027,OI00000403,8,2016-02-28,Opened
RET0000028,OI00000413,2,2020-12-15,Sealed
RET0000029,OI00000447,2,2016-03-15,Opened
RET0000030,OI00000456,17,2022-08-13,Sealed
RET0000031,OI00000461,18,2019-01-15,Opened
RET0000032,OI00000463,15,2021-04-08,Sealed
RET0000033,OI00000471,1,2022-02-13,Damaged
RET0000034,OI00000487,11,2021-06-02,Opened
RET0000035,OI00000501,17,2021-02-01,Sealed
RET0000036,OI00000506,18,2015-11-18,Defective
RET0000037,OI00000594,2,2019-01-31,Sealed
RET0000038,OI00000596,8,2022-05-05,Opened
RET0000039,OI00000624,1,2015-05-12,Opened
RET0000040,OI00000652,11,2021-03-13,Damaged
RET0000041,OI00000664,4,2023-06-05,Sealed
RET0000042,OI00000667,4,2023-06-01,Opened
RET0000043,OI00000680,7,2017-01-30,Opened
RET0000044,OI00000685,1,2023-06-03,Opened
RET0000045,OI00000687,6,2019-03-19,Damaged
RET0000046,OI00000688,6,2019-03-12,Sealed
RET0000047,OI00000692,16,2022-10-27,Damaged
RET0000048,OI00000702,2,2023-06-28,Sealed
RET0000049,OI00000722,16,2024-06-02,Opened
RET0000050,OI00000734,14,2017-11-02,Defective
RET0000051,OI00000748,13,2023-01-01,Defective
RET0000052,OI00000749,16,2025-06-06,Opened
RET0000053,OI00000751,13,2026-03-04,Opened
RET0000054,OI00000766,13,2025-11-03,Opened
RET0000055,OI00000781,8,2018-10-28,Opened
RET0000056,OI00000784,1,2016-01-22,Damaged
RET0000057,OI00000788,18,2022-10-04,Sealed
RET0000058,OI00000795,6,2020-02-03,Defective
RET0000059,OI00000800,13,2015-06-12,Opened
RET0000060,OI00000832,15,2019-09-23,Opened
RET0000061,OI00000834,5,2020-10-09,Damaged
RET0000062,OI00000872,1,2020-02-20,Opened
RET0000063,OI00000914,6,2024-09-03,Opened
RET0000064,OI00000928,2,2023-11-22,Sealed
RET0000065,OI00000940,18,2022-04-12,Sealed
RET0000066,OI00000960,16,2018-07-17,Sealed
RET0000067,OI00000999,1,2016-06-26,Opened
RET0000068,OI00001052,16,2019-07-05,Opened
RET0000069,OI00001069,2,2019-03-12,Opened
RET0000070,OI00001087,7,2017-02-14,Sealed
RET0000071,OI00001092,8,2023-04-27,Sealed
RET0000072,OI00001104,7,2016-08-11,Sealed
RET0000073,OI00001138,3,2018-01-22,Opened
RET0000074,OI00001149,1,2018-11-12,Opened
RET0000075,OI00001177,1,2025-05-04,Damaged
RET0000076,OI00001185,5,2020-11-05,Sealed
RET0000077,OI00001203,11,2020-03-20,Defective
RET0000078,OI00001204,1,2019-03-18,Defective
RET0000079,OI00001222,8,2015-09-13,Sealed
RET0000080,OI00001242,4,2022-01-30,Sealed
RET0000081,OI00001284,18,2018-10-17,Defective
RET0000082,OI00001320,6,2022-04-21,Damaged
RET0000083,OI00001327,4,2022-08-17,Opened
RET0000084,OI00001332,1,2018-03-25,Opened
RET0000085,OI00001335,10,2024-07-26,Sealed
RET0000086,OI00001348,2,2026-07-05,Opened
RET0000087,OI00001359,5,2017-03-05,Defective
RET0000088,OI00001367,9,2017-11-01,Sealed
RET0000089,OI00001371,13,2017-09-16,Damaged
RET0000090,OI00001373,6,2015-02-08,Opened
RET0000091,OI00001404,12,2016-06-28,Opened
RET0000092,OI00001410,9,2024-10-19,Sealed
RET0000093,OI00001449,2,2017-08-13,Opened
RET0000094,OI00001498,13,2017-10-30,Defective
RET0000095,OI00001505,14,2023-07-23,Sealed
RET0000096,OI00001511,6,2023-09-07,Opened
RET0000097,OI00001525,8,2022-04-16,Defective
RET0000098,OI00001539,10,2022-10-01,Opened
RET0000099,OI00001568,6,2018-07-09,Opened
RET0000100,OI00001570,4,2020-07-17,Damaged
RET0000101,OI00001584,12,2023-11-04,Sealed
RET0000102,OI00001585,15,2023-10-26,Damaged
RET0000103,OI00001598,13,2019-02-09,Defective
RET0000104,OI00001607,6,2020-07-24,Damaged
RET0000105,OI00001618,18,2017-11-19,Opened
RET0000106,OI00001620,8,2015-09-09,Sealed
RET0000107,OI00001630,10,2018-02-03,Damaged
RET0000108,OI00001671,18,2015-05-09,Defective
RET0000109,OI00001673,12,2020-11-23,Opened
RET0000110,OI00001677,12,2020-02-22,Defective
RET0000111,OI00001687,13,2020-07-23,Sealed
RET0000112,OI00001696,8,2020-04-02,Defective
RET0000113,OI00001704,7,2025-10-22,Sealed
RET0000114,OI00001710,10,2019-09-08,Sealed
RET0000115,OI00001716,3,2017-04-14,Opened
RET0000116,OI00001746,6,2019-11-03,Opened
RET0000117,OI00001751,12,2024-12-06,Sealed
RET0000118,OI00001760,18,2021-04-24,Damaged
RET0000119,OI00001770,17,2021-07-07,Sealed
RET0000120,OI00001771,2,2021-07-08,Damaged
RET0000121,OI00001797,8,2015-02-20,Defective
RET0000122,OI00001815,9,2021-05-29,Opened
RET0000123,OI00001849,2,2017-02-17,Opened
RET0000124,OI00001857,10,2026-03-20,Defective
RET0000125,OI00001864,17,2016-12-14,Damaged
RET0000126,OI00001874,17,2020-11-17,Damaged
RET0000127,OI00001876,10,2018-10-08,Opened
RET0000128,OI00001880,14,2023-11-13,Opened
RET0000129,OI00001881,2,2015-05-06,Defective
RET0000130,OI00001913,11,2022-02-27,Opened
RET0000131,OI00001933,1,2018-08-10,Damaged
RET0000132,OI00001939,18,2016-02-07,Sealed
RET0000133,OI00001956,10,2016-04-29,Defective
RET0000134,OI00001976,8,2026-03-30,Damaged
RET0000135,OI00001978,5,2015-12-30,Opened
RET0000136,OI00001979,11,2015-12-26,Sealed
RET0000137,OI00001998,8,2017-09-26,Opened
RET0000138,OI00002013,13,2016-01-03,Opened
RET0000139,OI00002014,10,2016-01-06,Sealed
RET0000140,OI00002030,5,2025-11-01,Damaged
RET0000141,OI00002056,7,2016-09-11,Damaged
RET0000142,OI00002061,15,2024-07-03,Opened
RET0000143,OI00002080,11,2018-12-10,Opened
RET0000144,OI00002099,4,2020-06-05,Damaged
RET0000145,OI00002144,9,2022-09-10,Damaged
RET0000146,OI00002145,16,2022-09-22,Opened
RET0000147,OI00002161,1,2020-12-12,Sealed
RET0000148,OI00002175,10,2023-04-30,Sealed
RET0000149,OI00002185,11,2018-05-05,Sealed
RET0000150,OI00002190,2,2017-07-12,Sealed
RET0000151,OI00002203,12,2020-05-02,Opened
RET0000152,OI00002207,4,2015-02-21,Damaged
RET0000153,OI00002235,12,2021-06-04,Damaged
RET0000154,OI00002255,8,2021-04-24,Sealed
RET0000155,OI00002265,12,2025-12-25,Defective
RET0000156,OI00002266,18,2024-06-13,Sealed
RET0000157,OI00002300,2,2016-11-10,Sealed
RET0000158,OI00002307,18,2017-10-02,Sealed
RET0000159,OI00002312,8,2020-04-17,Sealed
RET0000160,OI00002327,6,2021-07-20,Sealed
RET0000161,OI00002331,3,2018-10-17,Opened
RET0000162,OI00002339,2,2018-11-25,Defective
RET0000163,OI00002348,15,2016-05-12,Damaged
RET0000164,OI00002353,18,2015-04-26,Sealed
RET0000165,OI00002367,1,2024-03-22,Damaged
RET0000166,OI00002425,11,2016-06-12,Sealed
RET0000167,OI00002434,8,2024-11-12,Defective
RET0000168,OI00002440,4,2019-08-02,Defective
RET0000169,OI00002442,8,2025-05-18,Sealed
RET0000170,OI00002445,3,2022-02-17,Damaged
RET0000171,OI00002448,14,2025-06-27,Damaged
RET0000172,OI00002459,16,2016-01-23,Opened
RET0000173,OI00002468,1,2021-06-06,Defective
RET0000174,OI00002498,13,2018-07-16,Opened
RET0000175,OI00002592,7,2015-08-03,Defective
RET0000176,OI00002600,12,2016-03-14,Sealed
RET0000177,OI00002619,9,2023-01-27,Damaged
RET0000178,OI00002629,5,2020-09-15,Opened
RET0000179,OI00002636,3,2021-07-15,Defective
RET0000180,OI00002659,8,2016-02-06,Sealed
RET0000181,OI00002675,2,2024-03-13,Opened
RET0000182,OI00002678,13,2021-01-25,Sealed
RET0000183,OI00002709,18,2023-12-22,Opened
RET0000184,OI00002718,13,2018-02-17,Damaged
RET0000185,OI00002736,15,2017-05-26,Opened
RET0000186,OI00002740,1,2019-11-16,Defective
RET0000187,OI00002745,14,2025-12-13,Damaged
RET0000188,OI00002746,14,2015-12-22,Opened
RET0000189,OI00002750,14,2016-01-15,Opened
RET0000190,OI00002759,7,2026-01-09,Damaged
RET0000191,OI00002784,13,2024-06-12,Opened
RET0000192,OI00002792,11,2021-06-18,Damaged
RET0000193,OI00002802,6,2024-04-30,Sealed
RET0000194,OI00002806,11,2018-12-21,Damaged
RET0000195,OI00002815,11,2016-11-15,Opened
RET0000196,OI00002816,18,2016-11-14,Sealed
RET0000197,OI00002861,3,2015-05-19,Opened
RET0000198,OI00002878,4,2018-10-21,Opened
RET0000199,OI00002883,17,2016-01-05,Sealed
RET0000200,OI00002905,14,2023-06-29,Opened
RET0000201,OI00002906,15,2023-07-10,Defective
RET0000202,OI00002964,15,2020-06-20,Sealed
RET0000203,OI00003019,17,2019-10-18,Damaged
RET0000204,OI00003021,17,2016-04-23,Sealed
RET0000205,OI00003036,17,2019-01-04,Opened
RET0000206,OI00003037,2,2021-07-17,Opened
RET0000207,OI00003089,6,2022-09-28,Defective
RET0000208,OI00003093,7,2022-01-11,Opened
RET0000209,OI00003098,4,2020-09-17,Damaged
RET0000210,OI00003117,10,2016-06-23,Opened
RET0000211,OI00003122,10,2025-09-21,Damaged
RET0000212,OI00003125,13,2025-01-25,Defective
RET0000213,OI00003140,5,2015-05-11,Sealed
RET0000214,OI00003182,11,2025-02-17,Opened
RET0000215,OI00003189,16,2017-03-21,Defective
RET0000216,OI00003198,10,2016-12-05,Opened
RET0000217,OI00003227,13,2017-10-29,Opened
RET0000218,OI00003228,18,2017-10-26,Sealed
RET0000219,OI00003247,5,2022-01-15,Damaged
RET0000220,OI00003248,11,2022-01-13,Sealed
RET0000221,OI00003269,18,2019-05-12,Defective
RET0000222,OI00003272,14,2024-11-15,Opened
RET0000223,OI00003278,17,2022-10-20,Damaged
RET0000224,OI00003280,8,2017-08-20,Sealed
RET0000225,OI00003295,18,2021-03-07,Damaged
RET0000226,OI00003328,10,2016-05-05,Opened
RET0000227,OI00003352,9,2021-08-30,Defective
RET0000228,OI00003374,6,2021-09-21,Sealed
RET0000229,OI00003402,7,2019-02-27,Sealed
RET0000230,OI00003424,17,2016-08-04,Opened
RET0000231,OI00003435,8,2022-09-17,Opened
RET0000232,OI00003441,5,2023-09-24,Opened
RET0000233,OI00003472,8,2019-12-23,Damaged
RET0000234,OI00003475,16,2020-05-04,Sealed
RET0000235,OI00003478,15,2020-02-22,Sealed
RET0000236,OI00003510,8,2023-01-04,Opened
RET0000237,OI00003516,18,2026-04-04,Opened
RET0000238,OI00003533,16,2015-10-05,Opened
RET0000239,OI00003546,17,2024-01-01,Opened
RET0000240,OI00003553,11,2023-02-26,Sealed
RET0000241,OI00003561,7,2017-01-04,Opened
RET0000242,OI00003572,9,2018-06-25,Damaged
RET0000243,OI00003582,16,2018-08-09,Damaged
RET0000244,OI00003615,15,2016-05-25,Opened
RET0000245,OI00003657,6,2019-02-06,Sealed
RET0000246,OI00003667,12,2015-07-26,Opened
RET0000247,OI00003676,15,2016-08-05,Sealed
RET0000248,OI00003678,6,2023-05-12,Opened
RET0000249,OI00003688,15,2018-12-04,Damaged
RET0000250,OI00003690,4,2021-01-31,Damaged
RET0000251,OI00003700,9,2021-06-16,Opened
RET0000252,OI00003716,4,2023-12-13,Damaged
RET0000253,OI00003734,1,2026-07-03,Sealed
RET0000254,OI00003735,18,2026-02-20,Defective
RET0000255,OI00003747,12,2018-09-17,Damaged
RET0000256,OI00003749,3,2018-09-19,Opened
RET0000257,OI00003779,2,2017-04-09,Opened
RET0000258,OI00003787,14,2020-11-05,Damaged
RET0000259,OI00003792,3,2019-11-01,Sealed
RET0000260,OI00003793,17,2024-04-22,Damaged
RET0000261,OI00003848,16,2022-02-05,Damaged
RET0000262,OI00003866,3,2023-12-05,Sealed
RET0000263,OI00003882,9,2024-01-11,Sealed
RET0000264,OI00003889,15,2021-09-03,Opened
RET0000265,OI00003890,8,2021-09-02,Opened
RET0000266,OI00003914,5,2016-03-15,Opened
RET0000267,OI00003940,8,2015-04-24,Sealed
RET0000268,OI00003958,12,2022-02-08,Damaged
RET0000269,OI00003987,15,2024-09-28,Opened
RET0000270,OI00004006,13,2015-07-10,Opened
RET0000271,OI00004009,8,2017-09-15,Defective
RET0000272,OI00004030,5,2018-04-25,Sealed
RET0000273,OI00004031,12,2023-02-04,Opened
RET0000274,OI00004046,12,2019-11-26,Defective
RET0000275,OI00004054,6,2020-09-08,Damaged
RET0000276,OI00004055,4,2020-12-10,Sealed
RET0000277,OI00004058,1,2025-12-22,Sealed
RET0000278,OI00004074,1,2021-07-23,Sealed
RET0000279,OI00004075,2,2021-07-26,Defective
RET0000280,OI00004104,1,2020-01-05,Opened
RET0000281,OI00004118,9,2016-07-09,Damaged
RET0000282,OI00004124,16,2020-06-10,Sealed
RET0000283,OI00004136,8,2020-09-13,Opened
RET0000284,OI00004137,13,2020-09-06,Damaged
RET0000285,OI00004138,3,2020-09-02,Damaged
RET0000286,OI00004142,4,2017-01-10,Opened
RET0000287,OI00004156,2,2016-11-05,Sealed
RET0000288,OI00004200,15,2026-04-30,Defective
RET0000289,OI00004226,12,2020-04-09,Damaged
RET0000290,OI00004235,10,2019-04-05,Opened
RET0000291,OI00004250,12,2024-01-15,Sealed
RET0000292,OI00004262,10,2025-11-04,Defective
RET0000293,OI00004267,7,2021-11-04,Opened
RET0000294,OI00004278,1,2021-11-18,Opened
RET0000295,OI00004284,8,2018-06-01,Damaged
RET0000296,OI00004286,17,2015-12-01,Damaged
RET0000297,OI00004292,13,2017-02-06,Opened
RET0000298,OI00004304,2,2026-06-20,Damaged
RET0000299,OI00004322,11,2018-07-15,Opened
RET0000300,OI00004333,18,2017-04-27,Opened
RET0000301,OI00004405,4,2021-01-12,Damaged
RET0000302,OI00004414,7,2025-05-11,Opened
RET0000303,OI00004419,3,2020-09-26,Sealed
RET0000304,OI00004431,17,2026-04-06,Opened
RET0000305,OI00004440,1,2024-01-07,Defective
RET0000306,OI00004485,8,2023-09-12,Damaged
RET0000307,OI00004488,5,2025-08-18,Sealed
RET0000308,OI00004505,7,2025-11-26,Damaged
RET0000309,OI00004508,6,2017-07-30,Opened
RET0000310,OI00004515,12,2018-11-24,Sealed
RET0000311,OI00004540,1,2026-02-28,Opened
RET0000312,OI00004550,11,2018-08-22,Opened
RET0000313,OI00004579,13,2021-06-11,Opened
RET0000314,OI00004583,8,2017-05-13,Opened
RET0000315,OI00004605,16,2021-12-26,Damaged
RET0000316,OI00004612,10,2023-07-17,Sealed
RET0000317,OI00004613,6,2023-07-28,Opened
RET0000318,OI00004621,14,2021-06-22,Sealed
RET0000319,OI00004631,2,2019-08-26,Opened
RET0000320,OI00004647,8,2016-10-16,Opened
RET0000321,OI00004648,12,2016-10-09,Opened
RET0000322,OI00004685,15,2016-07-07,Damaged
RET0000323,OI00004689,18,2026-01-22,Defective
RET0000324,OI00004696,14,2019-06-02,Opened
RET0000325,OI00004712,5,2017-10-28,Opened
RET0000326,OI00004718,2,2019-08-29,Opened
RET0000327,OI00004745,6,2023-07-21,Sealed
RET0000328,OI00004770,16,2017-08-22,Opened
RET0000329,OI00004791,18,2021-10-19,Sealed
RET0000330,OI00004816,1,2019-01-15,Sealed
RET0000331,OI00004818,13,2024-08-21,Opened
RET0000332,OI00004842,7,2017-04-13,Opened
RET0000333,OI00004861,15,2016-10-08,Opened
RET0000334,OI00004877,1,2026-07-30,Sealed
RET0000335,OI00004879,14,2026-08-06,Opened
RET0000336,OI00004917,6,2015-10-14,Defective
RET0000337,OI00004919,3,2015-10-15,Opened
RET0000338,OI00004932,14,2016-09-24,Opened
RET0000339,OI00004933,11,2016-09-19,Defective
RET0000340,OI00004934,10,2017-11-11,Sealed
RET0000341,OI00004951,2,2026-08-09,Opened
RET0000342,OI00005020,16,2024-11-03,Sealed
RET0000343,OI00005026,10,2018-03-31,Sealed
RET0000344,OI00005028,13,2017-04-27,Opened
RET0000345,OI00005042,5,2026-04-24,Sealed
RET0000346,OI00005104,14,2022-05-17,Damaged
RET0000347,OI00005134,8,2021-12-14,Sealed
RET0000348,OI00005137,11,2018-05-23,Opened
RET0000349,OI00005147,12,2024-07-03,Opened
RET0000350,OI00005179,13,2015-11-28,Opened
RET0000351,OI00005180,4,2015-12-09,Opened
RET0000352,OI00005183,9,2016-07-03,Opened
RET0000353,OI00005201,14,2022-08-18,Sealed
RET0000354,OI00005204,16,2015-11-18,Opened
RET0000355,OI00005262,17,2017-03-30,Defective
RET0000356,OI00005294,15,2021-06-04,Damaged
RET0000357,OI00005347,10,2015-05-26,Damaged
RET0000358,OI00005350,16,2025-01-08,Damaged
RET0000359,OI00005359,17,2023-01-22,Sealed
RET0000360,OI00005363,5,2017-10-07,Opened
RET0000361,OI00005364,11,2017-10-02,Sealed
RET0000362,OI00005384,6,2020-03-02,Opened
RET0000363,OI00005401,17,2021-12-08,Sealed
RET0000364,OI00005426,6,2023-12-07,Defective
RET0000365,OI00005429,4,2023-02-04,Defective
RET0000366,OI00005431,15,2015-12-26,Defective
RET0000367,OI00005440,6,2019-03-22,Damaged
RET0000368,OI00005450,5,2026-01-06,Damaged
RET0000369,OI00005457,17,2017-10-11,Damaged
RET0000370,OI00005465,6,2025-11-20,Sealed
RET0000371,OI00005476,13,2020-12-06,Defective
RET0000372,OI00005498,7,2018-08-04,Damaged
RET0000373,OI00005519,2,2015-04-25,Defective
RET0000374,OI00005523,17,2023-04-10,Opened
RET0000375,OI00005558,18,2022-09-20,Damaged
RET0000376,OI00005564,6,2023-12-21,Opened
RET0000377,OI00005568,9,2026-05-13,Defective
RET0000378,OI00005598,8,2021-12-14,Damaged
RET0000379,OI00005615,6,2017-10-01,Sealed
RET0000380,OI00005625,8,2021-02-23,Opened
RET0000381,OI00005633,18,2017-11-28,Opened
RET0000382,OI00005638,15,2018-07-15,Sealed
RET0000383,OI00005641,2,2022-11-18,Sealed
RET0000384,OI00005651,18,2017-07-02,Sealed
RET0000385,OI00005653,1,2022-11-18,Damaged
RET0000386,OI00005677,14,2021-01-05,Sealed
RET0000387,OI00005705,4,2023-06-26,Defective
RET0000388,OI00005719,11,2015-05-19,Sealed
RET0000389,OI00005723,5,2019-02-04,Defective
RET0000390,OI00005724,17,2021-07-05,Opened
RET0000391,OI00005727,3,2015-06-10,Opened
RET0000392,OI00005747,9,2019-11-10,Opened
RET0000393,OI00005751,16,2021-01-12,Opened
RET0000394,OI00005807,10,2016-11-13,Damaged
RET0000395,OI00005846,11,2024-04-06,Damaged
RET0000396,OI00005849,12,2020-02-11,Damaged
RET0000397,OI00005869,12,2019-04-21,Sealed
RET0000398,OI00005883,7,2021-11-20,Sealed
RET0000399,OI00005887,3,2020-05-07,Defective
RET0000400,OI00005906,6,2022-02-03,Sealed
RET0000401,OI00005910,1,2016-03-24,Sealed
RET0000402,OI00005932,3,2019-11-10,Sealed
RET0000403,OI00005936,9,2016-12-02,Opened
RET0000404,OI00005937,18,2023-06-01,Opened
RET0000405,OI00005942,2,2015-06-25,Damaged
RET0000406,OI00005952,14,2023-11-08,Defective
RET0000407,OI00005998,12,2020-07-01,Sealed
RET0000408,OI00006007,10,2019-01-22,Sealed
RET0000409,OI00006017,2,2026-02-05,Opened
RET0000410,OI00006024,2,2017-02-26,Damaged
RET0000411,OI00006031,3,2023-09-05,Opened
RET0000412,OI00006044,7,2020-09-02,Damaged
RET0000413,OI00006062,16,2018-04-28,Defective
RET0000414,OI00006064,8,2016-11-16,Damaged
RET0000415,OI00006086,16,2021-04-07,Sealed
RET0000416,OI00006110,9,2025-08-23,Opened
RET0000417,OI00006118,5,2025-09-16,Sealed
RET0000418,OI00006122,17,2017-09-18,Defective
RET0000419,OI00006150,6,2017-10-05,Sealed
RET0000420,OI00006169,7,2024-02-03,Opened
RET0000421,OI00006204,9,2015-09-10,Opened
RET0000422,OI00006215,11,2016-01-15,Opened
RET0000423,OI00006217,8,2022-05-29,Sealed
RET0000424,OI00006232,14,2019-10-18,Damaged
RET0000425,OI00006259,15,2015-06-10,Sealed
RET0000426,OI00006271,12,2015-08-03,Damaged
RET0000427,OI00006285,3,2025-03-28,Sealed
RET0000428,OI00006309,12,2021-10-29,Opened
RET0000429,OI00006314,18,2020-10-19,Opened
RET0000430,OI00006380,14,2019-10-21,Sealed
RET0000431,OI00006381,7,2024-05-02,Damaged
RET0000432,OI00006393,11,2024-07-29,Opened
RET0000433,OI00006395,14,2025-02-06,Defective
RET0000434,OI00006402,2,2023-11-15,Sealed
RET0000435,OI00006404,9,2020-01-27,Damaged
RET0000436,OI00006416,3,2016-09-09,Sealed
RET0000437,OI00006427,2,2018-07-27,Opened
RET0000438,OI00006443,11,2017-05-14,Damaged
RET0000439,OI00006446,1,2024-02-12,Sealed
RET0000440,OI00006490,1,2025-11-18,Sealed
RET0000441,OI00006496,11,2018-01-07,Opened
RET0000442,OI00006501,3,2019-06-21,Damaged
RET0000443,OI00006530,2,2024-02-19,Sealed
RET0000444,OI00006558,5,2016-12-17,Opened
RET0000445,OI00006588,15,2019-05-19,Damaged
RET0000446,OI00006611,16,2019-10-29,Opened
RET0000447,OI00006613,7,2022-04-17,Damaged
RET0000448,OI00006618,11,2020-06-28,Opened
RET0000449,OI00006620,4,2020-06-30,Opened
RET0000450,OI00006630,3,2021-08-26,Sealed
RET0000451,OI00006648,18,2020-07-15,Opened
RET0000452,OI00006651,16,2025-09-17,Defective
RET0000453,OI00006659,1,2025-08-21,Sealed
RET0000454,OI00006665,7,2025-01-04,Defective
RET0000455,OI00006667,17,2018-12-22,Opened
RET0000456,OI00006668,8,2016-08-17,Opened
RET0000457,OI00006675,15,2022-03-08,Sealed
RET0000458,OI00006676,18,2022-03-04,Defective
RET0000459,OI00006682,17,2025-12-30,Opened
RET0000460,OI00006710,1,2018-05-07,Opened
RET0000461,OI00006725,13,2025-12-30,Defective
RET0000462,OI00006743,5,2016-11-10,Damaged
RET0000463,OI00006746,3,2026-04-21,Defective
RET0000464,OI00006760,1,2021-04-08,Damaged
RET0000465,OI00006816,5,2023-06-01,Sealed
RET0000466,OI00006838,9,2018-11-23,Opened
RET0000467,OI00006854,10,2021-05-02,Sealed
RET0000468,OI00006855,11,2021-05-04,Damaged
RET0000469,OI00006886,17,2020-05-10,Opened
RET0000470,OI00006894,9,2021-04-15,Defective
RET0000471,OI00006902,5,2016-09-09,Opened
RET0000472,OI00006909,5,2022-09-18,Damaged
RET0000473,OI00006914,3,2019-02-26,Defective
RET0000474,OI00006935,6,2019-10-06,Opened
RET0000475,OI00006945,12,2015-12-02,Damaged
RET0000476,OI00006948,17,2018-01-25,Opened
RET0000477,OI00006951,18,2016-08-27,Opened
RET0000478,OI00006970,14,2020-11-08,Defective
RET0000479,OI00006973,13,2024-08-21,Defective
RET0000480,OI00006994,1,2017-06-22,Damaged
RET0000481,OI00007031,4,2019-08-26,Defective
RET0000482,OI00007044,8,2015-10-29,Opened
RET0000483,OI00007055,14,2015-01-15,Sealed
RET0000484,OI00007076,18,2021-05-02,Sealed
RET0000485,OI00007082,10,2023-05-15,Opened
RET0000486,OI00007088,11,2024-06-20,Sealed
RET0000487,OI00007110,16,2026-07-09,Damaged
RET0000488,OI00007132,17,2025-06-25,Opened
RET0000489,OI00007137,15,2020-03-04,Sealed
RET0000490,OI00007156,7,2025-03-02,Damaged
RET0000491,OI00007178,7,2016-07-30,Sealed
RET0000492,OI00007182,8,2021-10-27,Opened
RET0000493,OI00007186,9,2016-01-06,Defective
RET0000494,OI00007191,14,2024-11-07,Sealed
RET0000495,OI00007211,13,2019-10-29,Opened
RET0000496,OI00007230,6,2016-04-15,Defective
RET0000497,OI00007231,5,2023-10-02,Sealed
RET0000498,OI00007237,9,2023-09-11,Opened
RET0000499,OI00007242,15,2022-12-21,Damaged
RET0000500,OI00007258,15,2020-09-21,Opened
RET0000501,OI00007268,12,2019-08-16,Sealed
RET0000502,OI00007321,18,2023-01-12,Opened
RET0000503,OI00007374,17,2019-10-20,Damaged
RET0000504,OI00007387,4,2025-08-21,Opened
RET0000505,OI00007395,2,2016-09-13,Damaged
RET0000506,OI00007414,16,2019-09-03,Sealed
RET0000507,OI00007450,2,2024-01-24,Opened
RET0000508,OI00007457,13,2023-02-17,Opened
RET0000509,OI00007460,1,2016-11-23,Defective
RET0000510,OI00007462,18,2016-04-30,Opened
RET0000511,OI00007476,9,2017-08-12,Sealed
RET0000512,OI00007490,5,2022-06-09,Opened
RET0000513,OI00007503,8,2021-10-17,Opened
RET0000514,OI00007514,17,2018-06-16,Opened
RET0000515,OI00007515,14,2018-04-10,Opened
RET0000516,OI00007539,17,2021-09-02,Opened
RET0000517,OI00007545,14,2021-04-25,Defective
RET0000518,OI00007551,15,2019-06-08,Damaged
RET0000519,OI00007554,16,2019-05-19,Sealed
RET0000520,OI00007568,13,2019-06-18,Opened
RET0000521,OI00007615,11,2018-04-26,Opened
RET0000522,OI00007624,11,2021-08-06,Sealed
RET0000523,OI00007633,6,2019-01-04,Sealed
RET0000524,OI00007634,16,2021-04-02,Opened
RET0000525,OI00007638,1,2026-06-08,Damaged
RET0000526,OI00007643,11,2023-12-02,Sealed
RET0000527,OI00007645,17,2023-12-11,Opened
RET0000528,OI00007664,8,2020-06-06,Defective
RET0000529,OI00007686,17,2016-05-19,Opened
RET0000530,OI00007703,7,2017-03-17,Opened
RET0000531,OI00007705,16,2017-03-18,Defective
RET0000532,OI00007746,1,2016-02-26,Sealed
RET0000533,OI00007753,6,2021-02-18,Damaged
RET0000534,OI00007761,16,2022-05-31,Sealed
RET0000535,OI00007766,15,2015-11-22,Damaged
RET0000536,OI00007777,8,2019-07-19,Sealed
RET0000537,OI00007802,1,2017-11-30,Opened
RET0000538,OI00007806,11,2023-05-09,Damaged
RET0000539,OI00007811,5,2017-08-02,Sealed
RET0000540,OI00007843,9,2017-04-20,Defective
RET0000541,OI00007849,18,2025-08-23,Sealed
RET0000542,OI00007857,5,2019-06-04,Sealed
RET0000543,OI00007902,4,2021-10-13,Opened
RET0000544,OI00007915,12,2022-11-28,Opened
RET0000545,OI00007942,6,2023-12-27,Opened
RET0000546,OI00007961,5,2022-10-08,Defective
RET0000547,OI00008019,5,2015-06-04,Opened
RET0000548,OI00008020,8,2015-05-31,Opened
RET0000549,OI00008021,10,2017-10-18,Defective
RET0000550,OI00008039,17,2021-09-19,Opened
RET0000551,OI00008065,9,2015-12-15,Sealed
RET0000552,OI00008067,6,2024-03-04,Sealed
RET0000553,OI00008071,5,2022-12-14,Sealed
RET0000554,OI00008101,18,2020-08-12,Opened
RET0000555,OI00008106,15,2019-02-24,Damaged
RET0000556,OI00008134,5,2018-04-14,Opened
RET0000557,OI00008146,2,2018-06-28,Defective
RET0000558,OI00008149,8,2025-07-28,Opened
RET0000559,OI00008161,15,2024-04-29,Opened
RET0000560,OI00008217,5,2026-07-14,Sealed
RET0000561,OI00008226,1,2020-07-19,Opened
RET0000562,OI00008246,1,2020-03-06,Defective
RET0000563,OI00008258,5,2020-05-19,Sealed
RET0000564,OI00008263,12,2026-06-25,Damaged
RET0000565,OI00008273,7,2022-05-03,Opened
RET0000566,OI00008295,1,2018-03-30,Damaged
RET0000567,OI00008340,6,2018-12-01,Defective
RET0000568,OI00008346,8,2016-04-12,Defective
RET0000569,OI00008347,7,2016-04-13,Opened
RET0000570,OI00008430,10,2019-10-26,Damaged
RET0000571,OI00008431,12,2019-11-04,Damaged
RET0000572,OI00008478,4,2024-11-19,Opened
RET0000573,OI00008484,9,2015-01-22,Damaged
RET0000574,OI00008495,10,2025-04-24,Opened
RET0000575,OI00008498,17,2017-12-24,Sealed
RET0000576,OI00008517,2,2019-01-14,Damaged
RET0000577,OI00008544,12,2017-06-15,Opened
RET0000578,OI00008566,8,2018-10-05,Sealed
RET0000579,OI00008603,3,2019-09-24,Sealed
RET0000580,OI00008606,8,2025-05-08,Opened
RET0000581,OI00008676,13,2023-03-31,Opened
RET0000582,OI00008684,17,2023-09-07,Opened
RET0000583,OI00008689,2,2025-03-01,Sealed
RET0000584,OI00008764,18,2017-08-13,Damaged
RET0000585,OI00008785,7,2020-06-09,Opened
RET0000586,OI00008832,18,2019-08-18,Damaged
RET0000587,OI00008835,2,2018-12-04,Sealed
RET0000588,OI00008846,7,2016-12-21,Defective
RET0000589,OI00008861,2,2025-11-05,Sealed
RET0000590,OI00008880,10,2021-09-08,Damaged
RET0000591,OI00008888,7,2024-07-04,Opened
RET0000592,OI00008903,3,2023-07-19,Damaged
RET0000593,OI00008918,18,2017-03-21,Sealed
RET0000594,OI00008935,13,2023-02-06,Opened
RET0000595,OI00008980,11,2021-01-10,Damaged
RET0000596,OI00008985,17,2023-04-09,Damaged
RET0000597,OI00009015,6,2021-12-29,Defective
RET0000598,OI00009019,10,2017-06-17,Sealed
RET0000599,OI00009034,8,2021-06-07,Damaged
RET0000600,OI00009070,11,2016-01-10,Opened
RET0000601,OI00009073,12,2015-12-15,Defective
RET0000602,OI00009075,7,2015-10-12,Sealed
RET0000603,OI00009089,12,2024-06-24,Defective
RET0000604,OI00009124,5,2017-10-30,Opened
RET0000605,OI00009130,13,2022-08-12,Opened
RET0000606,OI00009141,13,2024-03-09,Damaged
RET0000607,OI00009149,2,2025-10-21,Defective
RET0000608,OI00009156,15,2023-06-26,Sealed
RET0000609,OI00009165,8,2018-03-29,Damaged
RET0000610,OI00009172,9,2025-09-28,Defective
RET0000611,OI00009179,4,2017-12-13,Opened
RET0000612,OI00009193,11,2024-05-03,Opened
RET0000613,OI00009198,18,2020-09-12,Sealed
RET0000614,OI00009212,1,2025-03-05,Damaged
RET0000615,OI00009238,12,2018-03-16,Opened
RET0000616,OI00009242,10,2018-07-18,Defective
RET0000617,OI00009256,18,2016-06-09,Defective
RET0000618,OI00009257,6,2025-10-05,Opened
RET0000619,OI00009261,6,2020-01-14,Sealed
RET0000620,OI00009263,16,2024-03-16,Opened
RET0000621,OI00009298,4,2019-01-01,Defective
RET0000622,OI00009303,17,2019-02-12,Sealed
RET0000623,OI00009307,7,2016-01-16,Sealed
RET0000624,OI00009308,15,2016-01-07,Damaged
RET0000625,OI00009309,13,2016-01-19,Opened
RET0000626,OI00009312,11,2017-04-22,Sealed
RET0000627,OI00009341,17,2023-05-17,Opened
RET0000628,OI00009370,10,2023-11-08,Sealed
RET0000629,OI00009400,2,2015-11-04,Sealed
RET0000630,OI00009401,13,2015-11-06,Defective
RET0000631,OI00009417,4,2020-11-10,Damaged
RET0000632,OI00009461,3,2024-01-27,Defective
RET0000633,OI00009463,18,2020-09-23,Sealed
RET0000634,OI00009478,10,2025-08-09,Opened
RET0000635,OI00009510,7,2022-02-05,Defective
RET0000636,OI00009529,2,2018-07-18,Sealed
RET0000637,OI00009541,17,2022-06-19,Sealed
RET0000638,OI00009542,6,2017-08-25,Sealed
RET0000639,OI00009583,2,2021-11-13,Sealed
RET0000640,OI00009588,11,2023-09-02,Damaged
RET0000641,OI00009611,10,2018-12-08,Sealed
RET0000642,OI00009626,8,2021-06-11,Damaged
RET0000643,OI00009632,11,2020-09-01,Damaged
RET0000644,OI00009646,6,2020-06-23,Defective
RET0000645,OI00009649,11,2024-12-25,Sealed
RET0000646,OI00009652,8,2023-12-24,Opened
RET0000647,OI00009672,9,2020-05-31,Sealed
RET0000648,OI00009689,14,2022-05-11,Opened
RET0000649,OI00009690,14,2022-05-14,Sealed
RET0000650,OI00009694,2,2015-08-25,Opened
RET0000651,OI00009712,7,2021-05-26,Damaged
RET0000652,OI00009719,17,2022-08-19,Defective
RET0000653,OI00009723,4,2024-10-23,Opened
RET0000654,OI00009735,5,2026-05-05,Defective
RET0000655,OI00009751,6,2020-06-17,Opened
RET0000656,OI00009765,18,2018-11-01,Opened
RET0000657,OI00009799,10,2019-06-22,Sealed
RET0000658,OI00009807,14,2016-06-11,Opened
RET0000659,OI00009810,12,2020-01-31,Opened
RET0000660,OI00009819,9,2019-07-05,Defective
RET0000661,OI00009822,1,2025-11-20,Damaged
RET0000662,OI00009825,11,2023-08-17,Defective
RET0000663,OI00009845,12,2026-08-02,Damaged
RET0000664,OI00009853,5,2019-03-05,Sealed
RET0000665,OI00009869,1,2022-12-07,Defective
RET0000666,OI00009876,6,2016-05-28,Defective
RET0000667,OI00009886,11,2022-04-09,Opened
RET0000668,OI00009910,17,2024-09-05,Damaged
RET0000669,OI00009912,9,2024-09-09,Defective
RET0000670,OI00009919,9,2019-02-01,Defective
RET0000671,OI00009927,5,2025-05-20,Sealed
RET0000672,OI00009942,8,2015-08-09,Opened
RET0000673,OI00009972,8,2018-04-30,Opened
RET0000674,OI00009985,18,2019-08-14,Defective
RET0000675,OI00009998,6,2017-05-12,Damaged
RET0000676,OI00009999,14,2023-12-16,Sealed
RET0000677,OI00010001,17,2018-11-30,Opened
RET0000678,OI00010009,8,2018-08-15,Defective
RET0000679,OI00010014,3,2024-02-07,Opened
RET0000680,OI00010034,12,2024-04-29,Opened
RET0000681,OI00010037,4,2015-03-30,Sealed
RET0000682,OI00010038,5,2023-08-19,Damaged
RET0000683,OI00010040,1,2017-07-22,Sealed
RET0000684,OI00010042,5,2024-01-10,Damaged
RET0000685,OI00010044,10,2018-06-22,Opened
RET0000686,OI00010048,10,2023-10-03,Opened
RET0000687,OI00010057,10,2024-10-24,Opened
RET0000688,OI00010071,15,2023-03-29,Sealed
RET0000689,OI00010073,16,2019-10-24,Sealed
RET0000690,OI00010081,11,2021-06-22,Opened
RET0000691,OI00010122,14,2022-01-23,Damaged
RET0000692,OI00010150,18,2023-11-05,Defective
RET0000693,OI00010177,9,2023-11-12,Sealed
RET0000694,OI00010194,14,2020-05-09,Defective
RET0000695,OI00010195,8,2016-08-04,Opened
RET0000696,OI00010207,14,2026-03-08,Defective
RET0000697,OI00010214,7,2021-08-04,Damaged
RET0000698,OI00010215,17,2020-06-09,Defective
RET0000699,OI00010242,6,2016-10-15,Opened
RET0000700,OI00010249,13,2023-01-07,Opened
RET0000701,OI00010250,7,2024-05-05,Opened
RET0000702,OI00010285,17,2022-04-12,Sealed
RET0000703,OI00010308,16,2019-01-18,Sealed
RET0000704,OI00010314,3,2025-01-07,Damaged
RET0000705,OI00010337,17,2020-08-07,Opened
RET0000706,OI00010487,11,2022-10-28,Defective
RET0000707,OI00010495,1,2024-12-03,Opened
RET0000708,OI00010573,1,2022-03-05,Sealed
RET0000709,OI00010585,15,2023-06-21,Damaged
RET0000710,OI00010594,18,2018-06-30,Damaged
RET0000711,OI00010630,6,2025-07-17,Damaged
RET0000712,OI00010649,18,2021-10-16,Sealed
RET0000713,OI00010665,3,2016-07-18,Sealed
RET0000714,OI00010676,2,2020-02-14,Sealed
RET0000715,OI00010709,1,2019-08-25,Opened
RET0000716,OI00010758,10,2021-09-26,Opened
RET0000717,OI00010783,18,2019-03-09,Sealed
RET0000718,OI00010788,5,2019-02-24,Opened
RET0000719,OI00010798,2,2016-12-07,Sealed
RET0000720,OI00010810,14,2022-04-22,Opened
RET0000721,OI00010815,17,2025-12-09,Damaged
RET0000722,OI00010835,15,2020-03-28,Damaged
RET0000723,OI00010841,18,2019-12-28,Defective
RET0000724,OI00010855,11,2025-03-26,Damaged
RET0000725,OI00010862,4,2022-12-03,Opened
RET0000726,OI00010865,15,2026-03-28,Sealed
RET0000727,OI00010869,12,2018-05-02,Defective
RET0000728,OI00010880,5,2020-03-16,Sealed
RET0000729,OI00010887,17,2016-02-02,Damaged
RET0000730,OI00010890,10,2022-07-03,Sealed
RET0000731,OI00010918,4,2019-07-18,Opened
RET0000732,OI00010921,16,2016-01-11,Opened
RET0000733,OI00010927,5,2022-10-13,Defective
RET0000734,OI00010936,13,2015-07-23,Damaged
RET0000735,OI00010966,7,2019-11-22,Defective
RET0000736,OI00010969,18,2017-09-27,Damaged
RET0000737,OI00010979,1,2015-10-24,Opened
RET0000738,OI00010983,10,2016-08-23,Sealed
RET0000739,OI00011002,3,2019-01-24,Opened
RET0000740,OI00011019,15,2021-12-31,Opened
RET0000741,OI00011038,12,2025-12-11,Opened
RET0000742,OI00011073,5,2019-06-07,Damaged
RET0000743,OI00011079,8,2017-05-14,Sealed
RET0000744,OI00011095,7,2018-11-18,Sealed
RET0000745,OI00011097,18,2024-07-07,Sealed
RET0000746,OI00011116,14,2024-05-07,Opened
RET0000747,OI00011123,2,2018-07-02,Opened
RET0000748,OI00011140,1,2016-01-22,Sealed
RET0000749,OI00011159,11,2024-10-29,Sealed
RET0000750,OI00011185,16,2022-05-21,Damaged
RET0000751,OI00011196,4,2017-07-24,Defective
RET0000752,OI00011200,2,2024-01-01,Defective
RET0000753,OI00011201,9,2023-12-22,Sealed
RET0000754,OI00011204,16,2020-07-11,Sealed
RET0000755,OI00011205,9,2020-07-15,Sealed
RET0000756,OI00011208,10,2021-11-15,Damaged
RET0000757,OI00011233,10,2026-05-31,Opened
RET0000758,OI00011241,11,2016-06-05,Damaged
RET0000759,OI00011258,7,2024-09-20,Sealed
RET0000760,OI00011261,9,2022-07-03,Damaged
RET0000761,OI00011266,14,2023-03-15,Opened
RET0000762,OI00011315,3,2018-04-02,Sealed
RET0000763,OI00011319,1,2019-03-20,Opened
RET0000764,OI00011331,11,2025-03-31,Sealed
RET0000765,OI00011338,12,2021-08-01,Defective
RET0000766,OI00011341,17,2024-05-25,Sealed
RET0000767,OI00011345,18,2018-06-12,Defective
RET0000768,OI00011354,11,2021-04-05,Damaged
RET0000769,OI00011365,12,2017-04-11,Opened
RET0000770,OI00011401,7,2021-03-17,Defective
RET0000771,OI00011402,1,2021-03-20,Opened
RET0000772,OI00011427,4,2025-07-26,Opened
RET0000773,OI00011460,16,2018-03-15,Opened
RET0000774,OI00011464,17,2025-12-11,Damaged
RET0000775,OI00011491,16,2025-01-26,Damaged
RET0000776,OI00011526,3,2019-07-01,Damaged
RET0000777,OI00011555,14,2024-08-18,Sealed
RET0000778,OI00011579,7,2020-11-04,Opened
RET0000779,OI00011612,12,2015-08-01,Opened
RET0000780,OI00011635,2,2019-12-20,Opened
RET0000781,OI00011636,4,2022-08-10,Opened
RET0000782,OI00011684,7,2020-07-17,Defective
RET0000783,OI00011718,11,2021-12-19,Sealed
RET0000784,OI00011719,13,2021-12-14,Sealed
RET0000785,OI00011733,3,2021-11-29,Opened
RET0000786,OI00011735,18,2025-06-25,Defective
RET0000787,OI00011738,7,2025-08-10,Opened
RET0000788,OI00011744,7,2025-06-23,Defective
RET0000789,OI00011755,10,2021-07-11,Opened
RET0000790,OI00011763,14,2018-05-30,Sealed
RET0000791,OI00011785,12,2020-09-07,Sealed
RET0000792,OI00011813,13,2023-01-05,Damaged
RET0000793,OI00011820,7,2021-06-28,Opened
RET0000794,OI00011824,15,2015-05-31,Opened
RET0000795,OI00011841,12,2016-11-02,Sealed
RET0000796,OI00011888,8,2015-10-13,Opened
RET0000797,OI00011909,4,2023-05-08,Opened
RET0000798,OI00011916,18,2025-04-21,Sealed
RET0000799,OI00011920,13,2021-03-22,Damaged
RET0000800,OI00011948,6,2024-11-02,Opened
RET0000801,OI00011952,5,2022-09-19,Opened
RET0000802,OI00011958,5,2022-04-20,Defective
RET0000803,OI00011980,8,2015-04-07,Sealed
RET0000804,OI00011987,1,2022-01-12,Damaged
RET0000805,OI00012002,3,2023-10-08,Opened
RET0000806,OI00012003,2,2023-10-15,Damaged
RET0000807,OI00012007,14,2019-04-10,Opened
RET0000808,OI00012024,8,2022-04-09,Opened
RET0000809,OI00012048,6,2018-08-24,Sealed
RET0000810,OI00012055,15,2016-06-18,Defective
RET0000811,OI00012059,10,2022-01-30,Defective
RET0000812,OI00012065,14,2026-03-09,Opened
RET0000813,OI00012066,10,2015-05-16,Damaged
RET0000814,OI00012074,15,2021-07-25,Opened
RET0000815,OI00012086,1,2019-01-11,Opened
RET0000816,OI00012088,17,2017-12-26,Sealed
RET0000817,OI00012092,11,2025-12-11,Sealed
RET0000818,OI00012101,3,2017-02-20,Damaged
RET0000819,OI00012119,10,2015-10-06,Damaged
RET0000820,OI00012123,9,2019-07-21,Damaged
RET0000821,OI00012141,18,2022-01-25,Damaged
RET0000822,OI00012143,7,2019-06-24,Opened
RET0000823,OI00012201,11,2016-09-25,Sealed
RET0000824,OI00012212,1,2019-09-21,Sealed
RET0000825,OI00012252,15,2017-01-28,Opened
RET0000826,OI00012262,9,2020-05-05,Opened
RET0000827,OI00012264,1,2020-05-15,Opened
RET0000828,OI00012283,12,2026-07-28,Defective
RET0000829,OI00012345,16,2019-08-31,Damaged
RET0000830,OI00012347,18,2024-06-14,Damaged
RET0000831,OI00012364,5,2026-06-13,Opened
RET0000832,OI00012397,6,2018-09-07,Opened
RET0000833,OI00012411,13,2020-05-08,Opened
RET0000834,OI00012423,7,2025-07-16,Opened
RET0000835,OI00012437,16,2021-10-23,Sealed
RET0000836,OI00012438,4,2026-05-18,Sealed
RET0000837,OI00012454,13,2017-06-16,Sealed
RET0000838,OI00012464,8,2021-05-29,Opened
RET0000839,OI00012468,4,2016-03-05,Sealed
RET0000840,OI00012486,6,2020-11-13,Sealed
RET0000841,OI00012490,3,2026-07-15,Damaged
RET0000842,OI00012524,10,2019-05-28,Damaged
RET0000843,OI00012543,1,2019-01-24,Damaged
RET0000844,OI00012559,6,2026-02-07,Opened
RET0000845,OI00012565,14,2025-02-10,Damaged
RET0000846,OI00012571,15,2022-04-11,Defective
RET0000847,OI00012600,14,2021-05-09,Sealed
RET0000848,OI00012602,8,2020-05-29,Sealed
RET0000849,OI00012609,12,2018-12-10,Opened
RET0000850,OI00012622,6,2021-11-22,Sealed
RET0000851,OI00012661,10,2023-05-06,Opened
RET0000852,OI00012674,12,2015-02-22,Defective
RET0000853,OI00012686,15,2016-07-07,Opened
RET0000854,OI00012694,7,2020-06-12,Damaged
RET0000855,OI00012695,10,2023-10-09,Damaged
RET0000856,OI00012712,13,2019-05-08,Opened
RET0000857,OI00012722,16,2017-03-10,Damaged
RET0000858,OI00012727,13,2025-12-03,Opened
RET0000859,OI00012756,5,2026-07-28,Opened
RET0000860,OI00012768,6,2024-03-23,Opened
RET0000861,OI00012777,3,2023-12-25,Sealed
RET0000862,OI00012778,4,2016-12-04,Sealed
RET0000863,OI00012786,12,2020-04-04,Sealed
RET0000864,OI00012787,4,2017-09-04,Sealed
RET0000865,OI00012805,16,2017-02-13,Opened
RET0000866,OI00012808,15,2015-08-13,Sealed
RET0000867,OI00012810,10,2023-02-08,Sealed
RET0000868,OI00012837,15,2022-01-17,Opened
RET0000869,OI00012867,13,2024-01-01,Opened
RET0000870,OI00012870,14,2018-05-15,Opened
RET0000871,OI00012916,8,2018-07-19,Defective
RET0000872,OI00012946,13,2016-02-22,Defective
RET0000873,OI00012949,9,2017-02-01,Defective
RET0000874,OI00012969,1,2021-06-16,Sealed
RET0000875,OI00012983,1,2021-05-06,Damaged
RET0000876,OI00012992,3,2015-04-26,Defective
RET0000877,OI00013011,4,2024-03-30,Opened
RET0000878,OI00013014,5,2023-07-18,Damaged
RET0000879,OI00013022,17,2024-11-08,Defective
RET0000880,OI00013044,5,2015-03-15,Damaged
RET0000881,OI00013053,14,2025-05-30,Damaged
RET0000882,OI00013057,15,2026-01-06,Defective
RET0000883,OI00013071,7,2024-07-27,Sealed
RET0000884,OI00013105,1,2018-05-14,Defective
RET0000885,OI00013131,14,2022-03-18,Sealed
RET0000886,OI00013169,9,2024-09-10,Opened
RET0000887,OI00013185,3,2020-04-15,Opened
RET0000888,OI00013204,8,2025-04-27,Sealed
RET0000889,OI00013241,6,2025-04-23,Opened
RET0000890,OI00013276,17,2020-10-22,Damaged
RET0000891,OI00013280,14,2020-04-19,Damaged
RET0000892,OI00013304,4,2023-12-23,Sealed
RET0000893,OI00013309,11,2019-12-31,Defective
RET0000894,OI00013330,8,2024-11-15,Opened
RET0000895,OI00013361,2,2024-06-13,Opened
RET0000896,OI00013369,15,2020-11-18,Opened
RET0000897,OI00013381,3,2023-10-10,Opened
RET0000898,OI00013382,12,2023-10-07,Opened
RET0000899,OI00013398,3,2015-03-14,Opened
RET0000900,OI00013405,17,2018-03-17,Damaged
RET0000901,OI00013421,17,2025-11-16,Opened
RET0000902,OI00013424,15,2015-09-29,Opened
RET0000903,OI00013440,8,2026-01-05,Sealed
RET0000904,OI00013451,15,2025-09-30,Defective
RET0000905,OI00013464,10,2024-08-12,Damaged
RET0000906,OI00013486,6,2020-07-12,Damaged
RET0000907,OI00013494,14,2016-07-12,Defective
RET0000908,OI00013515,15,2017-09-23,Defective
RET0000909,OI00013538,18,2023-07-14,Damaged
RET0000910,OI00013552,14,2026-01-17,Sealed
RET0000911,OI00013567,16,2017-09-04,Sealed
RET0000912,OI00013571,9,2017-12-11,Opened
RET0000913,OI00013572,13,2017-12-11,Opened
RET0000914,OI00013597,9,2024-01-06,Opened
RET0000915,OI00013605,10,2024-02-02,Sealed
RET0000916,OI00013606,16,2024-02-05,Opened
RET0000917,OI00013625,15,2017-07-06,Sealed
RET0000918,OI00013636,14,2022-08-25,Damaged
RET0000919,OI00013638,8,2022-12-03,Defective
RET0000920,OI00013656,17,2017-05-13,Opened
RET0000921,OI00013687,18,2025-05-04,Damaged
RET0000922,OI00013689,10,2022-04-11,Damaged
RET0000923,OI00013695,3,2015-10-12,Opened
RET0000924,OI00013702,7,2023-01-08,Damaged
RET0000925,OI00013749,2,2015-10-03,Sealed
RET0000926,OI00013764,18,2021-12-06,Opened
RET0000927,OI00013770,10,2026-02-09,Opened
RET0000928,OI00013782,12,2015-09-08,Damaged
RET0000929,OI00013797,15,2015-08-27,Opened
RET0000930,OI00013813,5,2017-01-15,Opened
RET0000931,OI00013824,6,2019-09-16,Sealed
RET0000932,OI00013887,3,2015-01-26,Opened
RET0000933,OI00013914,14,2026-04-15,Opened
RET0000934,OI00013916,6,2021-09-15,Defective
RET0000935,OI00013939,3,2022-09-30,Sealed
RET0000936,OI00013940,4,2025-04-30,Opened
RET0000937,OI00013944,12,2026-03-22,Opened
RET0000938,OI00013949,2,2023-10-24,Opened
RET0000939,OI00013950,15,2023-10-18,Sealed
RET0000940,OI00013960,7,2022-03-15,Damaged
RET0000941,OI00013964,16,2023-03-01,Sealed
RET0000942,OI00013974,15,2017-07-21,Opened
RET0000943,OI00013975,17,2025-12-16,Sealed
RET0000944,OI00013994,8,2015-06-26,Opened
RET0000945,OI00014031,7,2018-08-15,Opened
RET0000946,OI00014041,16,2016-11-05,Opened
RET0000947,OI00014050,15,2025-11-18,Sealed
RET0000948,OI00014064,10,2019-04-01,Opened
RET0000949,OI00014082,10,2024-07-12,Defective
RET0000950,OI00014089,8,2025-05-13,Defective
RET0000951,OI00014097,5,2025-04-12,Opened
RET0000952,OI00014101,5,2023-01-11,Sealed
RET0000953,OI00014116,12,2017-04-02,Sealed
RET0000954,OI00014143,2,2018-07-14,Damaged
RET0000955,OI00014193,17,2017-10-01,Sealed
RET0000956,OI00014210,8,2018-11-26,Defective
RET0000957,OI00014216,4,2024-08-07,Opened
RET0000958,OI00014223,18,2017-08-01,Opened
RET0000959,OI00014244,17,2020-07-09,Opened
RET0000960,OI00014246,12,2017-12-07,Opened
RET0000961,OI00014282,10,2025-03-30,Sealed
RET0000962,OI00014286,18,2024-12-17,Sealed
RET0000963,OI00014287,6,2024-12-26,Defective
RET0000964,OI00014298,13,2022-04-18,Opened
RET0000965,OI00014304,14,2020-10-05,Defective
RET0000966,OI00014329,1,2017-02-14,Damaged
RET0000967,OI00014337,14,2022-03-14,Opened
RET0000968,OI00014340,17,2015-06-20,Opened
RET0000969,OI00014354,13,2016-03-28,Opened
RET0000970,OI00014369,2,2017-10-01,Defective
RET0000971,OI00014377,9,2016-02-25,Damaged
RET0000972,OI00014389,18,2025-09-30,Sealed
RET0000973,OI00014392,9,2022-10-10,Sealed
RET0000974,OI00014394,8,2018-10-25,Sealed
RET0000975,OI00014407,13,2015-03-10,Sealed
RET0000976,OI00014416,10,2024-01-20,Opened
RET0000977,OI00014443,4,2025-10-26,Damaged
RET0000978,OI00014460,9,2021-09-04,Sealed
RET0000979,OI00014511,2,2021-01-31,Damaged
RET0000980,OI00014525,8,2019-08-15,Opened
RET0000981,OI00014590,3,2021-12-02,Sealed
RET0000982,OI00014591,2,2019-11-09,Damaged
RET0000983,OI00014601,2,2016-06-28,Opened
RET0000984,OI00014605,11,2023-07-11,Opened
RET0000985,OI00014618,18,2020-03-22,Sealed
RET0000986,OI00014633,12,2024-06-19,Opened
RET0000987,OI00014647,15,2022-10-19,Defective
RET0000988,OI00014656,12,2017-08-31,Opened
RET0000989,OI00014685,3,2025-05-18,Damaged
RET0000990,OI00014690,14,2017-07-07,Opened
RET0000991,OI00014725,14,2024-10-04,Damaged
RET0000992,OI00014731,5,2022-05-28,Damaged
RET0000993,OI00014789,3,2021-06-06,Sealed
RET0000994,OI00014803,15,2023-05-10,Sealed
RET0000995,OI00014826,9,2025-05-07,Opened
RET0000996,OI00014834,3,2025-01-13,Damaged
RET0000997,OI00014848,5,2017-09-12,Sealed
RET0000998,OI00014867,5,2024-11-02,Opened
RET0000999,OI00014871,14,2026-03-15,Damaged
RET0001000,OI00014906,15,2022-05-27,Opened
RET0001001,OI00014921,10,2017-03-02,Opened
RET0001002,OI00014943,3,2017-01-05,Defective
RET0001003,OI00014949,7,2021-08-14,Opened
RET0001004,OI00014950,15,2022-08-04,Sealed
RET0001005,OI00014953,3,2025-04-30,Opened
RET0001006,OI00014954,6,2024-08-17,Opened
RET0001007,OI00014959,11,2025-08-07,Opened
RET0001008,OI00014969,15,2019-09-04,Defective
RET0001009,OI00014974,8,2026-06-27,Sealed
RET0001010,OI00014986,3,2025-12-05,Sealed
RET0001011,OI00014991,2,2023-10-23,Damaged
RET0001012,OI00014999,6,2015-02-26,Sealed
RET0001013,OI00015048,2,2025-02-15,Defective
RET0001014,OI00015065,3,2025-11-26,Damaged
RET0001015,OI00015088,17,2016-09-23,Sealed
RET0001016,OI00015091,4,2021-10-06,Damaged
RET0001017,OI00015095,1,2018-10-30,Sealed
RET0001018,OI00015114,10,2025-09-30,Damaged
RET0001019,OI00015118,10,2015-12-02,Defective
RET0001020,OI00015142,17,2024-09-01,Sealed
RET0001021,OI00015144,2,2025-09-02,Damaged
RET0001022,OI00015148,17,2015-12-12,Sealed
RET0001023,OI00015161,6,2018-11-22,Opened
RET0001024,OI00015208,8,2024-11-01,Defective
RET0001025,OI00015261,14,2020-07-04,Damaged
RET0001026,OI00015312,8,2017-02-01,Opened
RET0001027,OI00015344,18,2022-02-04,Opened
RET0001028,OI00015360,1,2016-10-15,Sealed
RET0001029,OI00015362,1,2020-04-18,Defective
RET0001030,OI00015372,12,2015-03-17,Sealed
RET0001031,OI00015374,16,2022-09-18,Defective
RET0001032,OI00015379,6,2015-04-08,Sealed
RET0001033,OI00015395,18,2016-02-18,Sealed
RET0001034,OI00015398,2,2018-01-14,Defective
RET0001035,OI00015404,2,2019-07-22,Defective
RET0001036,OI00015413,4,2017-09-04,Damaged
RET0001037,OI00015439,14,2017-03-13,Damaged
RET0001038,OI00015447,9,2023-08-06,Opened
RET0001039,OI00015469,9,2023-04-04,Opened
RET0001040,OI00015495,1,2018-10-02,Opened
RET0001041,OI00015505,15,2016-03-09,Damaged
RET0001042,OI00015548,7,2023-12-30,Sealed
RET0001043,OI00015550,15,2020-10-29,Opened
RET0001044,OI00015552,18,2019-04-04,Damaged
RET0001045,OI00015566,16,2018-10-01,Defective
RET0001046,OI00015570,15,2025-10-29,Opened
RET0001047,OI00015591,3,2015-03-08,Defective
RET0001048,OI00015602,10,2015-06-08,Opened
RET0001049,OI00015606,5,2016-10-21,Opened
RET0001050,OI00015614,12,2017-06-26,Opened
RET0001051,OI00015621,14,2022-08-02,Opened
RET0001052,OI00015637,17,2020-06-24,Damaged
RET0001053,OI00015643,9,2025-12-22,Opened
RET0001054,OI00015647,2,2020-02-15,Opened
RET0001055,OI00015666,14,2017-06-15,Opened
RET0001056,OI00015724,2,2016-01-02,Defective
RET0001057,OI00015729,7,2022-11-23,Opened
RET0001058,OI00015777,6,2017-01-16,Opened
RET0001059,OI00015790,6,2021-03-05,Opened
RET0001060,OI00015791,11,2021-03-06,Damaged
RET0001061,OI00015796,2,2019-02-12,Defective
RET0001062,OI00015808,6,2022-09-18,Sealed
RET0001063,OI00015840,10,2018-10-19,Damaged
RET0001064,OI00015855,4,2017-12-13,Sealed
RET0001065,OI00015875,7,2025-08-08,Damaged
RET0001066,OI00015885,11,2024-07-16,Damaged
RET0001067,OI00015922,1,2015-06-10,Defective
RET0001068,OI00015942,1,2017-01-02,Defective
RET0001069,OI00015954,12,2019-03-26,Opened
RET0001070,OI00015981,4,2026-06-05,Opened
RET0001071,OI00015986,11,2018-04-06,Opened
RET0001072,OI00015987,13,2018-04-07,Opened
RET0001073,OI00015991,14,2017-12-28,Opened
RET0001074,OI00016015,5,2021-01-12,Opened
RET0001075,OI00016027,11,2021-10-26,Opened
RET0001076,OI00016065,18,2019-09-20,Sealed
RET0001077,OI00016070,7,2026-08-09,Damaged
RET0001078,OI00016086,8,2019-11-09,Opened
RET0001079,OI00016098,3,2015-09-28,Sealed
RET0001080,OI00016106,15,2023-07-25,Opened
RET0001081,OI00016107,5,2023-07-23,Damaged
RET0001082,OI00016144,15,2023-09-16,Sealed
RET0001083,OI00016146,18,2023-09-23,Sealed
RET0001084,OI00016151,13,2015-01-19,Damaged
RET0001085,OI00016154,2,2015-01-15,Sealed
RET0001086,OI00016175,13,2021-04-12,Damaged
RET0001087,OI00016177,7,2026-01-30,Damaged
RET0001088,OI00016180,14,2025-08-03,Sealed
RET0001089,OI00016203,15,2016-06-28,Sealed
RET0001090,OI00016212,1,2017-09-28,Opened
RET0001091,OI00016226,8,2023-01-05,Damaged
RET0001092,OI00016234,4,2022-06-05,Opened
RET0001093,OI00016235,1,2022-06-18,Defective
RET0001094,OI00016240,1,2025-05-13,Opened
RET0001095,OI00016268,16,2022-09-15,Defective
RET0001096,OI00016274,14,2025-07-16,Opened
RET0001097,OI00016292,7,2026-03-16,Sealed
RET0001098,OI00016315,2,2021-03-15,Opened
RET0001099,OI00016317,1,2022-05-07,Opened
RET0001100,OI00016342,12,2016-10-07,Opened
RET0001101,OI00016385,6,2022-05-22,Sealed
RET0001102,OI00016424,13,2025-12-21,Sealed
RET0001103,OI00016426,1,2020-07-03,Opened
RET0001104,OI00016434,7,2025-02-08,Sealed
RET0001105,OI00016437,11,2020-03-05,Damaged
RET0001106,OI00016447,13,2020-07-10,Opened
RET0001107,OI00016517,17,2021-02-24,Sealed
RET0001108,OI00016554,11,2019-01-19,Damaged
RET0001109,OI00016563,10,2015-12-13,Sealed
RET0001110,OI00016575,13,2016-07-28,Sealed
RET0001111,OI00016580,4,2022-08-30,Sealed
RET0001112,OI00016604,18,2020-11-05,Damaged
RET0001113,OI00016608,2,2026-05-25,Opened
RET0001114,OI00016621,3,2016-12-24,Sealed
RET0001115,OI00016623,5,2016-09-22,Sealed
RET0001116,OI00016627,8,2016-10-30,Opened
RET0001117,OI00016630,12,2017-03-16,Sealed
RET0001118,OI00016661,5,2024-03-14,Sealed
RET0001119,OI00016670,12,2023-08-26,Sealed
RET0001120,OI00016675,4,2016-11-05,Opened
RET0001121,OI00016685,7,2024-03-25,Sealed
RET0001122,OI00016693,4,2023-06-29,Opened
RET0001123,OI00016697,5,2023-09-05,Opened
RET0001124,OI00016712,9,2021-01-19,Damaged
RET0001125,OI00016770,4,2022-07-03,Sealed
RET0001126,OI00016799,11,2020-12-23,Sealed
RET0001127,OI00016809,12,2015-01-15,Opened
RET0001128,OI00016829,16,2026-06-05,Opened
RET0001129,OI00016854,8,2023-02-02,Opened
RET0001130,OI00016855,6,2022-10-18,Opened
RET0001131,OI00016878,15,2020-02-29,Sealed
RET0001132,OI00016881,3,2020-02-29,Sealed
RET0001133,OI00016893,18,2017-01-06,Sealed
RET0001134,OI00016895,2,2016-01-06,Opened
RET0001135,OI00016901,10,2020-02-12,Damaged
RET0001136,OI00016902,5,2020-02-11,Opened
RET0001137,OI00016937,9,2026-08-04,Damaged
RET0001138,OI00016940,6,2026-07-23,Sealed
RET0001139,OI00016948,15,2016-02-14,Damaged
RET0001140,OI00016979,15,2015-07-30,Damaged
RET0001141,OI00016989,3,2022-07-19,Sealed
RET0001142,OI00017007,12,2024-10-06,Sealed
RET0001143,OI00017016,13,2022-05-15,Opened
RET0001144,OI00017021,10,2018-03-23,Sealed
RET0001145,OI00017068,5,2022-03-21,Damaged
RET0001146,OI00017093,18,2017-09-03,Opened
RET0001147,OI00017125,15,2021-07-03,Defective
RET0001148,OI00017149,10,2018-11-02,Sealed
RET0001149,OI00017171,1,2015-10-01,Opened
RET0001150,OI00017175,13,2017-03-13,Opened
RET0001151,OI00017176,17,2017-03-12,Opened
RET0001152,OI00017178,3,2025-02-06,Defective
RET0001153,OI00017196,8,2024-09-06,Sealed
RET0001154,OI00017197,17,2024-09-08,Damaged
RET0001155,OI00017207,3,2015-08-23,Opened
RET0001156,OI00017211,5,2020-06-19,Opened
RET0001157,OI00017213,15,2015-03-18,Opened
RET0001158,OI00017220,12,2024-09-03,Damaged
RET0001159,OI00017282,2,2017-11-27,Sealed
RET0001160,OI00017291,6,2022-10-15,Opened
RET0001161,OI00017303,15,2026-06-26,Sealed
RET0001162,OI00017308,8,2021-06-26,Opened
RET0001163,OI00017309,5,2021-06-22,Opened
RET0001164,OI00017329,9,2022-07-20,Opened
RET0001165,OI00017335,11,2019-12-31,Opened
RET0001166,OI00017360,2,2025-04-09,Opened
RET0001167,OI00017450,8,2019-09-13,Opened
RET0001168,OI00017462,3,2025-11-23,Defective
RET0001169,OI00017484,14,2020-06-12,Defective
RET0001170,OI00017503,18,2021-04-06,Sealed
RET0001171,OI00017506,10,2017-10-15,Opened
RET0001172,OI00017512,8,2023-06-04,Opened
RET0001173,OI00017521,12,2025-09-15,Opened
RET0001174,OI00017523,12,2022-06-04,Sealed
RET0001175,OI00017532,9,2016-03-14,Sealed
RET0001176,OI00017549,6,2021-08-22,Opened
RET0001177,OI00017550,18,2021-08-20,Opened
RET0001178,OI00017557,4,2023-07-24,Damaged
RET0001179,OI00017579,3,2018-07-24,Defective
RET0001180,OI00017580,11,2018-07-25,Opened
RET0001181,OI00017594,17,2016-12-28,Damaged
RET0001182,OI00017607,5,2021-08-06,Defective
RET0001183,OI00017617,9,2015-12-26,Opened
RET0001184,OI00017625,8,2019-04-18,Defective
RET0001185,OI00017633,4,2019-11-28,Sealed
RET0001186,OI00017636,1,2016-10-03,Opened
RET0001187,OI00017649,1,2016-06-12,Defective
RET0001188,OI00017661,16,2016-02-17,Sealed
RET0001189,OI00017669,1,2018-08-26,Opened
RET0001190,OI00017692,9,2023-04-03,Defective
RET0001191,OI00017731,17,2019-09-24,Damaged
RET0001192,OI00017753,10,2023-11-30,Damaged
RET0001193,OI00017758,10,2023-06-18,Opened
RET0001194,OI00017785,9,2024-10-14,Damaged
RET0001195,OI00017811,7,2022-07-28,Damaged
RET0001196,OI00017812,6,2022-08-02,Opened
RET0001197,OI00017830,5,2022-03-16,Defective
RET0001198,OI00017840,13,2015-03-07,Damaged
RET0001199,OI00017858,4,2019-04-03,Damaged
RET0001200,OI00017861,1,2022-06-27,Opened
RET0001201,OI00017862,15,2017-09-04,Defective
RET0001202,OI00017885,1,2022-02-01,Defective
RET0001203,OI00017918,13,2017-12-14,Damaged
RET0001204,OI00018002,5,2021-09-28,Opened
RET0001205,OI00018012,4,2018-12-14,Damaged
RET0001206,OI00018018,6,2022-05-13,Sealed
RET0001207,OI00018025,11,2021-05-09,Opened
RET0001208,OI00018074,15,2020-09-19,Defective
RET0001209,OI00018076,12,2022-04-18,Opened
RET0001210,OI00018090,16,2026-03-11,Sealed
RET0001211,OI00018097,4,2017-01-07,Sealed
RET0001212,OI00018129,10,2020-07-26,Damaged
RET0001213,OI00018143,16,2015-03-13,Opened
RET0001214,OI00018144,2,2026-01-17,Sealed
RET0001215,OI00018152,18,2016-01-05,Opened
RET0001216,OI00018157,15,2025-07-30,Defective
RET0001217,OI00018158,9,2018-03-16,Opened
RET0001218,OI00018201,9,2019-09-09,Defective
RET0001219,OI00018229,17,2016-07-26,Defective
RET0001220,OI00018238,15,2018-05-10,Opened
RET0001221,OI00018248,3,2020-05-21,Opened
RET0001222,OI00018284,3,2016-06-16,Sealed
RET0001223,OI00018290,15,2019-11-08,Opened
RET0001224,OI00018322,10,2019-02-08,Damaged
RET0001225,OI00018334,1,2020-07-15,Opened
RET0001226,OI00018339,2,2025-06-09,Opened
RET0001227,OI00018344,6,2021-12-24,Sealed
RET0001228,OI00018373,12,2023-12-11,Opened
RET0001229,OI00018384,9,2023-05-16,Damaged
RET0001230,OI00018410,5,2017-07-25,Sealed
RET0001231,OI00018439,2,2019-05-02,Sealed
RET0001232,OI00018467,18,2019-05-05,Opened
RET0001233,OI00018473,5,2018-04-21,Sealed
RET0001234,OI00018510,14,2017-12-27,Damaged
RET0001235,OI00018514,5,2024-03-12,Opened
RET0001236,OI00018515,10,2025-07-10,Opened
RET0001237,OI00018535,2,2020-01-22,Damaged
RET0001238,OI00018538,15,2022-05-04,Damaged
RET0001239,OI00018540,1,2026-07-23,Opened
RET0001240,OI00018553,13,2025-02-02,Damaged
RET0001241,OI00018576,16,2025-10-26,Sealed
RET0001242,OI00018584,18,2015-09-16,Sealed
RET0001243,OI00018586,7,2022-04-18,Sealed
RET0001244,OI00018589,10,2016-05-04,Defective
RET0001245,OI00018613,12,2023-07-01,Opened
RET0001246,OI00018614,14,2023-06-30,Opened
RET0001247,OI00018619,5,2017-09-13,Opened
RET0001248,OI00018621,13,2017-09-06,Defective
RET0001249,OI00018632,17,2019-08-29,Opened
RET0001250,OI00018658,3,2023-03-24,Opened
RET0001251,OI00018670,2,2022-03-16,Defective
RET0001252,OI00018692,9,2021-04-25,Opened
RET0001253,OI00018707,5,2020-10-07,Sealed
RET0001254,OI00018708,17,2020-09-28,Opened
RET0001255,OI00018726,15,2015-05-12,Damaged
RET0001256,OI00018742,5,2023-07-28,Sealed
RET0001257,OI00018745,3,2021-06-10,Defective
RET0001258,OI00018748,16,2025-09-15,Opened
RET0001259,OI00018752,12,2025-05-20,Sealed
RET0001260,OI00018763,8,2017-06-05,Sealed
RET0001261,OI00018768,4,2016-03-02,Opened
RET0001262,OI00018776,4,2017-02-20,Opened
RET0001263,OI00018779,4,2025-06-25,Opened
RET0001264,OI00018813,4,2022-06-29,Sealed
RET0001265,OI00018835,1,2022-04-13,Sealed
RET0001266,OI00018837,10,2022-12-12,Opened
RET0001267,OI00018865,3,2021-02-10,Opened
RET0001268,OI00018889,14,2025-02-14,Damaged
RET0001269,OI00018892,8,2018-05-23,Opened
RET0001270,OI00018917,6,2018-10-24,Opened
RET0001271,OI00018947,1,2024-12-02,Opened
RET0001272,OI00018957,16,2016-10-25,Damaged
RET0001273,OI00018963,9,2015-04-12,Opened
RET0001274,OI00018997,14,2026-04-30,Opened
RET0001275,OI00019008,15,2020-10-08,Opened
RET0001276,OI00019015,17,2021-12-19,Opened
RET0001277,OI00019016,17,2021-12-18,Damaged
RET0001278,OI00019019,10,2024-09-13,Opened
RET0001279,OI00019028,18,2018-08-30,Opened
RET0001280,OI00019038,5,2018-01-03,Opened
RET0001281,OI00019042,5,2026-05-30,Sealed
RET0001282,OI00019047,12,2022-03-21,Damaged
RET0001283,OI00019051,3,2023-03-30,Opened
RET0001284,OI00019062,15,2023-08-31,Opened
RET0001285,OI00019069,16,2022-02-27,Sealed
RET0001286,OI00019082,2,2017-12-10,Opened
RET0001287,OI00019094,2,2020-04-01,Opened
RET0001288,OI00019098,15,2017-05-25,Opened
RET0001289,OI00019111,7,2021-01-25,Opened
RET0001290,OI00019113,6,2022-01-25,Opened
RET0001291,OI00019128,10,2018-09-30,Opened
RET0001292,OI00019138,15,2015-01-17,Opened
RET0001293,OI00019185,12,2024-08-18,Damaged
RET0001294,OI00019195,5,2022-01-15,Sealed
RET0001295,OI00019200,1,2024-03-04,Opened
RET0001296,OI00019256,3,2026-04-26,Sealed
RET0001297,OI00019351,16,2023-07-18,Sealed
RET0001298,OI00019367,3,2017-04-26,Opened
RET0001299,OI00019400,2,2024-05-11,Opened
RET0001300,OI00019407,11,2020-02-20,Sealed
RET0001301,OI00019410,6,2018-03-08,Opened
RET0001302,OI00019418,17,2026-05-22,Opened
RET0001303,OI00019423,10,2019-05-24,Defective
RET0001304,OI00019425,13,2023-12-10,Defective
RET0001305,OI00019459,15,2018-12-28,Sealed
RET0001306,OI00019471,4,2024-03-24,Opened
RET0001307,OI00019480,9,2021-03-29,Sealed
RET0001308,OI00019500,7,2022-04-23,Sealed
RET0001309,OI00019528,1,2015-10-09,Sealed
RET0001310,OI00019557,6,2017-03-11,Opened
RET0001311,OI00019560,15,2015-10-13,Defective
RET0001312,OI00019616,11,2020-08-21,Opened
RET0001313,OI00019631,17,2024-03-19,Opened
RET0001314,OI00019634,13,2019-08-28,Defective
RET0001315,OI00019649,14,2019-01-22,Defective
RET0001316,OI00019653,13,2016-09-24,Opened
RET0001317,OI00019674,5,2015-08-29,Opened
RET0001318,OI00019676,15,2015-03-22,Sealed
RET0001319,OI00019703,5,2016-03-29,Opened
RET0001320,OI00019704,6,2016-04-02,Damaged
RET0001321,OI00019720,5,2016-03-21,Defective
RET0001322,OI00019727,8,2025-05-04,Opened
RET0001323,OI00019732,5,2022-02-26,Defective
RET0001324,OI00019756,14,2023-06-02,Opened
RET0001325,OI00019780,6,2015-09-14,Opened
RET0001326,OI00019789,12,2018-02-21,Sealed
RET0001327,OI00019831,8,2017-03-23,Sealed
RET0001328,OI00019853,3,2021-10-21,Opened
RET0001329,OI00019890,7,2024-12-29,Damaged
RET0001330,OI00019896,8,2025-09-15,Opened
RET0001331,OI00019925,12,2024-04-03,Damaged
RET0001332,OI00020001,1,2017-04-23,Opened
RET0001333,OI00020015,10,2020-04-24,Defective
RET0001334,OI00020106,10,2020-06-10,Opened
RET0001335,OI00020115,5,2023-01-21,Opened
RET0001336,OI00020118,15,2018-02-20,Damaged
RET0001337,OI00020133,13,2026-05-13,Opened
RET0001338,OI00020158,18,2023-08-20,Opened
RET0001339,OI00020159,1,2023-08-13,Sealed
RET0001340,OI00020223,2,2015-03-08,Opened
RET0001341,OI00020241,12,2022-04-06,Sealed
RET0001342,OI00020255,2,2019-09-12,Opened
RET0001343,OI00020265,16,2022-03-05,Defective
RET0001344,OI00020276,1,2018-11-09,Sealed
RET0001345,OI00020282,4,2021-07-07,Defective
RET0001346,OI00020285,3,2016-09-09,Opened
RET0001347,OI00020293,13,2017-07-29,Opened
RET0001348,OI00020301,13,2024-10-03,Damaged
RET0001349,OI00020308,1,2016-08-03,Opened
RET0001350,OI00020311,4,2015-09-22,Opened
RET0001351,OI00020333,18,2021-07-04,Sealed
RET0001352,OI00020336,15,2015-08-08,Sealed
RET0001353,OI00020343,10,2026-03-20,Sealed
RET0001354,OI00020373,16,2026-03-15,Damaged
RET0001355,OI00020411,17,2019-04-24,Sealed
RET0001356,OI00020433,2,2021-10-18,Sealed
RET0001357,OI00020458,7,2015-10-01,Damaged
RET0001358,OI00020477,6,2025-09-15,Opened
RET0001359,OI00020498,13,2026-03-10,Sealed
RET0001360,OI00020505,2,2021-10-19,Sealed
RET0001361,OI00020535,18,2021-05-05,Opened
RET0001362,OI00020549,15,2015-02-19,Damaged
RET0001363,OI00020550,4,2024-05-16,Opened
RET0001364,OI00020554,18,2025-12-26,Opened
RET0001365,OI00020580,9,2021-06-28,Opened
RET0001366,OI00020611,6,2025-04-23,Defective
RET0001367,OI00020621,1,2018-01-18,Sealed
RET0001368,OI00020656,2,2018-02-22,Defective
RET0001369,OI00020684,2,2017-12-31,Opened
RET0001370,OI00020686,13,2017-10-18,Sealed
RET0001371,OI00020700,8,2020-06-12,Opened
RET0001372,OI00020712,9,2022-05-30,Damaged
RET0001373,OI00020737,5,2019-05-08,Sealed
RET0001374,OI00020740,13,2018-08-24,Defective
RET0001375,OI00020753,8,2023-09-07,Defective
RET0001376,OI00020758,4,2017-06-08,Defective
RET0001377,OI00020772,9,2017-11-18,Opened
RET0001378,OI00020779,14,2021-09-17,Opened
RET0001379,OI00020790,6,2024-09-27,Opened
RET0001380,OI00020794,18,2025-08-06,Sealed
RET0001381,OI00020824,17,2023-04-07,Damaged
RET0001382,OI00020843,17,2017-07-04,Sealed
RET0001383,OI00020852,10,2017-03-20,Opened
RET0001384,OI00020855,16,2017-07-11,Opened
RET0001385,OI00020878,4,2024-06-01,Sealed
RET0001386,OI00020884,15,2025-01-22,Damaged
RET0001387,OI00020889,14,2016-05-13,Opened
RET0001388,OI00020900,11,2026-02-15,Damaged
RET0001389,OI00020904,6,2020-05-14,Damaged
RET0001390,OI00020922,7,2018-05-16,Damaged
RET0001391,OI00020924,1,2018-05-15,Defective
RET0001392,OI00020945,12,2018-08-07,Opened
RET0001393,OI00020949,4,2024-02-17,Opened
RET0001394,OI00020950,13,2022-10-15,Opened
RET0001395,OI00020954,14,2023-08-26,Sealed
RET0001396,OI00020973,1,2017-02-15,Damaged
RET0001397,OI00020979,4,2023-03-11,Opened
RET0001398,OI00020987,1,2024-06-20,Opened
RET0001399,OI00021019,5,2017-11-05,Sealed
RET0001400,OI00021023,9,2025-03-08,Opened
RET0001401,OI00021025,8,2024-11-29,Sealed
RET0001402,OI00021033,13,2024-12-27,Opened
RET0001403,OI00021045,2,2015-10-17,Defective
RET0001404,OI00021050,10,2022-04-05,Sealed
RET0001405,OI00021087,9,2025-11-15,Opened
RET0001406,OI00021097,16,2017-12-15,Opened
RET0001407,OI00021106,3,2020-09-27,Damaged
RET0001408,OI00021125,9,2021-12-18,Opened
RET0001409,OI00021150,1,2016-12-04,Defective
RET0001410,OI00021171,1,2026-01-09,Opened
RET0001411,OI00021182,12,2019-11-01,Damaged
RET0001412,OI00021235,9,2023-06-20,Damaged
RET0001413,OI00021258,17,2021-05-03,Defective
RET0001414,OI00021265,11,2025-12-26,Sealed
RET0001415,OI00021266,12,2025-12-27,Defective
RET0001416,OI00021281,10,2017-12-13,Damaged
RET0001417,OI00021298,8,2022-05-05,Defective
RET0001418,OI00021309,15,2022-04-29,Opened
RET0001419,OI00021312,6,2020-11-07,Damaged
RET0001420,OI00021313,16,2020-11-19,Sealed
RET0001421,OI00021321,15,2019-02-01,Sealed
RET0001422,OI00021322,17,2015-12-17,Opened
RET0001423,OI00021355,2,2024-09-24,Sealed
RET0001424,OI00021357,3,2022-02-18,Damaged
RET0001425,OI00021364,11,2015-05-30,Sealed
RET0001426,OI00021397,15,2026-07-12,Sealed
RET0001427,OI00021445,15,2021-12-22,Damaged
RET0001428,OI00021476,16,2018-07-12,Sealed
RET0001429,OI00021507,18,2018-08-26,Opened
RET0001430,OI00021509,17,2022-09-09,Defective
RET0001431,OI00021516,15,2019-12-08,Sealed
RET0001432,OI00021546,8,2022-06-21,Opened
RET0001433,OI00021562,3,2021-07-17,Opened
RET0001434,OI00021569,7,2023-03-18,Defective
RET0001435,OI00021579,9,2015-07-19,Opened
RET0001436,OI00021591,8,2024-03-02,Defective
RET0001437,OI00021596,9,2023-05-30,Damaged
RET0001438,OI00021614,16,2016-11-10,Damaged
RET0001439,OI00021630,13,2025-06-17,Sealed
RET0001440,OI00021637,16,2022-07-06,Damaged
RET0001441,OI00021644,14,2026-02-05,Opened
RET0001442,OI00021680,11,2022-07-13,Sealed
RET0001443,OI00021685,13,2018-05-07,Opened
RET0001444,OI00021699,7,2017-10-27,Defective
RET0001445,OI00021712,7,2021-10-04,Opened
RET0001446,OI00021729,3,2025-11-23,Damaged
RET0001447,OI00021780,8,2016-07-23,Damaged
RET0001448,OI00021785,9,2020-11-20,Damaged
RET0001449,OI00021809,16,2017-01-23,Opened
RET0001450,OI00021811,8,2023-06-10,Defective
RET0001451,OI00021816,9,2015-12-20,Opened
RET0001452,OI00021830,12,2025-10-12,Sealed
RET0001453,OI00021835,6,2025-03-16,Opened
RET0001454,OI00021886,17,2021-07-02,Opened
RET0001455,OI00021887,6,2021-07-10,Opened
RET0001456,OI00021906,14,2024-08-09,Defective
RET0001457,OI00021930,10,2022-02-09,Damaged
RET0001458,OI00021943,7,2018-09-02,Opened
RET0001459,OI00021976,18,2019-12-12,Sealed
RET0001460,OI00021978,6,2026-05-25,Sealed
RET0001461,OI00021999,9,2017-05-22,Opened
RET0001462,OI00022003,2,2018-09-04,Opened
RET0001463,OI00022005,7,2026-01-25,Damaged
RET0001464,OI00022019,3,2018-09-14,Opened
RET0001465,OI00022039,10,2024-04-25,Opened
RET0001466,OI00022041,11,2020-09-22,Sealed
RET0001467,OI00022046,12,2016-10-06,Defective
RET0001468,OI00022050,18,2025-08-16,Opened
RET0001469,OI00022052,9,2019-11-02,Opened
RET0001470,OI00022088,17,2020-01-06,Opened
RET0001471,OI00022119,18,2025-09-14,Defective
RET0001472,OI00022126,8,2018-01-23,Opened
RET0001473,OI00022143,13,2023-04-10,Sealed
RET0001474,OI00022160,12,2023-05-26,Sealed
RET0001475,OI00022168,18,2023-08-24,Sealed
RET0001476,OI00022177,16,2023-12-09,Defective
RET0001477,OI00022181,9,2016-08-31,Damaged
RET0001478,OI00022183,5,2021-03-31,Opened
RET0001479,OI00022202,7,2024-09-22,Damaged
RET0001480,OI00022221,17,2016-11-28,Opened
RET0001481,OI00022225,5,2023-11-12,Defective
RET0001482,OI00022249,12,2020-06-14,Sealed
RET0001483,OI00022252,10,2025-10-27,Opened
RET0001484,OI00022257,5,2025-07-09,Damaged
RET0001485,OI00022295,13,2021-05-11,Sealed
RET0001486,OI00022317,14,2022-07-01,Opened
RET0001487,OI00022319,4,2016-12-10,Defective
RET0001488,OI00022327,8,2015-05-28,Damaged
RET0001489,OI00022335,6,2023-03-08,Defective
RET0001490,OI00022352,11,2021-08-08,Damaged
RET0001491,OI00022353,18,2021-08-14,Opened
RET0001492,OI00022355,10,2019-09-25,Opened
RET0001493,OI00022393,10,2025-12-21,Opened
RET0001494,OI00022403,9,2022-12-27,Defective
RET0001495,OI00022405,17,2022-12-22,Sealed
RET0001496,OI00022434,1,2018-05-16,Opened
RET0001497,OI00022436,10,2015-05-04,Opened
RET0001498,OI00022444,12,2024-07-05,Opened
RET0001499,OI00022449,13,2015-11-05,Sealed
RET0001500,OI00022462,14,2024-06-28,Opened
RET0001501,OI00022463,8,2026-03-04,Sealed
RET0001502,OI00022476,7,2020-09-09,Sealed
RET0001503,OI00022548,5,2021-01-29,Sealed
RET0001504,OI00022568,9,2015-06-23,Opened
RET0001505,OI00022614,1,2015-10-01,Damaged
RET0001506,OI00022625,10,2016-06-19,Opened
RET0001507,OI00022669,15,2018-09-25,Opened
RET0001508,OI00022677,2,2015-12-18,Opened
RET0001509,OI00022680,2,2021-10-25,Damaged
RET0001510,OI00022696,3,2016-12-29,Defective
RET0001511,OI00022713,15,2016-10-26,Damaged
RET0001512,OI00022733,16,2023-08-16,Damaged
RET0001513,OI00022737,5,2019-08-02,Opened
RET0001514,OI00022741,16,2016-05-22,Damaged
RET0001515,OI00022766,17,2017-10-26,Opened
RET0001516,OI00022771,5,2020-02-11,Opened
RET0001517,OI00022781,10,2022-01-21,Opened
RET0001518,OI00022790,17,2017-12-15,Sealed
RET0001519,OI00022795,8,2021-12-28,Damaged
RET0001520,OI00022811,2,2016-09-26,Damaged
RET0001521,OI00022834,5,2016-12-13,Damaged
RET0001522,OI00022843,1,2022-06-08,Damaged
RET0001523,OI00022855,6,2020-08-27,Damaged
RET0001524,OI00022866,7,2025-07-21,Opened
RET0001525,OI00022889,12,2021-03-13,Opened
RET0001526,OI00022906,16,2020-11-17,Sealed
RET0001527,OI00022935,7,2017-06-22,Sealed
RET0001528,OI00022957,8,2021-03-15,Damaged
RET0001529,OI00022962,7,2018-07-12,Damaged
RET0001530,OI00022997,4,2022-11-18,Defective
RET0001531,OI00023016,2,2015-09-08,Damaged
RET0001532,OI00023022,12,2024-12-19,Opened
RET0001533,OI00023029,17,2026-07-20,Damaged
RET0001534,OI00023064,9,2017-04-25,Sealed
RET0001535,OI00023076,14,2024-05-01,Opened
RET0001536,OI00023100,12,2016-02-10,Damaged
RET0001537,OI00023106,18,2018-09-02,Opened
RET0001538,OI00023120,4,2016-07-15,Damaged
RET0001539,OI00023153,15,2019-08-20,Opened
RET0001540,OI00023154,9,2019-08-16,Sealed
RET0001541,OI00023166,12,2019-11-04,Opened
RET0001542,OI00023173,1,2017-02-15,Opened
RET0001543,OI00023181,2,2020-01-08,Opened
RET0001544,OI00023201,9,2024-06-17,Opened
RET0001545,OI00023213,10,2016-07-24,Defective
RET0001546,OI00023215,12,2016-07-25,Damaged
RET0001547,OI00023216,8,2016-07-24,Defective
RET0001548,OI00023218,7,2017-11-22,Opened
RET0001549,OI00023226,5,2025-03-28,Defective
RET0001550,OI00023231,17,2017-08-10,Sealed
RET0001551,OI00023235,15,2016-05-10,Opened
RET0001552,OI00023236,14,2019-06-09,Opened
RET0001553,OI00023239,12,2019-06-03,Defective
RET0001554,OI00023263,11,2022-04-23,Opened
RET0001555,OI00023273,13,2015-07-29,Damaged
RET0001556,OI00023293,17,2017-12-20,Sealed
RET0001557,OI00023303,16,2019-09-03,Opened
RET0001558,OI00023305,13,2023-05-11,Opened
RET0001559,OI00023306,17,2023-05-02,Sealed
RET0001560,OI00023311,16,2025-10-27,Opened
RET0001561,OI00023316,5,2026-08-03,Opened
RET0001562,OI00023334,3,2024-05-23,Opened
RET0001563,OI00023358,18,2024-09-06,Opened
RET0001564,OI00023389,18,2021-01-24,Damaged
RET0001565,OI00023434,3,2022-01-05,Defective
RET0001566,OI00023443,4,2016-12-11,Sealed
RET0001567,OI00023454,4,2024-12-03,Damaged
RET0001568,OI00023465,17,2026-05-21,Damaged
RET0001569,OI00023469,8,2019-11-30,Opened
RET0001570,OI00023477,3,2023-04-07,Opened
RET0001571,OI00023482,12,2024-11-12,Damaged
RET0001572,OI00023518,8,2026-01-30,Damaged
RET0001573,OI00023577,1,2017-03-29,Sealed
RET0001574,OI00023592,14,2021-07-10,Sealed
RET0001575,OI00023612,16,2018-03-09,Damaged
RET0001576,OI00023632,8,2021-12-25,Damaged
RET0001577,OI00023645,18,2025-04-28,Sealed
RET0001578,OI00023664,8,2023-01-07,Defective
RET0001579,OI00023677,17,2025-01-25,Sealed
RET0001580,OI00023678,6,2025-01-25,Opened
RET0001581,OI00023683,14,2015-06-07,Opened
RET0001582,OI00023685,2,2015-06-12,Defective
RET0001583,OI00023686,5,2023-05-05,Damaged
RET0001584,OI00023704,9,2024-10-07,Damaged
RET0001585,OI00023711,14,2021-02-20,Opened
RET0001586,OI00023753,12,2025-09-23,Opened
RET0001587,OI00023755,12,2017-03-03,Damaged
RET0001588,OI00023757,8,2019-11-04,Opened
RET0001589,OI00023824,5,2019-06-15,Opened
RET0001590,OI00023827,17,2018-07-02,Sealed
RET0001591,OI00023835,11,2024-07-11,Opened
RET0001592,OI00023845,16,2025-09-06,Sealed
RET0001593,OI00023861,14,2018-04-20,Opened
RET0001594,OI00023874,5,2022-02-14,Defective
RET0001595,OI00023967,13,2019-10-24,Defective
RET0001596,OI00023991,15,2022-12-04,Opened
RET0001597,OI00024009,4,2017-07-08,Damaged
RET0001598,OI00024033,5,2015-03-08,Damaged
RET0001599,OI00024100,17,2015-08-02,Defective
RET0001600,OI00024137,16,2021-08-29,Opened
RET0001601,OI00024143,3,2022-04-12,Opened
RET0001602,OI00024170,8,2026-04-29,Opened
RET0001603,OI00024201,10,2018-05-28,Opened
RET0001604,OI00024210,1,2019-07-03,Opened
RET0001605,OI00024226,12,2017-04-26,Damaged
RET0001606,OI00024263,3,2020-03-24,Opened
RET0001607,OI00024282,9,2015-11-11,Sealed
RET0001608,OI00024287,1,2018-08-06,Sealed
RET0001609,OI00024292,1,2020-05-19,Sealed
RET0001610,OI00024293,15,2022-11-30,Defective
RET0001611,OI00024309,4,2023-08-10,Opened
RET0001612,OI00024313,4,2015-04-03,Defective
RET0001613,OI00024329,11,2017-05-28,Opened
RET0001614,OI00024337,4,2017-10-25,Opened
RET0001615,OI00024345,18,2023-12-05,Opened
RET0001616,OI00024375,7,2023-10-22,Damaged
RET0001617,OI00024385,9,2021-03-31,Opened
RET0001618,OI00024396,12,2019-05-23,Sealed
RET0001619,OI00024453,1,2017-07-22,Sealed
RET0001620,OI00024469,18,2017-08-12,Opened
RET0001621,OI00024491,10,2021-05-19,Damaged
RET0001622,OI00024535,10,2023-01-25,Damaged
RET0001623,OI00024536,18,2025-05-17,Damaged
RET0001624,OI00024539,11,2024-07-28,Sealed
RET0001625,OI00024556,7,2026-04-04,Sealed
RET0001626,OI00024564,3,2017-02-26,Defective
RET0001627,OI00024579,4,2025-07-30,Damaged
RET0001628,OI00024588,10,2021-09-10,Defective
RET0001629,OI00024596,18,2020-04-23,Sealed
RET0001630,OI00024609,9,2022-11-03,Opened
RET0001631,OI00024649,17,2024-11-30,Damaged
RET0001632,OI00024659,8,2025-02-26,Opened
RET0001633,OI00024673,14,2020-08-28,Opened
RET0001634,OI00024677,6,2025-05-18,Opened
RET0001635,OI00024683,8,2024-05-11,Opened
RET0001636,OI00024698,8,2020-01-06,Defective
RET0001637,OI00024703,10,2025-12-01,Opened
RET0001638,OI00024707,14,2022-11-13,Defective
RET0001639,OI00024726,18,2021-06-30,Damaged
RET0001640,OI00024729,1,2016-01-09,Sealed
RET0001641,OI00024733,2,2022-08-19,Defective
RET0001642,OI00024739,17,2021-02-04,Opened
RET0001643,OI00024744,15,2017-05-09,Opened
RET0001644,OI00024749,7,2019-08-31,Defective
RET0001645,OI00024757,17,2024-09-22,Opened
RET0001646,OI00024772,2,2025-03-07,Sealed
RET0001647,OI00024789,18,2018-09-16,Defective
RET0001648,OI00024809,17,2024-12-13,Damaged
RET0001649,OI00024810,2,2024-12-24,Opened
RET0001650,OI00024818,6,2022-10-18,Defective
RET0001651,OI00024844,12,2015-04-14,Opened
RET0001652,OI00024850,16,2018-02-07,Defective
RET0001653,OI00024869,2,2021-11-29,Opened
RET0001654,OI00024872,9,2023-10-07,Defective
RET0001655,OI00024934,18,2025-03-08,Damaged
RET0001656,OI00024966,5,2015-01-20,Opened
RET0001657,OI00024969,8,2019-09-10,Opened
RET0001658,OI00024979,17,2024-10-12,Opened
RET0001659,OI00024980,8,2021-05-05,Damaged
RET0001660,OI00024985,12,2024-08-03,Sealed
RET0001661,OI00024997,10,2025-06-16,Defective
RET0001662,OI00024999,5,2025-06-18,Opened
RET0001663,OI00025000,15,2024-03-03,Opened
RET0001664,OI00025003,12,2019-04-07,Sealed
RET0001665,OI00025010,16,2022-12-31,Opened
RET0001666,OI00025057,5,2017-02-06,Sealed
RET0001667,OI00025058,11,2021-07-13,Opened
RET0001668,OI00025062,1,2025-04-11,Opened
RET0001669,OI00025072,16,2015-05-09,Defective
RET0001670,OI00025076,14,2021-03-23,Opened
RET0001671,OI00025078,12,2020-07-30,Defective
RET0001672,OI00025079,13,2025-01-24,Opened
RET0001673,OI00025099,10,2020-07-05,Sealed
RET0001674,OI00025112,16,2021-11-01,Opened
RET0001675,OI00025116,1,2019-09-20,Damaged
RET0001676,OI00025133,13,2018-04-16,Defective
RET0001677,OI00025142,6,2018-10-26,Opened
RET0001678,OI00025176,6,2015-10-01,Sealed
RET0001679,OI00025193,14,2016-08-14,Damaged
RET0001680,OI00025208,2,2015-02-03,Opened
RET0001681,OI00025212,7,2015-01-13,Opened
RET0001682,OI00025290,15,2026-01-15,Sealed
RET0001683,OI00025303,5,2017-08-24,Defective
RET0001684,OI00025326,13,2022-05-15,Sealed
RET0001685,OI00025338,13,2020-08-23,Damaged
RET0001686,OI00025342,7,2024-05-18,Sealed
RET0001687,OI00025366,6,2020-06-06,Damaged
RET0001688,OI00025369,14,2024-04-06,Sealed
RET0001689,OI00025372,11,2023-04-20,Defective
RET0001690,OI00025393,13,2023-01-20,Damaged
RET0001691,OI00025425,15,2021-04-21,Opened
RET0001692,OI00025458,11,2021-02-13,Sealed
RET0001693,OI00025459,1,2021-02-02,Damaged
RET0001694,OI00025471,1,2021-05-17,Sealed
RET0001695,OI00025472,10,2020-01-19,Opened
RET0001696,OI00025494,6,2021-01-31,Damaged
RET0001697,OI00025496,18,2021-01-26,Sealed
RET0001698,OI00025502,18,2016-11-20,Damaged
RET0001699,OI00025512,4,2019-07-21,Opened
RET0001700,OI00025526,4,2023-09-29,Opened
RET0001701,OI00025537,1,2026-06-09,Opened
RET0001702,OI00025542,17,2020-08-29,Opened
RET0001703,OI00025571,6,2016-03-20,Opened
RET0001704,OI00025613,16,2020-02-02,Opened
RET0001705,OI00025664,11,2025-04-18,Opened
RET0001706,OI00025683,14,2015-03-01,Damaged
RET0001707,OI00025697,13,2016-05-25,Damaged
RET0001708,OI00025707,18,2017-06-03,Damaged
RET0001709,OI00025719,8,2020-12-09,Damaged
RET0001710,OI00025752,7,2025-10-02,Defective
RET0001711,OI00025759,2,2025-08-08,Opened
RET0001712,OI00025787,4,2021-09-12,Sealed
RET0001713,OI00025793,4,2015-03-20,Damaged
RET0001714,OI00025796,12,2022-07-24,Defective
RET0001715,OI00025816,12,2015-03-27,Sealed
RET0001716,OI00025817,9,2022-02-08,Opened
RET0001717,OI00025822,6,2016-07-21,Damaged
RET0001718,OI00025833,14,2023-07-15,Damaged
RET0001719,OI00025834,3,2018-09-29,Damaged
RET0001720,OI00025837,13,2019-12-22,Opened
RET0001721,OI00025857,1,2020-05-12,Opened
RET0001722,OI00025873,14,2018-01-10,Opened
RET0001723,OI00025882,9,2026-08-09,Defective
RET0001724,OI00025883,14,2026-08-05,Sealed
RET0001725,OI00025889,17,2022-09-11,Sealed
RET0001726,OI00025894,17,2025-08-19,Opened
RET0001727,OI00025897,3,2018-05-30,Sealed
RET0001728,OI00025903,3,2025-01-02,Damaged
RET0001729,OI00025912,7,2024-08-11,Sealed
RET0001730,OI00025927,8,2015-06-16,Opened
RET0001731,OI00025928,3,2020-11-21,Damaged
RET0001732,OI00025939,1,2023-11-17,Damaged
RET0001733,OI00025949,18,2017-07-21,Sealed
RET0001734,OI00025963,14,2026-02-15,Defective
RET0001735,OI00025973,9,2021-07-24,Opened
RET0001736,OI00025976,13,2018-05-01,Opened
RET0001737,OI00025982,9,2022-08-07,Opened
RET0001738,OI00025991,12,2016-07-02,Damaged
RET0001739,OI00026012,9,2022-05-04,Damaged
RET0001740,OI00026013,13,2022-04-26,Defective
RET0001741,OI00026020,13,2024-11-08,Opened
RET0001742,OI00026022,14,2024-10-18,Opened
RET0001743,OI00026121,5,2026-01-08,Damaged
RET0001744,OI00026124,2,2022-09-14,Defective
RET0001745,OI00026140,1,2019-04-10,Damaged
RET0001746,OI00026172,17,2024-03-04,Opened
RET0001747,OI00026207,13,2025-07-30,Damaged
RET0001748,OI00026209,16,2025-07-24,Opened
RET0001749,OI00026216,7,2015-08-25,Defective
RET0001750,OI00026238,14,2015-03-02,Defective
RET0001751,OI00026257,12,2024-10-11,Sealed
RET0001752,OI00026277,12,2025-04-18,Opened
RET0001753,OI00026303,12,2017-06-30,Damaged
RET0001754,OI00026314,12,2019-08-08,Sealed
RET0001755,OI00026325,14,2015-02-03,Opened
RET0001756,OI00026340,18,2026-02-07,Opened
RET0001757,OI00026355,15,2025-01-02,Opened
RET0001758,OI00026359,16,2024-12-19,Sealed
RET0001759,OI00026384,15,2023-08-30,Opened
RET0001760,OI00026402,16,2015-10-06,Sealed
RET0001761,OI00026414,3,2019-03-06,Opened
RET0001762,OI00026424,6,2024-01-27,Opened
RET0001763,OI00026453,11,2017-08-31,Sealed
RET0001764,OI00026465,1,2019-08-10,Damaged
RET0001765,OI00026503,17,2020-11-16,Damaged
RET0001766,OI00026523,18,2019-09-02,Opened
RET0001767,OI00026531,1,2020-06-23,Sealed
RET0001768,OI00026541,16,2019-04-13,Damaged
RET0001769,OI00026548,2,2018-11-18,Opened
RET0001770,OI00026567,1,2017-10-16,Damaged
RET0001771,OI00026572,5,2016-12-10,Damaged
RET0001772,OI00026593,16,2022-06-20,Defective
RET0001773,OI00026608,17,2016-11-11,Defective
RET0001774,OI00026618,8,2019-04-29,Damaged
RET0001775,OI00026632,18,2025-01-13,Opened
RET0001776,OI00026638,5,2020-03-19,Opened
RET0001777,OI00026660,9,2024-11-30,Opened
RET0001778,OI00026738,12,2018-07-04,Damaged
RET0001779,OI00026744,1,2022-07-31,Opened
RET0001780,OI00026749,16,2023-03-12,Damaged
RET0001781,OI00026764,6,2025-12-20,Opened
RET0001782,OI00026799,17,2019-03-28,Opened
RET0001783,OI00026816,13,2022-11-16,Opened
RET0001784,OI00026817,7,2022-11-11,Defective
RET0001785,OI00026839,9,2023-10-13,Damaged
RET0001786,OI00026841,2,2022-06-04,Damaged
RET0001787,OI00026847,15,2019-02-16,Defective
RET0001788,OI00026852,12,2017-01-29,Defective
RET0001789,OI00026857,4,2019-07-27,Opened
RET0001790,OI00026865,15,2025-04-09,Opened
RET0001791,OI00026881,7,2022-01-21,Defective
RET0001792,OI00026884,17,2022-01-18,Opened
RET0001793,OI00026888,12,2026-06-29,Sealed
RET0001794,OI00026889,1,2026-07-01,Defective
RET0001795,OI00026899,6,2022-02-14,Damaged
RET0001796,OI00026931,4,2015-01-27,Opened
RET0001797,OI00026951,4,2015-09-26,Defective
RET0001798,OI00026953,10,2015-09-28,Sealed
RET0001799,OI00026989,9,2016-03-18,Sealed
RET0001800,OI00026993,14,2023-02-11,Sealed
RET0001801,OI00027003,1,2016-08-23,Damaged
RET0001802,OI00027019,3,2024-12-24,Defective
RET0001803,OI00027032,5,2015-01-28,Opened
RET0001804,OI00027067,10,2016-03-20,Opened
RET0001805,OI00027080,7,2020-08-28,Defective
RET0001806,OI00027090,18,2020-02-13,Opened
RET0001807,OI00027094,3,2023-08-23,Damaged
RET0001808,OI00027096,13,2025-04-19,Opened
RET0001809,OI00027143,8,2015-11-18,Opened
RET0001810,OI00027144,5,2015-11-18,Opened
RET0001811,OI00027149,14,2017-04-13,Opened
RET0001812,OI00027152,2,2024-07-02,Opened
RET0001813,OI00027155,1,2021-06-23,Sealed
RET0001814,OI00027182,11,2022-07-14,Damaged
RET0001815,OI00027188,13,2017-03-29,Opened
RET0001816,OI00027203,12,2021-10-06,Sealed
RET0001817,OI00027208,13,2023-11-29,Sealed
RET0001818,OI00027222,1,2025-12-05,Opened
RET0001819,OI00027239,2,2021-05-17,Damaged
RET0001820,OI00027246,18,2018-06-12,Defective
RET0001821,OI00027268,8,2018-05-13,Sealed
RET0001822,OI00027311,12,2025-11-25,Opened
RET0001823,OI00027324,10,2024-05-14,Damaged
RET0001824,OI00027326,4,2015-02-19,Opened
RET0001825,OI00027329,5,2019-06-27,Opened
RET0001826,OI00027338,11,2019-06-23,Opened
RET0001827,OI00027370,4,2017-10-03,Sealed
RET0001828,OI00027378,11,2021-03-24,Opened
RET0001829,OI00027393,10,2026-04-23,Defective
RET0001830,OI00027411,13,2016-06-13,Defective
RET0001831,OI00027424,16,2025-04-02,Defective
RET0001832,OI00027462,9,2024-12-13,Opened
RET0001833,OI00027472,18,2020-02-12,Sealed
RET0001834,OI00027477,2,2024-03-06,Defective
RET0001835,OI00027489,15,2021-10-19,Defective
RET0001836,OI00027498,15,2026-04-14,Sealed
RET0001837,OI00027519,5,2023-11-10,Damaged
RET0001838,OI00027524,5,2015-06-10,Damaged
RET0001839,OI00027548,10,2022-01-12,Damaged
RET0001840,OI00027559,14,2015-03-05,Opened
RET0001841,OI00027574,11,2016-02-15,Damaged
RET0001842,OI00027581,8,2021-03-25,Damaged
RET0001843,OI00027600,15,2023-12-01,Opened
RET0001844,OI00027608,16,2021-07-20,Sealed
RET0001845,OI00027619,8,2024-02-25,Damaged
RET0001846,OI00027631,9,2015-12-01,Defective
RET0001847,OI00027637,11,2026-07-15,Sealed
RET0001848,OI00027642,10,2022-04-12,Sealed
RET0001849,OI00027651,7,2021-03-13,Damaged
RET0001850,OI00027668,9,2019-05-06,Opened
RET0001851,OI00027690,7,2016-12-27,Damaged
RET0001852,OI00027703,6,2025-01-05,Damaged
RET0001853,OI00027708,11,2020-02-29,Sealed
RET0001854,OI00027733,14,2025-05-11,Opened
RET0001855,OI00027737,3,2021-04-21,Opened
RET0001856,OI00027739,18,2017-11-27,Sealed
RET0001857,OI00027746,9,2025-01-23,Opened
RET0001858,OI00027757,7,2023-12-23,Sealed
RET0001859,OI00027762,3,2018-12-27,Sealed
RET0001860,OI00027769,1,2021-10-30,Defective
RET0001861,OI00027771,9,2025-10-26,Damaged
RET0001862,OI00027787,17,2019-10-21,Opened
RET0001863,OI00027817,8,2023-07-06,Damaged
RET0001864,OI00027827,1,2019-05-15,Sealed
RET0001865,OI00027833,18,2023-02-03,Defective
RET0001866,OI00027840,2,2020-12-08,Sealed
RET0001867,OI00027853,2,2022-09-06,Defective
RET0001868,OI00027874,15,2016-01-25,Sealed
RET0001869,OI00027883,13,2015-03-30,Sealed
RET0001870,OI00027898,13,2023-12-19,Opened
RET0001871,OI00027929,11,2024-01-13,Opened
RET0001872,OI00027953,4,2019-10-30,Defective
RET0001873,OI00027971,2,2025-11-05,Sealed
RET0001874,OI00027982,16,2018-12-03,Damaged
RET0001875,OI00028000,14,2019-06-25,Opened
RET0001876,OI00028004,16,2023-01-23,Sealed
RET0001877,OI00028021,2,2019-11-11,Sealed
RET0001878,OI00028028,16,2015-09-24,Opened
RET0001879,OI00028042,7,2019-02-16,Opened
RET0001880,OI00028045,15,2019-02-08,Sealed
RET0001881,OI00028046,4,2019-02-17,Opened
RET0001882,OI00028047,5,2024-01-15,Damaged
RET0001883,OI00028055,1,2024-01-17,Sealed
RET0001884,OI00028063,18,2020-03-02,Damaged
RET0001885,OI00028075,5,2024-02-08,Opened
RET0001886,OI00028101,1,2022-09-09,Opened
RET0001887,OI00028110,7,2025-01-21,Sealed
RET0001888,OI00028121,2,2016-10-20,Defective
RET0001889,OI00028150,14,2015-02-22,Damaged
RET0001890,OI00028164,5,2016-10-25,Damaged
RET0001891,OI00028174,14,2020-08-29,Opened
RET0001892,OI00028177,3,2022-01-02,Damaged
RET0001893,OI00028193,4,2017-01-29,Sealed
RET0001894,OI00028197,2,2026-03-09,Sealed
RET0001895,OI00028203,7,2023-09-06,Opened
RET0001896,OI00028214,2,2020-02-05,Opened
RET0001897,OI00028232,15,2019-12-04,Defective
RET0001898,OI00028276,9,2021-09-27,Damaged
RET0001899,OI00028284,15,2016-07-20,Defective
RET0001900,OI00028310,3,2021-06-25,Damaged
RET0001901,OI00028327,9,2020-10-28,Opened
RET0001902,OI00028333,12,2023-12-07,Opened
RET0001903,OI00028337,16,2015-08-23,Defective
RET0001904,OI00028339,1,2015-06-20,Opened
RET0001905,OI00028349,18,2024-04-10,Sealed
RET0001906,OI00028372,14,2024-09-04,Opened
RET0001907,OI00028476,9,2024-08-18,Sealed
RET0001908,OI00028488,16,2025-10-22,Damaged
RET0001909,OI00028493,7,2020-01-08,Sealed
RET0001910,OI00028512,14,2016-02-17,Defective
RET0001911,OI00028558,17,2025-02-24,Sealed
RET0001912,OI00028561,9,2023-09-17,Sealed
RET0001913,OI00028584,1,2015-10-15,Sealed
RET0001914,OI00028621,1,2016-06-21,Damaged
RET0001915,OI00028658,10,2022-09-12,Sealed
RET0001916,OI00028667,18,2025-05-15,Opened
RET0001917,OI00028689,12,2016-04-18,Sealed
RET0001918,OI00028692,12,2015-01-08,Damaged
RET0001919,OI00028704,1,2023-04-08,Sealed
RET0001920,OI00028729,4,2015-11-04,Damaged
RET0001921,OI00028736,2,2023-01-15,Sealed
RET0001922,OI00028741,7,2016-04-20,Defective
RET0001923,OI00028780,11,2019-12-30,Damaged
RET0001924,OI00028794,1,2020-12-01,Sealed
RET0001925,OI00028828,16,2022-08-15,Opened
RET0001926,OI00028833,1,2019-09-21,Sealed
RET0001927,OI00028842,7,2015-01-30,Damaged
RET0001928,OI00028862,2,2023-05-29,Sealed
RET0001929,OI00028882,13,2022-06-07,Opened
RET0001930,OI00028913,7,2019-11-21,Opened
RET0001931,OI00028920,2,2015-12-26,Opened
RET0001932,OI00028925,5,2022-10-22,Sealed
RET0001933,OI00028929,16,2017-07-12,Damaged
RET0001934,OI00028938,1,2023-10-27,Opened
RET0001935,OI00028943,8,2015-10-28,Sealed
RET0001936,OI00028966,3,2025-10-15,Opened
RET0001937,OI00028970,8,2019-07-21,Opened
RET0001938,OI00028973,5,2015-02-08,Defective
RET0001939,OI00028975,12,2023-02-14,Opened
RET0001940,OI00029004,13,2024-06-25,Sealed
RET0001941,OI00029018,7,2017-03-16,Defective
RET0001942,OI00029023,14,2016-05-25,Sealed
RET0001943,OI00029028,3,2026-04-20,Sealed
RET0001944,OI00029032,18,2015-08-01,Opened
RET0001945,OI00029038,5,2018-04-12,Opened
RET0001946,OI00029039,11,2018-04-16,Sealed
RET0001947,OI00029043,11,2023-04-25,Opened
RET0001948,OI00029048,2,2022-01-03,Opened
RET0001949,OI00029063,7,2023-09-05,Sealed
RET0001950,OI00029070,15,2017-12-19,Defective
RET0001951,OI00029079,15,2024-05-04,Damaged
RET0001952,OI00029090,15,2025-04-13,Damaged
RET0001953,OI00029098,2,2017-11-28,Sealed
RET0001954,OI00029104,12,2017-11-30,Defective
RET0001955,OI00029108,17,2024-08-04,Sealed
RET0001956,OI00029109,4,2024-08-05,Opened
RET0001957,OI00029112,11,2026-06-06,Opened
RET0001958,OI00029115,14,2022-01-17,Sealed
RET0001959,OI00029119,16,2025-07-25,Sealed
RET0001960,OI00029128,4,2020-09-16,Opened
RET0001961,OI00029167,9,2026-01-10,Sealed
RET0001962,OI00029168,1,2026-01-07,Opened
RET0001963,OI00029171,14,2015-08-04,Opened
RET0001964,OI00029173,2,2015-07-27,Opened
RET0001965,OI00029201,8,2017-04-01,Sealed
RET0001966,OI00029210,6,2018-08-01,Sealed
RET0001967,OI00029222,10,2017-08-05,Sealed
RET0001968,OI00029247,17,2020-09-29,Opened
RET0001969,OI00029314,2,2023-12-28,Defective
RET0001970,OI00029315,6,2019-10-14,Opened
RET0001971,OI00029334,3,2022-02-21,Defective
RET0001972,OI00029345,7,2020-04-23,Damaged
RET0001973,OI00029367,8,2023-01-04,Sealed
RET0001974,OI00029387,11,2020-01-04,Opened
RET0001975,OI00029415,13,2023-10-03,Sealed
RET0001976,OI00029437,1,2021-10-31,Damaged
RET0001977,OI00029450,18,2018-01-14,Defective
RET0001978,OI00029454,1,2023-03-29,Sealed
RET0001979,OI00029503,13,2025-05-18,Opened
RET0001980,OI00029506,12,2021-07-25,Opened
RET0001981,OI00029531,2,2020-01-30,Damaged
RET0001982,OI00029598,9,2021-06-07,Opened
RET0001983,OI00029606,12,2022-11-25,Sealed
RET0001984,OI00029621,8,2018-09-16,Opened
RET0001985,OI00029623,4,2015-03-04,Damaged
RET0001986,OI00029631,1,2016-04-18,Defective
RET0001987,OI00029679,6,2015-12-21,Opened
RET0001988,OI00029706,15,2022-11-11,Sealed
RET0001989,OI00029708,11,2018-05-16,Damaged
RET0001990,OI00029732,18,2020-07-15,Damaged
RET0001991,OI00029746,1,2016-10-05,Damaged
RET0001992,OI00029782,16,2015-12-31,Sealed
RET0001993,OI00029793,16,2024-10-21,Sealed
RET0001994,OI00029809,12,2021-09-18,Opened
RET0001995,OI00029814,3,2019-10-31,Opened
RET0001996,OI00029825,12,2022-01-19,Opened
RET0001997,OI00029832,5,2025-03-06,Damaged
RET0001998,OI00029883,14,2023-08-25,Defective
RET0001999,OI00029897,13,2025-07-22,Defective
RET0002000,OI00029907,11,2017-12-31,Opened
RET0002001,OI00029914,16,2018-12-03,Sealed
RET0002002,OI00029960,9,2024-02-06,Damaged
RET0002003,OI00029988,16,2020-06-14,Sealed
RET0002004,OI00030019,14,2018-07-15,Damaged
RET0002005,OI00030020,17,2018-07-26,Opened
RET0002006,OI00030026,18,2019-07-29,Sealed
RET0002007,OI00030035,6,2022-01-10,Opened
RET0002008,OI00030048,6,2020-05-27,Opened
RET0002009,OI00030055,4,2025-07-01,Opened
RET0002010,OI00030056,6,2025-06-24,Defective
RET0002011,OI00030068,4,2015-02-20,Defective
RET0002012,OI00030091,7,2022-10-20,Opened
RET0002013,OI00030106,18,2016-07-04,Sealed
RET0002014,OI00030125,10,2017-11-17,Opened
RET0002015,OI00030128,8,2026-08-07,Sealed
RET0002016,OI00030144,6,2020-11-03,Damaged
RET0002017,OI00030147,14,2022-05-18,Sealed
RET0002018,OI00030223,8,2019-11-10,Opened
RET0002019,OI00030227,11,2015-05-22,Sealed
RET0002020,OI00030228,3,2023-07-16,Sealed
RET0002021,OI00030251,5,2017-10-20,Sealed
RET0002022,OI00030268,6,2020-01-31,Sealed
RET0002023,OI00030280,9,2021-01-01,Sealed
RET0002024,OI00030281,12,2017-04-20,Sealed
RET0002025,OI00030300,8,2018-02-05,Opened
RET0002026,OI00030301,6,2018-02-13,Sealed
RET0002027,OI00030309,1,2016-07-16,Opened
RET0002028,OI00030318,13,2023-12-11,Sealed
RET0002029,OI00030349,7,2023-11-20,Sealed
RET0002030,OI00030357,2,2017-06-25,Opened
RET0002031,OI00030359,10,2016-09-21,Opened
RET0002032,OI00030362,10,2022-05-17,Defective
RET0002033,OI00030363,4,2018-04-26,Damaged
RET0002034,OI00030382,12,2021-01-02,Sealed
RET0002035,OI00030391,3,2023-12-28,Damaged
RET0002036,OI00030408,17,2016-03-12,Damaged
RET0002037,OI00030436,18,2023-11-15,Opened
RET0002038,OI00030478,4,2024-06-12,Defective
RET0002039,OI00030483,10,2020-06-19,Opened
RET0002040,OI00030486,13,2020-10-28,Opened
RET0002041,OI00030491,15,2025-02-25,Sealed
RET0002042,OI00030493,9,2022-06-27,Opened
RET0002043,OI00030498,18,2020-07-20,Sealed
RET0002044,OI00030501,13,2025-01-09,Damaged
RET0002045,OI00030536,5,2017-07-16,Sealed
RET0002046,OI00030561,13,2016-03-11,Opened
RET0002047,OI00030573,10,2020-08-22,Damaged
RET0002048,OI00030604,16,2022-01-31,Defective
RET0002049,OI00030618,8,2015-12-25,Sealed
RET0002050,OI00030620,6,2019-12-04,Opened
RET0002051,OI00030637,6,2021-09-29,Sealed
RET0002052,OI00030645,17,2016-07-29,Opened
RET0002053,OI00030655,4,2026-06-18,Sealed
RET0002054,OI00030691,3,2019-10-29,Opened
RET0002055,OI00030710,15,2020-07-22,Opened
RET0002056,OI00030712,11,2019-08-23,Opened
RET0002057,OI00030728,15,2022-01-10,Opened
RET0002058,OI00030759,13,2016-11-01,Sealed
RET0002059,OI00030760,13,2016-11-03,Opened
RET0002060,OI00030768,18,2024-03-12,Opened
RET0002061,OI00030774,3,2018-08-25,Opened
RET0002062,OI00030777,15,2016-08-03,Opened
RET0002063,OI00030780,4,2017-02-12,Opened
RET0002064,OI00030781,8,2017-02-11,Opened
RET0002065,OI00030785,15,2020-06-22,Opened
RET0002066,OI00030789,17,2021-05-08,Damaged
RET0002067,OI00030797,2,2016-10-24,Opened
RET0002068,OI00030819,9,2021-01-06,Sealed
RET0002069,OI00030832,6,2022-05-19,Opened
RET0002070,OI00030840,7,2015-09-11,Opened
RET0002071,OI00030844,10,2016-12-29,Defective
RET0002072,OI00030898,5,2023-02-27,Sealed
RET0002073,OI00030910,7,2026-07-08,Sealed
RET0002074,OI00030915,5,2015-10-31,Damaged
RET0002075,OI00030919,8,2018-07-17,Opened
RET0002076,OI00030920,4,2018-10-03,Sealed
RET0002077,OI00030936,7,2017-04-19,Damaged
RET0002078,OI00030973,9,2026-04-24,Opened
RET0002079,OI00031010,14,2019-02-15,Opened
RET0002080,OI00031011,5,2019-02-14,Defective
RET0002081,OI00031018,17,2017-04-09,Opened
RET0002082,OI00031029,9,2021-03-22,Sealed
RET0002083,OI00031030,6,2021-03-25,Opened
RET0002084,OI00031033,10,2016-06-12,Defective
RET0002085,OI00031039,7,2018-11-05,Opened
RET0002086,OI00031081,14,2018-01-19,Sealed
RET0002087,OI00031097,15,2016-08-04,Opened
RET0002088,OI00031104,11,2025-09-30,Sealed
RET0002089,OI00031121,4,2023-09-06,Damaged
RET0002090,OI00031124,13,2016-09-17,Defective
RET0002091,OI00031141,17,2025-08-03,Opened
RET0002092,OI00031146,13,2026-06-11,Opened
RET0002093,OI00031160,7,2015-04-11,Sealed
RET0002094,OI00031171,12,2021-01-28,Opened
RET0002095,OI00031172,16,2021-02-03,Defective
RET0002096,OI00031173,12,2018-02-07,Defective
RET0002097,OI00031175,8,2018-02-13,Defective
RET0002098,OI00031216,1,2025-02-09,Opened
RET0002099,OI00031264,5,2025-01-05,Sealed
RET0002100,OI00031265,4,2024-12-29,Sealed
RET0002101,OI00031277,17,2026-04-03,Damaged
RET0002102,OI00031282,3,2018-10-23,Damaged
RET0002103,OI00031356,4,2017-12-27,Opened
RET0002104,OI00031359,3,2016-12-27,Damaged
RET0002105,OI00031398,9,2019-03-28,Opened
RET0002106,OI00031414,6,2017-12-06,Defective
RET0002107,OI00031436,7,2018-05-01,Damaged
RET0002108,OI00031438,16,2024-12-28,Defective
RET0002109,OI00031456,18,2015-06-09,Damaged
RET0002110,OI00031459,18,2021-10-12,Opened
RET0002111,OI00031468,6,2022-05-25,Opened
RET0002112,OI00031478,11,2023-06-13,Sealed
RET0002113,OI00031481,4,2018-09-11,Damaged
RET0002114,OI00031499,1,2025-01-30,Defective
RET0002115,OI00031506,1,2018-06-06,Opened
RET0002116,OI00031515,4,2020-02-04,Defective
RET0002117,OI00031528,9,2020-04-16,Opened
RET0002118,OI00031539,10,2025-12-11,Sealed
RET0002119,OI00031542,16,2025-12-09,Defective
RET0002120,OI00031562,12,2019-11-18,Damaged
RET0002121,OI00031565,10,2019-11-20,Opened
RET0002122,OI00031570,18,2021-04-19,Sealed
RET0002123,OI00031571,3,2021-04-22,Damaged
RET0002124,OI00031594,7,2024-03-03,Opened
RET0002125,OI00031615,9,2021-03-26,Opened
RET0002126,OI00031621,12,2019-10-25,Damaged
RET0002127,OI00031635,2,2015-07-07,Opened
RET0002128,OI00031641,8,2023-07-03,Damaged
RET0002129,OI00031644,9,2018-09-03,Sealed
RET0002130,OI00031645,4,2017-06-22,Opened
RET0002131,OI00031647,11,2017-07-01,Sealed
RET0002132,OI00031648,6,2018-06-01,Damaged
RET0002133,OI00031649,2,2021-10-23,Sealed
RET0002134,OI00031658,18,2019-10-29,Sealed
RET0002135,OI00031665,15,2025-12-10,Defective
RET0002136,OI00031671,8,2021-09-26,Opened
RET0002137,OI00031707,12,2019-07-13,Damaged
RET0002138,OI00031709,6,2015-10-04,Opened
RET0002139,OI00031753,1,2024-08-18,Opened
RET0002140,OI00031771,2,2016-06-14,Opened
RET0002141,OI00031811,13,2025-03-11,Damaged
RET0002142,OI00031829,17,2015-07-01,Defective
RET0002143,OI00031864,18,2017-07-03,Damaged
RET0002144,OI00031876,1,2024-03-05,Damaged
RET0002145,OI00031888,15,2026-04-22,Opened
RET0002146,OI00031896,10,2018-08-27,Defective
RET0002147,OI00031906,16,2023-05-10,Damaged
RET0002148,OI00031926,9,2023-11-05,Opened
RET0002149,OI00031928,17,2024-03-28,Damaged
RET0002150,OI00031941,18,2026-02-02,Opened
RET0002151,OI00031971,12,2016-03-30,Damaged
RET0002152,OI00031998,2,2017-03-08,Opened
RET0002153,OI00032021,17,2020-11-28,Opened
RET0002154,OI00032048,2,2025-06-19,Defective
RET0002155,OI00032059,2,2015-10-20,Opened
RET0002156,OI00032063,18,2018-01-09,Damaged
RET0002157,OI00032078,3,2015-06-05,Defective
RET0002158,OI00032083,4,2023-02-15,Opened
RET0002159,OI00032144,17,2018-01-27,Sealed
RET0002160,OI00032156,7,2017-06-07,Opened
RET0002161,OI00032183,7,2025-09-20,Damaged
RET0002162,OI00032185,17,2020-03-12,Opened
RET0002163,OI00032199,1,2021-03-25,Opened
RET0002164,OI00032219,15,2017-08-12,Opened
RET0002165,OI00032228,15,2020-03-06,Opened
RET0002166,OI00032254,18,2021-10-06,Opened
RET0002167,OI00032259,12,2020-12-13,Sealed
RET0002168,OI00032262,10,2019-07-11,Sealed
RET0002169,OI00032264,5,2023-12-27,Opened
RET0002170,OI00032270,14,2026-02-08,Opened
RET0002171,OI00032323,16,2017-12-11,Defective
RET0002172,OI00032327,1,2022-09-25,Defective
RET0002173,OI00032353,14,2019-08-27,Opened
RET0002174,OI00032361,3,2018-01-19,Sealed
RET0002175,OI00032365,6,2024-12-16,Opened
RET0002176,OI00032394,10,2015-07-23,Defective
RET0002177,OI00032399,3,2017-08-24,Opened
RET0002178,OI00032412,3,2023-07-02,Opened
RET0002179,OI00032425,8,2015-04-03,Damaged
RET0002180,OI00032434,18,2021-10-11,Sealed
RET0002181,OI00032435,8,2021-10-02,Damaged
RET0002182,OI00032461,18,2022-04-20,Opened
RET0002183,OI00032488,11,2017-03-25,Defective
RET0002184,OI00032503,9,2020-10-10,Opened
RET0002185,OI00032509,7,2022-11-25,Defective
RET0002186,OI00032534,8,2015-11-01,Sealed
RET0002187,OI00032540,5,2019-05-11,Defective
RET0002188,OI00032558,3,2023-06-19,Opened
RET0002189,OI00032563,13,2022-07-02,Opened
RET0002190,OI00032570,5,2024-02-29,Defective
RET0002191,OI00032617,13,2023-11-25,Opened
RET0002192,OI00032627,8,2021-11-26,Opened
RET0002193,OI00032663,4,2018-09-09,Damaged
RET0002194,OI00032673,9,2017-04-23,Sealed
RET0002195,OI00032677,7,2016-11-30,Opened
RET0002196,OI00032690,6,2016-11-19,Opened
RET0002197,OI00032731,15,2022-11-18,Opened
RET0002198,OI00032746,18,2016-01-27,Opened
RET0002199,OI00032768,18,2020-03-16,Defective
RET0002200,OI00032773,12,2023-03-25,Damaged
RET0002201,OI00032780,14,2023-06-25,Damaged
RET0002202,OI00032804,18,2018-12-07,Sealed
RET0002203,OI00032807,17,2023-07-16,Sealed
RET0002204,OI00032815,5,2017-03-27,Opened
RET0002205,OI00032817,12,2023-10-05,Opened
RET0002206,OI00032828,18,2024-06-23,Damaged
RET0002207,OI00032829,13,2017-10-12,Opened
RET0002208,OI00032895,10,2026-06-02,Opened
RET0002209,OI00032925,2,2023-10-07,Opened
RET0002210,OI00032966,17,2015-03-04,Defective
RET0002211,OI00032970,11,2019-08-26,Sealed
RET0002212,OI00032982,6,2015-11-17,Damaged
RET0002213,OI00032988,2,2017-08-07,Damaged
RET0002214,OI00033003,12,2017-04-19,Opened
RET0002215,OI00033023,14,2015-05-16,Damaged
RET0002216,OI00033063,3,2025-02-02,Sealed
RET0002217,OI00033075,7,2026-03-05,Opened
RET0002218,OI00033081,13,2021-04-18,Opened
RET0002219,OI00033097,6,2015-12-01,Opened
RET0002220,OI00033098,6,2025-07-31,Opened
RET0002221,OI00033114,5,2021-09-23,Opened
RET0002222,OI00033160,11,2016-09-13,Defective
RET0002223,OI00033164,12,2016-11-12,Damaged
RET0002224,OI00033177,14,2024-08-06,Damaged
RET0002225,OI00033186,4,2016-01-31,Sealed
RET0002226,OI00033187,6,2016-02-01,Damaged
RET0002227,OI00033188,5,2017-07-27,Opened
RET0002228,OI00033193,7,2019-12-02,Sealed
RET0002229,OI00033208,3,2021-06-21,Opened
RET0002230,OI00033210,9,2015-10-27,Opened
RET0002231,OI00033228,17,2026-04-25,Damaged
RET0002232,OI00033232,3,2021-09-14,Sealed
RET0002233,OI00033250,16,2017-02-18,Defective
RET0002234,OI00033260,18,2024-08-24,Opened
RET0002235,OI00033279,12,2022-11-20,Sealed
RET0002236,OI00033287,13,2015-04-09,Sealed
RET0002237,OI00033317,12,2021-01-31,Opened
RET0002238,OI00033383,17,2023-08-04,Sealed
RET0002239,OI00033385,2,2023-07-24,Opened
RET0002240,OI00033390,14,2017-10-30,Defective
RET0002241,OI00033409,4,2020-04-14,Opened
RET0002242,OI00033415,8,2016-07-12,Opened
RET0002243,OI00033432,4,2020-07-02,Defective
RET0002244,OI00033450,2,2022-12-31,Defective
RET0002245,OI00033459,2,2019-04-02,Opened
RET0002246,OI00033473,13,2019-06-02,Opened
RET0002247,OI00033484,1,2020-08-31,Opened
RET0002248,OI00033511,15,2021-10-01,Opened
RET0002249,OI00033514,14,2017-08-21,Damaged
RET0002250,OI00033529,18,2025-11-09,Opened
RET0002251,OI00033555,10,2016-05-13,Opened
RET0002252,OI00033566,4,2022-03-15,Opened
RET0002253,OI00033576,15,2025-09-30,Damaged
RET0002254,OI00033579,13,2021-10-03,Sealed
RET0002255,OI00033585,4,2019-06-05,Damaged
RET0002256,OI00033587,12,2023-09-28,Opened
RET0002257,OI00033590,4,2022-08-11,Damaged
RET0002258,OI00033594,13,2024-11-24,Opened
RET0002259,OI00033600,13,2023-05-21,Opened
RET0002260,OI00033608,1,2017-10-18,Opened
RET0002261,OI00033614,9,2020-04-30,Opened
RET0002262,OI00033618,8,2023-04-01,Opened
RET0002263,OI00033642,5,2024-01-08,Opened
RET0002264,OI00033656,13,2016-04-23,Sealed
RET0002265,OI00033657,2,2024-12-07,Opened
RET0002266,OI00033659,14,2024-09-05,Sealed
RET0002267,OI00033668,13,2020-02-01,Opened
RET0002268,OI00033674,17,2019-05-08,Damaged
RET0002269,OI00033698,12,2026-03-15,Opened
RET0002270,OI00033702,1,2020-05-12,Opened
RET0002271,OI00033713,4,2021-01-02,Sealed
RET0002272,OI00033720,4,2026-01-24,Damaged
RET0002273,OI00033731,13,2016-05-15,Opened
RET0002274,OI00033746,14,2018-09-28,Defective
RET0002275,OI00033790,1,2017-09-10,Opened
RET0002276,OI00033821,2,2016-05-21,Defective
RET0002277,OI00033868,1,2024-11-08,Damaged
RET0002278,OI00033874,3,2017-08-11,Opened
RET0002279,OI00033927,10,2022-02-25,Opened
RET0002280,OI00033935,9,2023-04-23,Defective
RET0002281,OI00033936,14,2016-04-16,Sealed
RET0002282,OI00033938,2,2021-04-29,Damaged
RET0002283,OI00033970,17,2018-11-03,Sealed
RET0002284,OI00034007,16,2026-05-14,Opened
RET0002285,OI00034010,14,2019-11-13,Opened
RET0002286,OI00034011,11,2018-05-10,Opened
RET0002287,OI00034030,2,2019-05-04,Opened
RET0002288,OI00034034,2,2015-05-02,Damaged
RET0002289,OI00034086,4,2016-03-30,Defective
RET0002290,OI00034104,16,2024-11-24,Opened
RET0002291,OI00034107,5,2015-06-26,Opened
RET0002292,OI00034111,15,2021-12-19,Damaged
RET0002293,OI00034126,3,2017-09-09,Opened
RET0002294,OI00034132,1,2020-06-26,Sealed
RET0002295,OI00034134,6,2017-03-16,Sealed
RET0002296,OI00034151,10,2017-03-24,Defective
RET0002297,OI00034164,3,2019-12-24,Sealed
RET0002298,OI00034190,7,2016-03-20,Damaged
RET0002299,OI00034237,5,2015-08-22,Damaged
RET0002300,OI00034256,8,2016-08-10,Opened
RET0002301,OI00034268,10,2021-08-25,Damaged
RET0002302,OI00034269,2,2022-11-27,Sealed
RET0002303,OI00034271,14,2016-10-12,Sealed
RET0002304,OI00034293,3,2024-03-14,Opened
RET0002305,OI00034307,10,2025-04-21,Damaged
RET0002306,OI00034311,1,2025-07-04,Sealed
RET0002307,OI00034316,3,2024-03-18,Defective
RET0002308,OI00034332,18,2017-12-22,Opened
RET0002309,OI00034347,17,2020-08-31,Opened
RET0002310,OI00034374,1,2023-05-15,Opened
RET0002311,OI00034384,16,2018-03-06,Defective
RET0002312,OI00034398,3,2016-06-11,Opened
RET0002313,OI00034418,15,2016-03-08,Sealed
RET0002314,OI00034422,6,2026-06-30,Sealed
RET0002315,OI00034429,13,2018-03-15,Damaged
RET0002316,OI00034437,5,2018-03-05,Opened
RET0002317,OI00034450,13,2016-08-02,Damaged
RET0002318,OI00034476,3,2019-07-23,Damaged
RET0002319,OI00034477,12,2019-07-30,Sealed
RET0002320,OI00034480,1,2021-03-11,Sealed
RET0002321,OI00034503,12,2019-03-17,Defective
RET0002322,OI00034516,4,2025-06-08,Damaged
RET0002323,OI00034521,5,2019-11-03,Sealed
RET0002324,OI00034551,15,2024-01-14,Opened
RET0002325,OI00034556,14,2024-10-30,Defective
RET0002326,OI00034558,6,2019-02-17,Sealed
RET0002327,OI00034562,14,2019-12-03,Opened
RET0002328,OI00034577,18,2019-01-05,Sealed
RET0002329,OI00034598,13,2019-08-14,Damaged
RET0002330,OI00034607,11,2024-03-10,Damaged
RET0002331,OI00034615,12,2018-07-21,Opened
RET0002332,OI00034640,9,2017-11-13,Opened
RET0002333,OI00034642,13,2025-02-02,Opened
RET0002334,OI00034651,6,2019-12-15,Defective
RET0002335,OI00034656,16,2020-02-25,Defective
RET0002336,OI00034657,18,2017-09-06,Sealed
RET0002337,OI00034666,13,2024-04-21,Defective
RET0002338,OI00034672,5,2015-09-08,Opened
RET0002339,OI00034673,10,2015-09-06,Opened
RET0002340,OI00034724,12,2021-06-09,Defective
RET0002341,OI00034725,11,2015-04-24,Sealed
RET0002342,OI00034746,16,2017-07-05,Opened
RET0002343,OI00034755,2,2019-09-01,Damaged
RET0002344,OI00034789,5,2026-03-19,Opened
RET0002345,OI00034798,15,2023-11-21,Opened
RET0002346,OI00034801,1,2018-06-21,Sealed
RET0002347,OI00034805,13,2022-06-08,Defective
RET0002348,OI00034811,4,2025-01-19,Defective
RET0002349,OI00034813,5,2021-02-26,Defective
RET0002350,OI00034824,9,2021-02-17,Opened
RET0002351,OI00034830,18,2022-08-07,Defective
RET0002352,OI00034832,7,2022-07-31,Defective
RET0002353,OI00034838,16,2018-12-11,Defective
RET0002354,OI00034885,4,2023-10-18,Opened
RET0002355,OI00034889,16,2021-11-29,Opened
RET0002356,OI00034899,3,2016-09-12,Opened
RET0002357,OI00034934,7,2020-11-19,Sealed
RET0002358,OI00034955,9,2015-05-12,Sealed
RET0002359,OI00034966,17,2021-01-08,Sealed
RET0002360,OI00034993,8,2023-09-01,Damaged
RET0002361,OI00035001,13,2024-08-07,Opened
RET0002362,OI00035018,17,2025-08-09,Sealed
RET0002363,OI00035043,16,2024-11-03,Opened
RET0002364,OI00035057,1,2020-05-07,Opened
RET0002365,OI00035077,15,2024-09-05,Opened
RET0002366,OI00035092,8,2021-01-26,Opened
RET0002367,OI00035112,13,2026-05-02,Damaged
RET0002368,OI00035129,16,2017-04-08,Opened
RET0002369,OI00035133,4,2018-09-25,Opened
RET0002370,OI00035135,5,2025-09-29,Opened
RET0002371,OI00035146,6,2019-07-08,Defective
RET0002372,OI00035147,2,2019-07-09,Opened
RET0002373,OI00035158,10,2023-09-18,Opened
RET0002374,OI00035162,17,2023-09-23,Damaged
RET0002375,OI00035177,7,2022-10-13,Damaged
RET0002376,OI00035178,17,2019-05-09,Opened
RET0002377,OI00035185,18,2016-10-13,Sealed
RET0002378,OI00035189,16,2020-11-08,Damaged
RET0002379,OI00035192,11,2020-11-12,Sealed
RET0002380,OI00035205,1,2015-05-20,Sealed
RET0002381,OI00035223,8,2018-08-07,Damaged
RET0002382,OI00035241,12,2017-06-10,Damaged
RET0002383,OI00035250,10,2021-05-10,Opened
RET0002384,OI00035255,5,2021-12-24,Opened
RET0002385,OI00035271,1,2020-11-12,Damaged
RET0002386,OI00035274,13,2018-01-30,Defective
RET0002387,OI00035279,11,2017-06-04,Opened
RET0002388,OI00035291,4,2018-06-10,Damaged
RET0002389,OI00035307,16,2024-09-14,Opened
RET0002390,OI00035334,14,2015-01-12,Sealed
RET0002391,OI00035346,17,2020-07-08,Sealed
RET0002392,OI00035355,17,2018-05-04,Damaged
RET0002393,OI00035369,3,2021-06-19,Damaged
RET0002394,OI00035370,12,2023-04-03,Opened
RET0002395,OI00035378,18,2024-11-24,Opened
RET0002396,OI00035381,8,2018-11-07,Damaged
RET0002397,OI00035399,13,2015-07-05,Damaged
RET0002398,OI00035420,5,2023-02-02,Sealed
RET0002399,OI00035426,17,2019-04-19,Damaged
RET0002400,OI00035429,6,2023-12-30,Damaged
RET0002401,OI00035430,5,2023-12-31,Sealed
RET0002402,OI00035445,3,2024-05-14,Defective
RET0002403,OI00035458,15,2023-08-30,Damaged
RET0002404,OI00035464,6,2015-05-20,Sealed
RET0002405,OI00035470,16,2017-08-07,Opened
RET0002406,OI00035477,17,2025-01-13,Opened
RET0002407,OI00035486,18,2018-12-14,Opened
RET0002408,OI00035492,17,2021-02-12,Opened
RET0002409,OI00035496,13,2024-01-04,Opened
RET0002410,OI00035498,2,2018-11-17,Opened
RET0002411,OI00035530,17,2017-11-07,Damaged
RET0002412,OI00035532,11,2017-06-16,Opened
RET0002413,OI00035542,8,2019-05-21,Sealed
RET0002414,OI00035553,15,2015-05-07,Damaged
RET0002415,OI00035557,2,2026-04-05,Damaged
RET0002416,OI00035567,6,2015-08-02,Defective
RET0002417,OI00035569,7,2022-08-29,Sealed
RET0002418,OI00035576,4,2025-09-25,Sealed
RET0002419,OI00035602,13,2024-02-18,Damaged
RET0002420,OI00035607,18,2023-06-11,Damaged
RET0002421,OI00035633,14,2019-01-19,Opened
RET0002422,OI00035669,5,2018-05-17,Damaged
RET0002423,OI00035674,6,2019-07-20,Opened
RET0002424,OI00035687,2,2016-05-11,Defective
RET0002425,OI00035691,8,2018-09-13,Opened
RET0002426,OI00035712,10,2019-01-28,Opened
RET0002427,OI00035717,2,2025-07-18,Defective
RET0002428,OI00035721,12,2025-07-30,Opened
RET0002429,OI00035736,9,2015-05-06,Opened
RET0002430,OI00035737,13,2015-05-11,Damaged
RET0002431,OI00035757,7,2026-03-14,Damaged
RET0002432,OI00035767,8,2026-01-14,Opened
RET0002433,OI00035810,13,2018-05-03,Damaged
RET0002434,OI00035840,5,2016-06-11,Opened
RET0002435,OI00035852,11,2018-07-25,Opened
RET0002436,OI00035866,8,2024-07-31,Opened
RET0002437,OI00035884,14,2025-04-16,Sealed
RET0002438,OI00035904,17,2026-03-27,Damaged
RET0002439,OI00035912,11,2019-04-05,Damaged
RET0002440,OI00035920,10,2015-08-17,Defective
RET0002441,OI00035939,17,2015-11-16,Opened
RET0002442,OI00035944,6,2022-02-21,Defective
RET0002443,OI00035967,13,2016-01-08,Opened
RET0002444,OI00035999,10,2019-12-19,Sealed
RET0002445,OI00036011,5,2017-03-23,Damaged
RET0002446,OI00036012,3,2017-03-25,Opened
RET0002447,OI00036025,6,2025-07-03,Damaged
RET0002448,OI00036036,6,2025-10-11,Sealed
RET0002449,OI00036043,16,2021-11-23,Defective
RET0002450,OI00036055,13,2015-12-18,Sealed
RET0002451,OI00036061,6,2019-10-11,Damaged
RET0002452,OI00036076,8,2017-06-16,Sealed
RET0002453,OI00036094,9,2017-06-27,Opened
RET0002454,OI00036095,13,2020-08-11,Sealed
RET0002455,OI00036097,7,2021-06-07,Sealed
RET0002456,OI00036114,14,2020-12-23,Defective
RET0002457,OI00036155,18,2024-03-06,Sealed
RET0002458,OI00036178,17,2019-06-08,Sealed
RET0002459,OI00036185,8,2018-11-24,Opened
RET0002460,OI00036186,17,2025-02-18,Defective
RET0002461,OI00036191,18,2021-06-02,Defective
RET0002462,OI00036215,13,2018-02-06,Opened
RET0002463,OI00036218,2,2021-08-11,Defective
RET0002464,OI00036226,5,2023-04-17,Opened
RET0002465,OI00036254,7,2020-02-20,Defective
RET0002466,OI00036263,11,2024-01-16,Damaged
RET0002467,OI00036280,11,2016-01-16,Damaged
RET0002468,OI00036285,4,2023-11-17,Opened
RET0002469,OI00036309,17,2023-04-05,Damaged
RET0002470,OI00036313,7,2016-07-18,Sealed
RET0002471,OI00036325,7,2021-07-09,Damaged
RET0002472,OI00036375,2,2017-08-16,Sealed
RET0002473,OI00036388,10,2020-11-23,Opened
RET0002474,OI00036389,9,2015-12-22,Defective
RET0002475,OI00036394,2,2016-11-23,Opened
RET0002476,OI00036403,13,2019-09-15,Sealed
RET0002477,OI00036408,11,2016-06-29,Damaged
RET0002478,OI00036419,11,2022-04-23,Damaged
RET0002479,OI00036431,13,2025-09-19,Damaged
RET0002480,OI00036438,13,2017-06-17,Damaged
RET0002481,OI00036439,17,2017-06-13,Damaged
RET0002482,OI00036449,17,2017-09-18,Opened
RET0002483,OI00036457,4,2017-01-15,Damaged
RET0002484,OI00036471,8,2024-12-26,Opened
RET0002485,OI00036496,10,2025-04-27,Opened
RET0002486,OI00036509,4,2026-02-02,Opened
RET0002487,OI00036514,1,2021-04-12,Opened
RET0002488,OI00036572,1,2026-02-21,Defective
RET0002489,OI00036591,14,2019-10-31,Sealed
RET0002490,OI00036611,14,2019-08-06,Opened
RET0002491,OI00036631,16,2022-04-08,Opened
RET0002492,OI00036678,6,2022-05-03,Opened
RET0002493,OI00036694,1,2019-07-16,Sealed
RET0002494,OI00036707,8,2025-09-22,Sealed
RET0002495,OI00036709,1,2025-09-21,Sealed
RET0002496,OI00036750,12,2017-02-03,Opened
RET0002497,OI00036758,10,2023-02-13,Opened
RET0002498,OI00036763,18,2016-11-20,Opened
RET0002499,OI00036778,11,2021-05-01,Damaged
RET0002500,OI00036790,11,2026-05-22,Damaged
RET0002501,OI00036795,8,2024-07-30,Damaged
RET0002502,OI00036812,6,2023-01-22,Sealed
RET0002503,OI00036822,16,2024-04-02,Defective
RET0002504,OI00036862,2,2016-02-20,Opened
RET0002505,OI00036885,14,2019-05-30,Damaged
RET0002506,OI00036940,15,2016-06-09,Defective
RET0002507,OI00036950,4,2017-01-07,Defective
RET0002508,OI00036959,12,2020-08-08,Opened
RET0002509,OI00036974,3,2020-08-09,Sealed
RET0002510,OI00036989,5,2024-05-31,Opened
RET0002511,OI00037026,1,2021-07-16,Sealed
RET0002512,OI00037066,16,2016-01-04,Opened
RET0002513,OI00037089,3,2022-05-29,Opened
RET0002514,OI00037101,17,2020-07-11,Damaged
RET0002515,OI00037109,4,2021-12-06,Sealed
RET0002516,OI00037129,18,2016-05-28,Opened
RET0002517,OI00037131,14,2017-10-12,Opened
RET0002518,OI00037134,7,2018-02-22,Opened
RET0002519,OI00037151,2,2015-12-13,Sealed
RET0002520,OI00037203,12,2019-12-02,Opened
RET0002521,OI00037231,4,2015-08-01,Defective
RET0002522,OI00037234,7,2023-09-01,Sealed
RET0002523,OI00037244,2,2023-03-15,Damaged
RET0002524,OI00037281,3,2021-03-12,Damaged
RET0002525,OI00037307,9,2020-05-03,Damaged
RET0002526,OI00037315,6,2021-04-19,Opened
RET0002527,OI00037318,18,2015-04-23,Opened
RET0002528,OI00037334,4,2019-01-26,Defective
RET0002529,OI00037339,1,2022-06-10,Defective
RET0002530,OI00037359,17,2019-04-22,Opened
RET0002531,OI00037409,17,2018-12-23,Damaged
RET0002532,OI00037413,15,2015-07-02,Defective
RET0002533,OI00037415,1,2019-05-11,Opened
RET0002534,OI00037433,11,2021-11-19,Opened
RET0002535,OI00037440,8,2017-04-25,Sealed
RET0002536,OI00037457,3,2024-09-05,Sealed
RET0002537,OI00037462,10,2021-05-09,Opened
RET0002538,OI00037465,4,2023-01-25,Opened
RET0002539,OI00037466,5,2020-01-19,Damaged
RET0002540,OI00037476,13,2019-10-16,Damaged
RET0002541,OI00037525,12,2022-02-21,Opened
RET0002542,OI00037536,1,2023-06-15,Opened
RET0002543,OI00037549,6,2019-04-08,Damaged
RET0002544,OI00037551,14,2016-08-08,Opened
RET0002545,OI00037562,11,2020-04-10,Opened
RET0002546,OI00037599,13,2026-06-06,Damaged
RET0002547,OI00037606,18,2016-07-28,Damaged
RET0002548,OI00037609,14,2024-12-18,Sealed
RET0002549,OI00037618,12,2016-01-20,Damaged
RET0002550,OI00037631,3,2018-04-23,Damaged
RET0002551,OI00037655,3,2015-05-27,Damaged
RET0002552,OI00037665,2,2025-10-29,Sealed
RET0002553,OI00037666,10,2025-10-24,Defective
RET0002554,OI00037710,2,2015-04-22,Opened
RET0002555,OI00037727,5,2019-11-05,Defective
RET0002556,OI00037740,8,2017-01-07,Sealed
RET0002557,OI00037745,13,2018-10-11,Opened
RET0002558,OI00037751,16,2021-03-23,Sealed
RET0002559,OI00037784,3,2015-05-06,Defective
RET0002560,OI00037816,3,2022-11-20,Opened
RET0002561,OI00037829,13,2026-05-14,Damaged
RET0002562,OI00037840,3,2019-01-01,Sealed
RET0002563,OI00037852,3,2018-05-09,Opened
RET0002564,OI00037855,16,2017-01-16,Damaged
RET0002565,OI00037857,6,2017-01-24,Opened
RET0002566,OI00037871,3,2025-05-13,Damaged
RET0002567,OI00037877,1,2018-11-29,Opened
RET0002568,OI00037887,10,2018-06-24,Damaged
RET0002569,OI00037895,12,2017-11-21,Opened
RET0002570,OI00037906,5,2017-07-28,Damaged
RET0002571,OI00037912,5,2022-03-30,Sealed
RET0002572,OI00037914,14,2022-03-20,Opened
RET0002573,OI00037937,17,2023-05-20,Opened
RET0002574,OI00037979,12,2026-07-05,Opened
RET0002575,OI00037998,10,2016-10-03,Sealed
RET0002576,OI00038014,10,2016-04-07,Opened
RET0002577,OI00038025,8,2015-06-02,Damaged
RET0002578,OI00038026,5,2022-07-23,Damaged
RET0002579,OI00038050,9,2024-02-03,Defective
RET0002580,OI00038056,9,2017-07-29,Opened
RET0002581,OI00038090,5,2021-09-08,Sealed
RET0002582,OI00038095,15,2024-12-30,Sealed
RET0002583,OI00038097,9,2019-04-07,Damaged
RET0002584,OI00038107,1,2019-11-24,Opened
RET0002585,OI00038111,13,2019-11-28,Damaged
RET0002586,OI00038130,16,2021-11-25,Damaged
RET0002587,OI00038138,17,2024-02-07,Damaged
RET0002588,OI00038167,15,2022-07-22,Defective
RET0002589,OI00038183,8,2022-02-21,Damaged
RET0002590,OI00038197,14,2022-11-07,Opened
RET0002591,OI00038198,2,2020-06-13,Opened
RET0002592,OI00038202,15,2021-09-27,Opened
RET0002593,OI00038230,15,2017-12-05,Defective
RET0002594,OI00038237,17,2019-09-17,Opened
RET0002595,OI00038238,2,2018-11-17,Opened
RET0002596,OI00038245,6,2019-05-20,Sealed
RET0002597,OI00038247,5,2023-05-01,Opened
RET0002598,OI00038249,5,2023-04-25,Opened
RET0002599,OI00038253,4,2018-01-08,Defective
RET0002600,OI00038263,7,2015-07-26,Defective
RET0002601,OI00038267,9,2016-10-31,Opened
RET0002602,OI00038282,8,2020-02-17,Opened
RET0002603,OI00038290,8,2021-07-22,Opened
RET0002604,OI00038341,13,2015-04-06,Opened
RET0002605,OI00038345,10,2019-05-10,Sealed
RET0002606,OI00038376,13,2018-08-29,Opened
RET0002607,OI00038390,7,2022-08-22,Opened
RET0002608,OI00038408,2,2016-11-16,Damaged
RET0002609,OI00038409,9,2016-11-05,Damaged
RET0002610,OI00038427,18,2017-03-29,Damaged
RET0002611,OI00038434,4,2015-04-03,Sealed
RET0002612,OI00038452,3,2016-05-02,Sealed
RET0002613,OI00038462,2,2025-06-08,Defective
RET0002614,OI00038495,4,2021-11-07,Sealed
RET0002615,OI00038499,5,2018-02-16,Opened
RET0002616,OI00038528,3,2016-08-03,Opened
RET0002617,OI00038536,2,2018-03-09,Opened
RET0002618,OI00038548,3,2015-10-14,Defective
RET0002619,OI00038556,1,2025-02-20,Damaged
RET0002620,OI00038581,13,2016-08-09,Damaged
RET0002621,OI00038600,6,2019-09-12,Damaged
RET0002622,OI00038610,3,2022-12-05,Damaged
RET0002623,OI00038627,1,2019-11-01,Sealed
RET0002624,OI00038649,14,2020-05-30,Opened
RET0002625,OI00038667,7,2017-12-24,Opened
RET0002626,OI00038696,1,2015-07-24,Sealed
RET0002627,OI00038710,18,2021-12-29,Opened
RET0002628,OI00038756,2,2020-10-31,Sealed
RET0002629,OI00038759,7,2024-03-02,Damaged
RET0002630,OI00038767,12,2018-10-14,Opened
RET0002631,OI00038777,4,2019-08-05,Damaged
RET0002632,OI00038781,7,2017-01-24,Defective
RET0002633,OI00038790,4,2025-07-31,Defective
RET0002634,OI00038799,10,2017-08-09,Opened
RET0002635,OI00038810,1,2018-02-09,Defective
RET0002636,OI00038856,9,2022-07-20,Damaged
RET0002637,OI00038863,9,2025-05-22,Opened
RET0002638,OI00038888,1,2023-11-23,Sealed
RET0002639,OI00038893,10,2025-02-19,Sealed
RET0002640,OI00038913,5,2015-09-08,Sealed
RET0002641,OI00038934,4,2025-10-07,Damaged
RET0002642,OI00038939,10,2023-07-19,Damaged
RET0002643,OI00038974,13,2023-06-24,Sealed
RET0002644,OI00038980,18,2017-05-19,Damaged
RET0002645,OI00038987,7,2018-11-09,Sealed
RET0002646,OI00038992,4,2020-03-25,Sealed
RET0002647,OI00038998,14,2021-01-14,Defective
RET0002648,OI00039003,3,2024-12-24,Damaged
RET0002649,OI00039005,16,2020-04-20,Sealed
RET0002650,OI00039045,6,2023-12-25,Defective
RET0002651,OI00039053,4,2019-05-10,Opened
RET0002652,OI00039072,9,2021-11-07,Opened
RET0002653,OI00039085,15,2016-05-07,Opened
RET0002654,OI00039108,8,2018-01-16,Sealed
RET0002655,OI00039144,1,2016-03-15,Damaged
RET0002656,OI00039153,17,2015-07-15,Opened
RET0002657,OI00039156,10,2020-09-30,Defective
RET0002658,OI00039162,12,2022-07-18,Sealed
RET0002659,OI00039181,17,2015-01-28,Opened
RET0002660,OI00039206,18,2018-12-26,Sealed
RET0002661,OI00039209,15,2020-11-15,Sealed
RET0002662,OI00039211,5,2022-04-30,Sealed
RET0002663,OI00039220,4,2019-06-13,Opened
RET0002664,OI00039224,4,2020-03-01,Damaged
RET0002665,OI00039226,12,2018-08-02,Opened
RET0002666,OI00039243,4,2018-08-09,Opened
RET0002667,OI00039249,4,2017-11-05,Damaged
RET0002668,OI00039250,12,2019-03-03,Opened
RET0002669,OI00039251,10,2024-09-17,Opened
RET0002670,OI00039255,16,2025-09-28,Defective
RET0002671,OI00039264,9,2018-07-01,Opened
RET0002672,OI00039285,8,2017-07-09,Opened
RET0002673,OI00039293,14,2023-07-26,Defective
RET0002674,OI00039301,6,2018-10-12,Defective
RET0002675,OI00039302,9,2021-09-19,Opened
RET0002676,OI00039304,9,2021-12-15,Sealed
RET0002677,OI00039311,9,2025-12-29,Sealed
RET0002678,OI00039331,14,2023-03-17,Opened
RET0002679,OI00039333,12,2017-01-13,Defective
RET0002680,OI00039338,6,2016-11-12,Sealed
RET0002681,OI00039374,13,2018-06-21,Opened
RET0002682,OI00039387,18,2016-02-13,Opened
RET0002683,OI00039400,15,2017-10-02,Sealed
RET0002684,OI00039433,7,2021-12-10,Sealed
RET0002685,OI00039459,16,2015-04-11,Damaged
RET0002686,OI00039488,5,2024-04-08,Opened
RET0002687,OI00039495,14,2018-09-02,Opened
RET0002688,OI00039498,12,2018-08-28,Defective
RET0002689,OI00039502,12,2024-01-13,Damaged
RET0002690,OI00039535,13,2025-04-26,Sealed
RET0002691,OI00039552,13,2015-07-06,Damaged
RET0002692,OI00039564,12,2025-07-16,Sealed
RET0002693,OI00039571,17,2024-04-27,Opened
RET0002694,OI00039576,14,2023-12-25,Sealed
RET0002695,OI00039581,6,2026-01-26,Opened
RET0002696,OI00039611,9,2017-02-19,Opened
RET0002697,OI00039615,11,2020-08-07,Sealed
RET0002698,OI00039643,10,2021-11-26,Damaged
RET0002699,OI00039655,12,2022-08-13,Damaged
RET0002700,OI00039656,9,2021-10-31,Damaged
RET0002701,OI00039661,3,2018-09-10,Opened
RET0002702,OI00039666,16,2024-03-10,Sealed
RET0002703,OI00039678,18,2017-09-07,Opened
RET0002704,OI00039692,10,2019-09-13,Defective
RET0002705,OI00039693,18,2018-06-07,Defective
RET0002706,OI00039698,9,2025-02-28,Opened
RET0002707,OI00039703,16,2024-07-14,Opened
RET0002708,OI00039730,14,2016-01-19,Sealed
RET0002709,OI00039741,4,2024-09-28,Opened
RET0002710,OI00039754,13,2019-04-17,Damaged
RET0002711,OI00039764,16,2026-04-06,Sealed
RET0002712,OI00039788,4,2026-07-03,Damaged
RET0002713,OI00039795,6,2022-10-23,Sealed
RET0002714,OI00039833,14,2015-08-08,Opened
RET0002715,OI00039843,10,2024-12-15,Opened
RET0002716,OI00039866,17,2016-11-20,Sealed
RET0002717,OI00039876,12,2016-01-20,Sealed
RET0002718,OI00039878,10,2018-04-21,Damaged
RET0002719,OI00039890,1,2015-04-06,Opened
RET0002720,OI00039895,17,2022-09-08,Damaged
RET0002721,OI00039901,10,2023-09-06,Opened
RET0002722,OI00039928,5,2026-05-03,Defective
RET0002723,OI00039935,13,2024-09-23,Opened
RET0002724,OI00039948,17,2018-04-14,Sealed
RET0002725,OI00039960,4,2022-03-30,Sealed
RET0002726,OI00039993,14,2016-02-24,Damaged
RET0002727,OI00039999,11,2023-10-03,Sealed
RET0002728,OI00040010,12,2015-09-09,Sealed
RET0002729,OI00040020,4,2022-11-09,Opened
RET0002730,OI00040053,6,2016-10-31,Opened
RET0002731,OI00040072,5,2026-02-14,Damaged
RET0002732,OI00040079,12,2021-10-03,Sealed
RET0002733,OI00040081,13,2019-12-26,Damaged
RET0002734,OI00040084,13,2018-06-09,Opened
RET0002735,OI00040105,7,2021-01-30,Opened
RET0002736,OI00040108,5,2017-09-18,Sealed
RET0002737,OI00040123,16,2020-02-24,Opened
RET0002738,OI00040149,12,2015-01-27,Opened
RET0002739,OI00040161,16,2015-11-14,Damaged
RET0002740,OI00040173,8,2023-04-02,Opened
RET0002741,OI00040246,16,2021-11-06,Sealed
RET0002742,OI00040264,13,2018-08-02,Opened
RET0002743,OI00040268,2,2025-03-17,Damaged
RET0002744,OI00040274,11,2025-11-02,Defective
RET0002745,OI00040300,11,2021-08-03,Defective
RET0002746,OI00040342,11,2019-05-06,Sealed
RET0002747,OI00040408,1,2018-04-27,Damaged
RET0002748,OI00040447,15,2016-05-23,Defective
RET0002749,OI00040459,13,2022-06-28,Opened
RET0002750,OI00040499,15,2022-08-30,Opened
RET0002751,OI00040503,8,2020-08-12,Opened
RET0002752,OI00040506,8,2018-10-18,Opened
RET0002753,OI00040508,13,2016-04-18,Opened
RET0002754,OI00040509,4,2021-03-01,Sealed
RET0002755,OI00040519,5,2019-02-22,Damaged
RET0002756,OI00040532,4,2024-05-22,Sealed
RET0002757,OI00040536,5,2021-08-27,Opened
RET0002758,OI00040565,8,2022-07-25,Opened
RET0002759,OI00040592,8,2020-02-17,Sealed
RET0002760,OI00040599,12,2017-11-15,Sealed
RET0002761,OI00040612,13,2015-06-23,Opened
RET0002762,OI00040636,12,2020-05-31,Damaged
RET0002763,OI00040719,9,2021-11-14,Opened
RET0002764,OI00040724,5,2026-01-17,Damaged
RET0002765,OI00040735,12,2021-01-15,Sealed
RET0002766,OI00040736,5,2021-01-16,Opened
RET0002767,OI00040743,13,2018-09-10,Sealed
RET0002768,OI00040751,5,2024-04-19,Damaged
RET0002769,OI00040763,15,2018-10-04,Defective
RET0002770,OI00040768,16,2016-06-22,Sealed
RET0002771,OI00040771,18,2019-05-27,Defective
RET0002772,OI00040790,17,2020-08-06,Defective
RET0002773,OI00040799,14,2020-12-04,Opened
RET0002774,OI00040807,18,2025-02-24,Opened
RET0002775,OI00040817,11,2025-02-16,Opened
RET0002776,OI00040825,15,2024-08-04,Sealed
RET0002777,OI00040854,9,2019-07-24,Opened
RET0002778,OI00040859,17,2018-02-20,Opened
RET0002779,OI00040872,11,2024-06-04,Opened
RET0002780,OI00040888,6,2020-10-15,Sealed
RET0002781,OI00040908,8,2026-04-18,Damaged
RET0002782,OI00040918,5,2026-05-17,Damaged
RET0002783,OI00040936,8,2025-02-25,Opened
RET0002784,OI00040942,8,2023-09-11,Sealed
RET0002785,OI00040977,5,2025-09-26,Opened
RET0002786,OI00040995,14,2019-10-05,Opened
RET0002787,OI00041001,18,2016-01-01,Opened
RET0002788,OI00041024,17,2022-03-14,Sealed
RET0002789,OI00041030,18,2016-03-06,Damaged
RET0002790,OI00041050,4,2017-07-15,Damaged
RET0002791,OI00041059,6,2016-11-25,Damaged
RET0002792,OI00041071,16,2018-09-28,Sealed
RET0002793,OI00041091,1,2023-06-06,Sealed
RET0002794,OI00041118,14,2020-09-24,Opened
RET0002795,OI00041163,6,2018-11-09,Sealed
RET0002796,OI00041181,4,2024-08-25,Damaged
RET0002797,OI00041182,17,2023-03-02,Damaged
RET0002798,OI00041191,8,2019-05-02,Sealed
RET0002799,OI00041196,16,2021-09-11,Sealed
RET0002800,OI00041220,16,2021-08-27,Defective
RET0002801,OI00041237,14,2021-11-27,Sealed
RET0002802,OI00041243,1,2022-09-15,Opened
RET0002803,OI00041247,11,2023-02-13,Defective
RET0002804,OI00041252,7,2016-09-28,Opened
RET0002805,OI00041283,1,2017-02-25,Sealed
RET0002806,OI00041289,10,2023-01-21,Damaged
RET0002807,OI00041301,18,2026-04-23,Damaged
RET0002808,OI00041317,4,2025-07-16,Sealed
RET0002809,OI00041319,17,2026-02-16,Opened
RET0002810,OI00041351,5,2018-05-27,Opened
RET0002811,OI00041363,16,2016-09-03,Opened
RET0002812,OI00041371,2,2018-01-19,Opened
RET0002813,OI00041374,7,2020-09-13,Opened
RET0002814,OI00041382,7,2025-12-17,Sealed
RET0002815,OI00041399,5,2020-01-14,Defective
RET0002816,OI00041405,12,2026-01-09,Damaged
RET0002817,OI00041406,5,2018-07-30,Opened
RET0002818,OI00041408,13,2023-09-20,Opened
RET0002819,OI00041431,2,2021-02-26,Sealed
RET0002820,OI00041438,12,2025-02-19,Sealed
RET0002821,OI00041459,5,2018-02-12,Damaged
RET0002822,OI00041478,9,2020-09-19,Damaged
RET0002823,OI00041482,2,2025-03-20,Damaged
RET0002824,OI00041496,11,2023-07-03,Opened
RET0002825,OI00041500,6,2025-09-10,Opened
RET0002826,OI00041510,4,2022-12-27,Defective
RET0002827,OI00041522,12,2020-03-20,Damaged
RET0002828,OI00041527,9,2020-03-10,Opened
RET0002829,OI00041580,18,2017-02-22,Opened
RET0002830,OI00041590,13,2025-07-12,Defective
RET0002831,OI00041629,17,2015-04-20,Defective
RET0002832,OI00041633,1,2022-08-20,Damaged
RET0002833,OI00041640,16,2017-05-17,Sealed
RET0002834,OI00041646,10,2022-01-07,Sealed
RET0002835,OI00041649,9,2021-07-11,Damaged
RET0002836,OI00041669,9,2017-02-25,Damaged
RET0002837,OI00041675,4,2018-06-18,Sealed
RET0002838,OI00041685,6,2018-10-07,Opened
RET0002839,OI00041686,5,2024-08-21,Opened
RET0002840,OI00041701,14,2019-01-23,Opened
RET0002841,OI00041717,18,2021-11-26,Opened
RET0002842,OI00041732,4,2023-09-04,Damaged
RET0002843,OI00041736,4,2023-05-07,Opened
RET0002844,OI00041739,15,2021-08-12,Opened
RET0002845,OI00041740,16,2021-08-15,Damaged
RET0002846,OI00041752,1,2021-08-06,Opened
RET0002847,OI00041758,3,2015-04-19,Opened
RET0002848,OI00041776,17,2021-01-13,Defective
RET0002849,OI00041796,3,2022-07-21,Opened
RET0002850,OI00041820,2,2015-09-23,Opened
RET0002851,OI00041836,14,2023-11-13,Damaged
RET0002852,OI00041839,15,2015-11-17,Sealed
RET0002853,OI00041840,14,2016-06-04,Defective
RET0002854,OI00041887,3,2017-05-05,Opened
RET0002855,OI00041911,8,2023-12-03,Damaged
RET0002856,OI00041935,12,2026-03-16,Defective
RET0002857,OI00041947,18,2024-01-02,Damaged
RET0002858,OI00041953,8,2015-11-01,Opened
RET0002859,OI00041958,14,2017-11-02,Opened
RET0002860,OI00041964,1,2016-10-30,Sealed
RET0002861,OI00041977,7,2020-09-08,Opened
RET0002862,OI00041994,13,2016-01-10,Opened
RET0002863,OI00042028,1,2025-01-15,Sealed
RET0002864,OI00042038,7,2023-08-16,Opened
RET0002865,OI00042067,4,2016-09-11,Damaged
RET0002866,OI00042084,1,2015-04-13,Sealed
RET0002867,OI00042106,6,2023-07-13,Sealed
RET0002868,OI00042107,15,2023-07-01,Defective
RET0002869,OI00042112,16,2015-09-25,Opened
RET0002870,OI00042147,13,2017-11-17,Sealed
RET0002871,OI00042157,2,2017-05-10,Sealed
RET0002872,OI00042172,1,2020-11-18,Sealed
RET0002873,OI00042179,4,2015-07-06,Defective
RET0002874,OI00042194,6,2022-12-05,Opened
RET0002875,OI00042207,1,2024-11-26,Opened
RET0002876,OI00042216,18,2018-07-12,Opened
RET0002877,OI00042232,6,2026-07-13,Opened
RET0002878,OI00042233,8,2026-07-12,Damaged
RET0002879,OI00042234,3,2019-01-24,Opened
RET0002880,OI00042268,5,2016-10-17,Sealed
RET0002881,OI00042282,18,2015-04-08,Defective
RET0002882,OI00042307,16,2020-01-04,Opened
RET0002883,OI00042310,7,2023-03-29,Sealed
RET0002884,OI00042314,4,2023-09-14,Sealed
RET0002885,OI00042316,9,2018-01-12,Opened
RET0002886,OI00042344,16,2026-04-24,Sealed
RET0002887,OI00042357,4,2022-09-24,Opened
RET0002888,OI00042361,1,2019-02-18,Sealed
RET0002889,OI00042376,10,2019-05-09,Damaged
RET0002890,OI00042405,14,2017-07-21,Damaged
RET0002891,OI00042406,2,2021-10-01,Sealed
RET0002892,OI00042413,4,2015-11-18,Damaged
RET0002893,OI00042430,2,2024-07-02,Opened
RET0002894,OI00042437,3,2017-12-17,Damaged
RET0002895,OI00042468,13,2020-08-19,Damaged
RET0002896,OI00042480,10,2021-10-16,Sealed
RET0002897,OI00042507,3,2025-05-15,Opened
RET0002898,OI00042527,2,2020-01-27,Opened
RET0002899,OI00042562,7,2022-08-02,Sealed
RET0002900,OI00042575,8,2018-09-22,Defective
RET0002901,OI00042579,16,2019-12-20,Sealed
RET0002902,OI00042586,3,2026-05-06,Opened
RET0002903,OI00042589,13,2024-04-07,Opened
RET0002904,OI00042637,3,2025-01-31,Defective
RET0002905,OI00042638,7,2026-03-31,Damaged
RET0002906,OI00042643,9,2018-04-06,Damaged
RET0002907,OI00042694,15,2019-09-21,Damaged
RET0002908,OI00042696,7,2015-02-24,Sealed
RET0002909,OI00042701,14,2025-05-25,Opened
RET0002910,OI00042706,16,2021-11-12,Defective
RET0002911,OI00042715,13,2024-11-10,Opened
RET0002912,OI00042718,14,2026-04-29,Damaged
RET0002913,OI00042774,9,2017-04-16,Sealed
RET0002914,OI00042776,13,2019-04-04,Damaged
RET0002915,OI00042781,7,2024-04-12,Damaged
RET0002916,OI00042792,18,2016-07-30,Damaged
RET0002917,OI00042796,2,2017-02-19,Sealed
RET0002918,OI00042798,17,2017-02-17,Sealed
RET0002919,OI00042828,16,2020-07-04,Opened
RET0002920,OI00042845,7,2019-12-09,Opened
RET0002921,OI00042860,13,2020-09-30,Opened
RET0002922,OI00042873,12,2021-01-30,Opened
RET0002923,OI00042895,8,2019-11-07,Sealed
RET0002924,OI00042900,7,2021-08-12,Sealed
RET0002925,OI00042903,6,2016-01-09,Damaged
RET0002926,OI00042926,14,2021-02-22,Opened
RET0002927,OI00042955,9,2023-04-17,Opened
RET0002928,OI00043006,1,2018-05-05,Opened
RET0002929,OI00043022,17,2016-02-06,Opened
RET0002930,OI00043046,4,2016-05-10,Opened
RET0002931,OI00043075,11,2020-02-17,Sealed
RET0002932,OI00043084,11,2021-06-20,Opened
RET0002933,OI00043102,13,2026-02-08,Opened
RET0002934,OI00043114,10,2016-07-14,Sealed
RET0002935,OI00043117,4,2023-09-09,Damaged
RET0002936,OI00043119,10,2015-07-31,Defective
RET0002937,OI00043153,8,2025-03-27,Opened
RET0002938,OI00043164,5,2023-02-05,Defective
RET0002939,OI00043173,7,2015-06-02,Damaged
RET0002940,OI00043188,10,2026-03-17,Opened
RET0002941,OI00043224,1,2026-03-29,Defective
RET0002942,OI00043255,5,2018-05-16,Sealed
RET0002943,OI00043258,12,2017-03-24,Defective
RET0002944,OI00043284,11,2015-03-25,Sealed
RET0002945,OI00043291,10,2019-05-30,Opened
RET0002946,OI00043292,13,2020-06-12,Defective
RET0002947,OI00043323,10,2021-07-30,Opened
RET0002948,OI00043329,13,2025-03-29,Opened
RET0002949,OI00043349,15,2024-05-07,Damaged
RET0002950,OI00043355,1,2026-03-18,Opened
RET0002951,OI00043367,14,2022-10-13,Sealed
RET0002952,OI00043370,2,2023-02-02,Sealed
RET0002953,OI00043377,17,2021-04-11,Sealed
RET0002954,OI00043384,4,2025-12-20,Sealed
RET0002955,OI00043387,14,2026-04-02,Damaged
RET0002956,OI00043437,4,2016-02-08,Damaged
RET0002957,OI00043486,17,2015-05-31,Damaged
RET0002958,OI00043489,7,2023-12-25,Damaged
RET0002959,OI00043492,16,2024-11-15,Sealed
RET0002960,OI00043500,10,2026-05-11,Defective
RET0002961,OI00043502,17,2016-09-02,Sealed
RET0002962,OI00043508,17,2017-02-28,Opened
RET0002963,OI00043519,13,2025-01-30,Damaged
RET0002964,OI00043525,3,2015-05-08,Opened
RET0002965,OI00043529,17,2026-07-08,Damaged
RET0002966,OI00043573,15,2025-01-31,Defective
RET0002967,OI00043575,5,2021-12-20,Damaged
RET0002968,OI00043590,9,2015-01-14,Opened
RET0002969,OI00043596,7,2026-04-28,Defective
RET0002970,OI00043619,9,2020-06-23,Damaged
RET0002971,OI00043628,2,2016-03-26,Defective
RET0002972,OI00043631,17,2023-06-14,Opened
RET0002973,OI00043636,1,2023-08-05,Sealed
RET0002974,OI00043640,5,2025-11-28,Opened
RET0002975,OI00043642,9,2025-11-25,Opened
RET0002976,OI00043654,2,2021-08-05,Opened
RET0002977,OI00043659,1,2016-05-19,Damaged
RET0002978,OI00043694,12,2022-09-17,Opened
RET0002979,OI00043701,8,2023-05-26,Opened
RET0002980,OI00043705,7,2025-04-02,Damaged
RET0002981,OI00043714,9,2023-02-22,Opened
RET0002982,OI00043719,9,2023-12-25,Opened
RET0002983,OI00043720,10,2020-04-29,Damaged
RET0002984,OI00043740,9,2026-01-13,Opened
RET0002985,OI00043746,8,2018-12-14,Damaged
RET0002986,OI00043750,17,2018-04-12,Opened
RET0002987,OI00043755,11,2017-04-15,Damaged
RET0002988,OI00043759,8,2021-04-02,Defective
RET0002989,OI00043769,7,2026-02-03,Defective
RET0002990,OI00043776,16,2017-06-27,Opened
RET0002991,OI00043778,1,2026-01-20,Sealed
RET0002992,OI00043779,13,2018-03-29,Sealed
RET0002993,OI00043786,3,2021-03-01,Opened
RET0002994,OI00043793,13,2016-12-13,Opened
RET0002995,OI00043811,10,2021-08-20,Opened
RET0002996,OI00043812,1,2021-08-27,Opened
RET0002997,OI00043814,15,2022-01-24,Opened
RET0002998,OI00043821,7,2026-03-13,Opened
RET0002999,OI00043840,4,2015-02-04,Opened
RET0003000,OI00043843,4,2022-08-02,Sealed
RET0003001,OI00043847,13,2020-08-19,Defective
RET0003002,OI00043848,3,2020-08-09,Opened
RET0003003,OI00043851,2,2026-03-20,Opened
RET0003004,OI00043852,12,2024-12-15,Opened
RET0003005,OI00043873,3,2015-01-20,Opened
RET0003006,OI00043888,18,2023-08-30,Damaged
RET0003007,OI00043910,2,2020-10-28,Sealed
RET0003008,OI00043914,18,2024-05-23,Defective
RET0003009,OI00043925,6,2019-11-05,Opened
RET0003010,OI00043932,10,2024-05-18,Damaged
RET0003011,OI00043939,15,2017-06-12,Damaged
RET0003012,OI00043954,9,2021-08-05,Opened
RET0003013,OI00043956,2,2023-06-25,Damaged
RET0003014,OI00043957,11,2023-06-24,Damaged
RET0003015,OI00043977,8,2015-08-07,Defective
RET0003016,OI00044013,11,2020-12-03,Opened
RET0003017,OI00044025,6,2017-05-24,Sealed
RET0003018,OI00044026,3,2017-05-25,Opened
RET0003019,OI00044028,7,2021-05-28,Damaged
RET0003020,OI00044073,6,2015-07-30,Sealed
RET0003021,OI00044086,11,2023-09-25,Opened
RET0003022,OI00044108,7,2025-10-11,Sealed
RET0003023,OI00044131,2,2024-12-14,Opened
RET0003024,OI00044152,10,2025-05-17,Sealed
RET0003025,OI00044167,5,2020-01-12,Sealed
RET0003026,OI00044177,10,2024-11-14,Damaged
RET0003027,OI00044189,12,2023-03-27,Opened
RET0003028,OI00044201,1,2022-09-09,Sealed
RET0003029,OI00044219,4,2019-07-02,Defective
RET0003030,OI00044221,9,2019-06-27,Damaged
RET0003031,OI00044239,1,2016-10-22,Opened
RET0003032,OI00044245,10,2024-10-20,Defective
RET0003033,OI00044247,2,2024-10-14,Opened
RET0003034,OI00044250,14,2026-06-10,Sealed
RET0003035,OI00044259,5,2016-12-17,Opened
RET0003036,OI00044261,18,2022-09-18,Opened
RET0003037,OI00044262,14,2022-09-09,Sealed
RET0003038,OI00044287,13,2020-04-16,Opened
RET0003039,OI00044289,17,2017-10-18,Sealed
RET0003040,OI00044324,15,2018-04-24,Sealed
RET0003041,OI00044331,1,2024-09-01,Opened
RET0003042,OI00044337,10,2017-09-05,Opened
RET0003043,OI00044378,4,2016-09-11,Damaged
RET0003044,OI00044383,4,2025-12-25,Opened
RET0003045,OI00044387,11,2018-04-04,Sealed
RET0003046,OI00044396,10,2023-08-30,Sealed
RET0003047,OI00044398,8,2020-10-21,Sealed
RET0003048,OI00044417,7,2017-02-20,Sealed
RET0003049,OI00044421,3,2021-12-06,Damaged
RET0003050,OI00044438,16,2017-08-02,Defective
RET0003051,OI00044451,1,2026-06-11,Opened
RET0003052,OI00044475,8,2026-01-23,Opened
RET0003053,OI00044476,3,2026-01-15,Sealed
RET0003054,OI00044492,4,2016-01-06,Damaged
RET0003055,OI00044493,10,2016-01-14,Sealed
RET0003056,OI00044494,13,2019-05-19,Damaged
RET0003057,OI00044506,18,2022-03-24,Damaged
RET0003058,OI00044513,16,2017-11-30,Damaged
RET0003059,OI00044517,13,2020-03-23,Opened
RET0003060,OI00044518,12,2019-01-15,Sealed
RET0003061,OI00044533,8,2016-09-20,Sealed
RET0003062,OI00044547,8,2017-11-25,Opened
RET0003063,OI00044554,18,2022-09-03,Sealed
RET0003064,OI00044555,8,2022-09-04,Damaged
RET0003065,OI00044577,13,2018-09-06,Sealed
RET0003066,OI00044593,5,2018-06-16,Opened
RET0003067,OI00044624,18,2017-11-24,Damaged
RET0003068,OI00044638,17,2024-01-23,Opened
RET0003069,OI00044667,18,2019-09-01,Opened
RET0003070,OI00044668,1,2019-09-08,Opened
RET0003071,OI00044678,17,2015-04-09,Opened
RET0003072,OI00044679,15,2015-04-11,Sealed
RET0003073,OI00044690,18,2019-12-20,Opened
RET0003074,OI00044700,16,2015-06-18,Opened
RET0003075,OI00044702,9,2015-06-19,Damaged
RET0003076,OI00044709,2,2026-06-04,Damaged
RET0003077,OI00044713,4,2019-02-12,Damaged
RET0003078,OI00044714,13,2016-10-02,Damaged
RET0003079,OI00044717,4,2015-12-05,Damaged
RET0003080,OI00044727,2,2016-08-02,Defective
RET0003081,OI00044743,1,2015-04-23,Defective
RET0003082,OI00044749,5,2015-08-15,Defective
RET0003083,OI00044777,2,2019-07-19,Opened
RET0003084,OI00044786,6,2015-08-24,Defective
RET0003085,OI00044795,8,2020-03-07,Opened
RET0003086,OI00044852,4,2016-02-18,Opened
RET0003087,OI00044860,5,2025-01-22,Opened
RET0003088,OI00044873,14,2025-08-24,Opened
RET0003089,OI00044929,17,2026-02-01,Opened
RET0003090,OI00044940,3,2023-06-03,Defective
RET0003091,OI00044951,17,2022-03-13,Opened
RET0003092,OI00044954,2,2026-01-04,Opened
RET0003093,OI00045001,18,2025-10-17,Opened
RET0003094,OI00045010,17,2026-02-14,Opened
RET0003095,OI00045031,13,2016-07-08,Damaged
RET0003096,OI00045034,4,2016-07-05,Opened
RET0003097,OI00045061,8,2015-06-30,Defective
RET0003098,OI00045069,14,2015-07-22,Defective
RET0003099,OI00045088,4,2015-11-17,Opened
RET0003100,OI00045093,2,2024-05-08,Defective
RET0003101,OI00045101,8,2017-07-19,Opened
RET0003102,OI00045102,16,2017-07-10,Opened
RET0003103,OI00045103,5,2017-07-12,Opened
RET0003104,OI00045141,16,2024-12-12,Sealed
RET0003105,OI00045144,9,2024-04-18,Damaged
RET0003106,OI00045159,15,2024-04-25,Defective
RET0003107,OI00045229,9,2015-01-23,Damaged
RET0003108,OI00045235,8,2017-08-16,Defective
RET0003109,OI00045237,2,2017-08-26,Sealed
RET0003110,OI00045244,17,2015-04-05,Opened
RET0003111,OI00045254,15,2020-09-16,Damaged
RET0003112,OI00045285,12,2023-10-30,Opened
RET0003113,OI00045290,10,2016-12-17,Damaged
RET0003114,OI00045307,2,2020-09-24,Opened
RET0003115,OI00045316,17,2020-02-27,Opened
RET0003116,OI00045328,16,2026-04-05,Sealed
RET0003117,OI00045334,15,2026-03-17,Sealed
RET0003118,OI00045337,6,2025-12-14,Sealed
RET0003119,OI00045345,14,2016-10-01,Damaged
RET0003120,OI00045366,5,2018-04-20,Opened
RET0003121,OI00045379,13,2025-12-15,Sealed
RET0003122,OI00045399,3,2017-01-28,Sealed
RET0003123,OI00045400,1,2020-07-04,Sealed
RET0003124,OI00045411,12,2016-03-06,Damaged
RET0003125,OI00045428,8,2017-11-06,Damaged
RET0003126,OI00045430,1,2017-11-08,Opened
RET0003127,OI00045435,14,2015-02-27,Damaged
RET0003128,OI00045436,14,2015-03-03,Damaged
RET0003129,OI00045449,6,2021-08-12,Opened
RET0003130,OI00045460,1,2018-06-07,Opened
RET0003131,OI00045474,12,2025-01-05,Defective
RET0003132,OI00045476,11,2017-12-10,Defective
RET0003133,OI00045498,12,2020-06-09,Damaged
RET0003134,OI00045500,5,2015-11-16,Sealed
RET0003135,OI00045507,14,2025-01-24,Opened
RET0003136,OI00045541,15,2021-01-15,Opened
RET0003137,OI00045542,8,2021-10-13,Opened
RET0003138,OI00045570,18,2024-08-24,Opened
RET0003139,OI00045581,3,2018-08-09,Sealed
RET0003140,OI00045613,1,2022-05-16,Sealed
RET0003141,OI00045624,11,2024-09-26,Opened
RET0003142,OI00045627,2,2024-05-11,Defective
RET0003143,OI00045630,2,2022-10-18,Damaged
RET0003144,OI00045652,10,2021-02-05,Sealed
RET0003145,OI00045654,5,2016-03-05,Sealed
RET0003146,OI00045670,9,2021-02-26,Sealed
RET0003147,OI00045673,1,2021-02-25,Opened
RET0003148,OI00045688,16,2025-03-27,Sealed
RET0003149,OI00045695,3,2017-12-13,Damaged
RET0003150,OI00045700,6,2019-01-15,Defective
RET0003151,OI00045702,5,2016-02-19,Damaged
RET0003152,OI00045719,9,2022-04-02,Sealed
RET0003153,OI00045728,6,2024-07-01,Defective
RET0003154,OI00045737,7,2025-02-07,Damaged
RET0003155,OI00045745,18,2020-11-16,Sealed
RET0003156,OI00045789,16,2017-11-23,Defective
RET0003157,OI00045804,17,2020-06-07,Opened
RET0003158,OI00045840,9,2025-02-26,Sealed
RET0003159,OI00045852,10,2020-08-04,Defective
RET0003160,OI00045856,10,2018-06-14,Defective
RET0003161,OI00045876,5,2015-01-15,Damaged
RET0003162,OI00045885,18,2018-03-10,Sealed
RET0003163,OI00045887,14,2018-03-03,Sealed
RET0003164,OI00045933,10,2025-11-28,Opened
RET0003165,OI00045939,13,2024-09-07,Sealed
RET0003166,OI00045941,7,2015-10-18,Damaged
RET0003167,OI00045948,16,2017-09-19,Opened
RET0003168,OI00045958,14,2023-06-09,Sealed
RET0003169,OI00045974,13,2023-02-20,Sealed
RET0003170,OI00045978,10,2022-01-28,Damaged
RET0003171,OI00045980,8,2020-03-21,Opened
RET0003172,OI00045988,1,2017-08-01,Sealed
RET0003173,OI00046005,15,2019-02-03,Opened
RET0003174,OI00046030,13,2017-05-22,Opened
RET0003175,OI00046040,13,2020-06-19,Sealed
RET0003176,OI00046065,6,2018-09-07,Damaged
RET0003177,OI00046077,4,2023-03-05,Sealed
RET0003178,OI00046150,1,2019-01-03,Opened
RET0003179,OI00046164,18,2025-01-23,Damaged
RET0003180,OI00046189,17,2019-01-06,Sealed
RET0003181,OI00046240,17,2025-03-08,Damaged
RET0003182,OI00046247,9,2018-12-16,Defective
RET0003183,OI00046250,11,2024-09-07,Damaged
RET0003184,OI00046258,17,2020-11-10,Opened
RET0003185,OI00046259,3,2020-11-04,Damaged
RET0003186,OI00046286,3,2019-08-21,Opened
RET0003187,OI00046298,11,2021-01-13,Opened
RET0003188,OI00046313,3,2018-05-10,Opened
RET0003189,OI00046317,12,2025-03-01,Opened
RET0003190,OI00046354,10,2017-03-14,Sealed
RET0003191,OI00046390,14,2023-11-05,Opened
RET0003192,OI00046392,7,2024-07-05,Opened
RET0003193,OI00046412,4,2021-12-21,Defective
RET0003194,OI00046417,16,2018-05-13,Opened
RET0003195,OI00046433,1,2023-07-20,Damaged
RET0003196,OI00046444,16,2024-01-17,Opened
RET0003197,OI00046446,18,2020-11-06,Opened
RET0003198,OI00046466,3,2020-10-13,Damaged
RET0003199,OI00046471,16,2025-05-07,Opened
RET0003200,OI00046505,14,2025-05-06,Sealed
RET0003201,OI00046511,7,2021-11-24,Opened
RET0003202,OI00046522,15,2020-04-13,Damaged
RET0003203,OI00046526,9,2019-09-12,Opened
RET0003204,OI00046535,4,2020-06-30,Opened
RET0003205,OI00046571,14,2018-09-05,Opened
RET0003206,OI00046574,13,2020-10-13,Sealed
RET0003207,OI00046577,6,2022-05-08,Opened
RET0003208,OI00046578,10,2022-05-03,Damaged
RET0003209,OI00046633,12,2019-12-15,Defective
RET0003210,OI00046648,15,2025-08-11,Defective
RET0003211,OI00046651,1,2016-08-26,Opened
RET0003212,OI00046657,17,2020-01-06,Defective
RET0003213,OI00046659,3,2019-12-25,Opened
RET0003214,OI00046665,8,2018-08-08,Damaged
RET0003215,OI00046669,13,2024-08-13,Defective
RET0003216,OI00046677,14,2022-09-30,Damaged
RET0003217,OI00046699,18,2016-02-20,Opened
RET0003218,OI00046720,3,2017-03-19,Opened
RET0003219,OI00046724,4,2015-08-20,Damaged
RET0003220,OI00046749,16,2021-11-23,Damaged
RET0003221,OI00046766,15,2017-09-08,Sealed
RET0003222,OI00046777,12,2019-07-30,Opened
RET0003223,OI00046781,10,2016-11-01,Opened
RET0003224,OI00046793,6,2024-10-20,Opened
RET0003225,OI00046807,17,2022-09-03,Opened
RET0003226,OI00046825,14,2019-07-17,Sealed
RET0003227,OI00046828,15,2023-07-12,Opened
RET0003228,OI00046849,7,2023-09-18,Opened
RET0003229,OI00046861,5,2015-06-27,Sealed
RET0003230,OI00046867,6,2019-10-19,Sealed
RET0003231,OI00046882,1,2025-04-13,Opened
RET0003232,OI00046897,3,2026-07-28,Sealed
RET0003233,OI00046905,2,2024-03-01,Opened
RET0003234,OI00046910,3,2017-10-24,Sealed
RET0003235,OI00046928,5,2018-08-09,Opened
RET0003236,OI00046940,4,2026-03-08,Opened
RET0003237,OI00046948,4,2022-08-09,Damaged
RET0003238,OI00046953,1,2016-06-27,Opened
RET0003239,OI00046974,1,2019-12-06,Opened
RET0003240,OI00046981,6,2021-08-15,Sealed
RET0003241,OI00046983,13,2018-02-27,Defective
RET0003242,OI00047010,5,2024-06-13,Damaged
RET0003243,OI00047020,2,2016-05-15,Opened
RET0003244,OI00047021,3,2025-03-03,Damaged
RET0003245,OI00047026,14,2023-03-09,Defective
RET0003246,OI00047040,10,2021-08-19,Damaged
RET0003247,OI00047041,5,2018-09-08,Opened
RET0003248,OI00047055,11,2026-06-06,Opened
RET0003249,OI00047058,14,2025-09-29,Defective
RET0003250,OI00047083,2,2026-03-20,Opened
RET0003251,OI00047091,2,2019-03-02,Defective
RET0003252,OI00047096,5,2018-03-21,Damaged
RET0003253,OI00047102,4,2023-04-12,Sealed
RET0003254,OI00047103,3,2023-04-15,Sealed
RET0003255,OI00047122,8,2024-02-01,Opened
RET0003256,OI00047150,5,2019-07-31,Damaged
RET0003257,OI00047173,16,2021-11-09,Defective
RET0003258,OI00047175,8,2024-06-02,Defective
RET0003259,OI00047192,14,2018-09-24,Damaged
RET0003260,OI00047194,1,2024-01-24,Opened
RET0003261,OI00047213,1,2019-07-27,Opened
RET0003262,OI00047224,15,2021-06-30,Damaged
RET0003263,OI00047237,8,2022-01-22,Opened
RET0003264,OI00047256,9,2024-08-20,Sealed
RET0003265,OI00047284,10,2024-07-19,Opened
RET0003266,OI00047317,4,2024-10-08,Damaged
RET0003267,OI00047331,2,2023-06-18,Defective
RET0003268,OI00047349,6,2020-09-06,Opened
RET0003269,OI00047353,7,2019-05-07,Sealed
RET0003270,OI00047367,2,2024-06-20,Sealed
RET0003271,OI00047372,1,2017-06-08,Damaged
RET0003272,OI00047384,15,2017-03-07,Opened
RET0003273,OI00047408,17,2025-12-24,Sealed
RET0003274,OI00047421,1,2025-04-22,Defective
RET0003275,OI00047437,7,2025-10-01,Sealed
RET0003276,OI00047510,9,2016-02-22,Opened
RET0003277,OI00047511,1,2024-06-09,Sealed
RET0003278,OI00047519,6,2025-10-22,Damaged
RET0003279,OI00047539,17,2020-09-27,Damaged
RET0003280,OI00047547,16,2020-06-09,Damaged
RET0003281,OI00047553,1,2015-10-26,Opened
RET0003282,OI00047562,3,2020-06-05,Damaged
RET0003283,OI00047572,4,2018-01-06,Opened
RET0003284,OI00047597,12,2021-06-06,Sealed
RET0003285,OI00047598,13,2016-12-14,Opened
RET0003286,OI00047599,6,2016-12-20,Opened
RET0003287,OI00047681,5,2021-09-19,Sealed
RET0003288,OI00047687,1,2017-12-02,Defective
RET0003289,OI00047701,10,2015-10-29,Opened
RET0003290,OI00047707,9,2022-03-09,Damaged
RET0003291,OI00047746,11,2020-05-25,Opened
RET0003292,OI00047770,5,2025-01-05,Opened
RET0003293,OI00047825,15,2020-05-03,Opened
RET0003294,OI00047844,6,2015-10-18,Damaged
RET0003295,OI00047851,3,2022-03-03,Damaged
RET0003296,OI00047853,7,2024-03-13,Opened
RET0003297,OI00047866,16,2021-10-08,Sealed
RET0003298,OI00047867,6,2021-03-27,Sealed
RET0003299,OI00047893,3,2019-08-03,Opened
RET0003300,OI00047933,6,2017-12-12,Opened
RET0003301,OI00047944,17,2017-03-05,Defective
RET0003302,OI00047947,2,2016-01-10,Defective
RET0003303,OI00047957,15,2024-05-21,Opened
RET0003304,OI00047963,11,2017-10-22,Damaged
RET0003305,OI00047971,4,2021-10-07,Damaged
RET0003306,OI00047980,7,2018-06-16,Sealed
RET0003307,OI00047992,12,2026-07-19,Damaged
RET0003308,OI00048019,15,2024-08-26,Defective
RET0003309,OI00048025,6,2018-04-27,Opened
RET0003310,OI00048054,17,2016-04-16,Sealed
RET0003311,OI00048092,1,2016-04-08,Sealed
RET0003312,OI00048107,12,2025-03-03,Sealed
RET0003313,OI00048136,10,2024-11-12,Opened
RET0003314,OI00048139,13,2017-05-30,Sealed
RET0003315,OI00048142,7,2025-01-09,Sealed
RET0003316,OI00048147,15,2026-01-25,Defective
RET0003317,OI00048149,2,2026-01-29,Opened
RET0003318,OI00048164,18,2026-05-09,Damaged
RET0003319,OI00048168,5,2021-09-12,Damaged
RET0003320,OI00048178,16,2019-09-13,Opened
RET0003321,OI00048195,3,2019-08-10,Sealed
RET0003322,OI00048200,10,2019-05-10,Damaged
RET0003323,OI00048206,6,2019-10-12,Sealed
RET0003324,OI00048239,2,2021-03-05,Damaged
RET0003325,OI00048249,14,2021-01-05,Sealed
RET0003326,OI00048251,6,2021-12-16,Opened
RET0003327,OI00048266,18,2019-01-20,Defective
RET0003328,OI00048275,4,2023-10-15,Sealed
RET0003329,OI00048289,11,2020-06-07,Defective
RET0003330,OI00048327,3,2025-12-08,Sealed
RET0003331,OI00048330,13,2024-05-05,Opened
RET0003332,OI00048332,15,2020-11-15,Defective
RET0003333,OI00048340,6,2026-02-14,Damaged
RET0003334,OI00048342,6,2026-02-16,Sealed
RET0003335,OI00048389,16,2019-04-12,Sealed
RET0003336,OI00048391,6,2025-01-19,Sealed
RET0003337,OI00048407,12,2022-01-21,Sealed
RET0003338,OI00048439,16,2022-04-23,Defective
RET0003339,OI00048443,13,2016-01-17,Opened
RET0003340,OI00048460,10,2025-08-08,Opened
RET0003341,OI00048472,2,2018-03-09,Defective
RET0003342,OI00048479,1,2022-06-21,Opened
RET0003343,OI00048503,7,2021-01-10,Sealed
RET0003344,OI00048524,12,2025-09-16,Damaged
RET0003345,OI00048532,10,2021-11-06,Sealed
RET0003346,OI00048543,1,2024-08-05,Opened
RET0003347,OI00048553,12,2015-04-17,Sealed
RET0003348,OI00048556,4,2021-11-06,Opened
RET0003349,OI00048565,13,2019-11-04,Opened
RET0003350,OI00048567,2,2019-10-26,Opened
RET0003351,OI00048604,1,2015-10-05,Sealed
RET0003352,OI00048645,12,2024-07-16,Damaged
RET0003353,OI00048692,12,2016-08-29,Damaged
RET0003354,OI00048700,10,2018-06-02,Opened
RET0003355,OI00048705,12,2018-06-04,Opened
RET0003356,OI00048724,10,2025-08-06,Defective
RET0003357,OI00048802,15,2026-07-07,Opened
RET0003358,OI00048829,8,2022-02-08,Opened
RET0003359,OI00048843,15,2023-04-18,Opened
RET0003360,OI00048849,13,2021-04-08,Opened
RET0003361,OI00048877,9,2018-04-11,Opened
RET0003362,OI00048896,4,2023-05-24,Opened
RET0003363,OI00048903,2,2018-05-10,Opened
RET0003364,OI00048917,15,2026-05-21,Sealed
RET0003365,OI00048929,3,2025-10-05,Sealed
RET0003366,OI00048934,5,2023-11-12,Damaged
RET0003367,OI00048972,1,2023-09-02,Opened
RET0003368,OI00048974,11,2018-03-06,Defective
RET0003369,OI00048984,1,2025-05-07,Opened
RET0003370,OI00048988,5,2017-09-29,Opened
RET0003371,OI00048991,5,2019-12-16,Opened
RET0003372,OI00049007,17,2023-06-10,Damaged
RET0003373,OI00049010,15,2018-11-24,Opened
RET0003374,OI00049012,10,2015-03-17,Sealed
RET0003375,OI00049050,13,2024-03-23,Sealed
RET0003376,OI00049062,3,2015-10-08,Damaged
RET0003377,OI00049065,3,2025-12-14,Opened
RET0003378,OI00049082,4,2023-04-11,Sealed
RET0003379,OI00049162,12,2016-09-20,Defective
RET0003380,OI00049176,14,2025-07-14,Opened
RET0003381,OI00049196,9,2017-10-18,Opened
RET0003382,OI00049205,17,2017-04-23,Opened
RET0003383,OI00049210,18,2025-11-07,Opened
RET0003384,OI00049245,9,2020-12-25,Defective
RET0003385,OI00049251,6,2018-12-27,Damaged
RET0003386,OI00049258,4,2018-03-12,Opened
RET0003387,OI00049291,18,2026-02-28,Sealed
RET0003388,OI00049360,8,2019-02-16,Sealed
RET0003389,OI00049365,16,2019-05-16,Opened
RET0003390,OI00049381,10,2018-11-26,Sealed
RET0003391,OI00049397,3,2018-09-13,Defective
RET0003392,OI00049399,14,2025-11-21,Opened
RET0003393,OI00049402,9,2024-01-12,Sealed
RET0003394,OI00049411,18,2019-09-15,Opened
RET0003395,OI00049417,17,2015-08-01,Sealed
RET0003396,OI00049422,5,2018-04-22,Opened
RET0003397,OI00049426,17,2016-06-27,Sealed
RET0003398,OI00049429,14,2026-04-01,Opened
RET0003399,OI00049433,17,2019-12-16,Damaged
RET0003400,OI00049444,15,2026-08-02,Sealed
RET0003401,OI00049451,2,2020-11-13,Opened
RET0003402,OI00049454,2,2026-05-26,Sealed
RET0003403,OI00049506,4,2021-12-27,Damaged
RET0003404,OI00049517,10,2015-01-19,Damaged
RET0003405,OI00049518,18,2015-01-14,Sealed
RET0003406,OI00049534,7,2017-04-15,Damaged
RET0003407,OI00049540,14,2023-01-03,Sealed
RET0003408,OI00049545,8,2024-03-31,Sealed
RET0003409,OI00049554,1,2021-12-12,Opened
RET0003410,OI00049566,12,2018-09-19,Opened
RET0003411,OI00049573,14,2023-03-20,Opened
RET0003412,OI00049601,7,2019-09-13,Sealed
RET0003413,OI00049611,2,2021-06-04,Opened
RET0003414,OI00049617,8,2021-09-15,Opened
RET0003415,OI00049625,9,2015-10-27,Damaged
RET0003416,OI00049641,11,2018-04-18,Damaged
RET0003417,OI00049651,13,2023-08-23,Damaged
RET0003418,OI00049661,1,2015-08-11,Damaged
RET0003419,OI00049668,13,2016-12-07,Opened
RET0003420,OI00049671,13,2019-09-24,Defective
RET0003421,OI00049687,11,2022-08-10,Sealed
RET0003422,OI00049693,17,2026-08-05,Sealed
RET0003423,OI00049704,6,2016-07-09,Opened
RET0003424,OI00049709,16,2019-09-21,Opened
RET0003425,OI00049719,13,2020-04-29,Damaged
RET0003426,OI00049729,4,2019-02-28,Damaged
RET0003427,OI00049765,10,2018-09-22,Opened
RET0003428,OI00049773,8,2021-06-16,Defective
RET0003429,OI00049780,10,2018-04-22,Opened
RET0003430,OI00049781,9,2022-02-12,Sealed
RET0003431,OI00049789,3,2021-10-25,Sealed
RET0003432,OI00049822,6,2026-01-02,Defective
RET0003433,OI00049828,12,2015-05-29,Sealed
RET0003434,OI00049841,7,2022-03-26,Damaged
RET0003435,OI00049850,4,2019-04-12,Opened
RET0003436,OI00049851,11,2019-04-21,Damaged
RET0003437,OI00049887,8,2018-10-18,Defective
RET0003438,OI00049903,17,2022-07-10,Sealed
RET0003439,OI00049921,15,2015-05-27,Opened
RET0003440,OI00049952,8,2022-09-03,Damaged
RET0003441,OI00049957,8,2020-11-20,Damaged
RET0003442,OI00049962,4,2022-01-22,Opened
RET0003443,OI00049994,6,2017-12-22,Sealed
RET0003444,OI00050019,9,2019-06-13,Defective
RET0003445,OI00050021,1,2017-11-15,Damaged
RET0003446,OI00050028,18,2025-12-22,Damaged
RET0003447,OI00050038,12,2018-09-20,Opened
RET0003448,OI00050048,4,2018-05-12,Opened
RET0003449,OI00050058,17,2023-12-14,Opened
RET0003450,OI00050060,5,2022-01-26,Opened
RET0003451,OI00050066,18,2023-07-13,Opened
RET0003452,OI00050067,5,2019-05-29,Defective
RET0003453,OI00050070,11,2023-01-17,Opened
RET0003454,OI00050089,11,2021-04-04,Defective
RET0003455,OI00050090,3,2015-11-13,Opened
RET0003456,OI00050095,7,2020-06-08,Opened
RET0003457,OI00050198,4,2019-12-30,Opened
RET0003458,OI00050200,17,2022-12-02,Opened
RET0003459,OI00050205,4,2024-01-26,Opened
RET0003460,OI00050230,14,2020-10-06,Opened
RET0003461,OI00050251,14,2015-10-05,Sealed
RET0003462,OI00050274,10,2025-12-08,Sealed
RET0003463,OI00050284,3,2018-08-06,Sealed
RET0003464,OI00050315,4,2024-06-03,Opened
RET0003465,OI00050317,2,2021-11-25,Damaged
RET0003466,OI00050327,1,2022-03-25,Opened
RET0003467,OI00050354,14,2019-12-28,Opened
RET0003468,OI00050377,12,2026-05-10,Opened
RET0003469,OI00050415,9,2025-06-11,Sealed
RET0003470,OI00050428,5,2022-06-17,Damaged
RET0003471,OI00050487,10,2023-06-30,Damaged
RET0003472,OI00050491,1,2025-04-18,Opened
RET0003473,OI00050531,8,2017-11-18,Opened
RET0003474,OI00050535,10,2021-04-08,Defective
RET0003475,OI00050550,4,2020-07-12,Damaged
RET0003476,OI00050591,5,2016-08-03,Defective
RET0003477,OI00050600,8,2023-01-10,Opened
RET0003478,OI00050624,15,2017-07-07,Defective
RET0003479,OI00050626,17,2025-07-24,Opened
RET0003480,OI00050638,9,2018-07-09,Sealed
RET0003481,OI00050661,3,2019-08-07,Opened
RET0003482,OI00050662,11,2019-08-09,Opened
RET0003483,OI00050679,4,2018-09-26,Damaged
RET0003484,OI00050688,9,2015-12-26,Defective
RET0003485,OI00050695,11,2016-01-20,Sealed
RET0003486,OI00050699,18,2020-08-13,Sealed
RET0003487,OI00050713,14,2016-05-16,Opened
RET0003488,OI00050745,3,2018-09-30,Opened
RET0003489,OI00050759,1,2024-04-20,Damaged
RET0003490,OI00050762,15,2016-10-16,Opened
RET0003491,OI00050764,15,2026-07-07,Defective
RET0003492,OI00050766,14,2026-07-10,Opened
RET0003493,OI00050802,17,2024-04-18,Sealed
RET0003494,OI00050888,18,2024-02-16,Damaged
RET0003495,OI00050925,4,2024-05-04,Damaged
RET0003496,OI00050935,9,2026-07-01,Defective
RET0003497,OI00050945,14,2016-08-28,Sealed
RET0003498,OI00050962,5,2017-09-18,Damaged
RET0003499,OI00050981,8,2025-03-13,Opened
RET0003500,OI00050987,4,2024-01-14,Sealed
RET0003501,OI00051075,10,2020-04-11,Defective
RET0003502,OI00051108,4,2023-04-29,Defective
RET0003503,OI00051131,7,2021-02-13,Sealed
RET0003504,OI00051156,17,2020-12-08,Sealed
RET0003505,OI00051163,7,2025-12-11,Damaged
RET0003506,OI00051165,3,2021-03-20,Opened
RET0003507,OI00051179,5,2023-06-29,Opened
RET0003508,OI00051189,7,2016-03-10,Opened
RET0003509,OI00051212,8,2016-09-16,Damaged
RET0003510,OI00051214,16,2021-02-04,Sealed
RET0003511,OI00051223,7,2019-09-02,Damaged
RET0003512,OI00051225,11,2025-06-21,Sealed
RET0003513,OI00051234,12,2023-07-14,Sealed
RET0003514,OI00051245,1,2020-01-24,Defective
RET0003515,OI00051253,15,2021-12-22,Defective
RET0003516,OI00051264,1,2017-02-19,Damaged
RET0003517,OI00051286,11,2024-07-13,Sealed
RET0003518,OI00051311,10,2015-03-27,Defective
RET0003519,OI00051326,14,2020-11-14,Sealed
RET0003520,OI00051329,11,2022-08-29,Sealed
RET0003521,OI00051360,11,2025-03-22,Opened
RET0003522,OI00051386,8,2020-02-25,Opened
RET0003523,OI00051398,6,2024-02-03,Damaged
RET0003524,OI00051408,1,2023-12-22,Opened
RET0003525,OI00051424,2,2026-04-23,Damaged
RET0003526,OI00051427,7,2015-02-10,Defective
RET0003527,OI00051430,12,2015-02-05,Sealed
RET0003528,OI00051439,9,2015-04-14,Damaged
RET0003529,OI00051454,1,2023-12-20,Sealed
RET0003530,OI00051479,14,2022-08-05,Sealed
RET0003531,OI00051513,10,2021-01-02,Opened
RET0003532,OI00051541,17,2024-06-21,Sealed
RET0003533,OI00051569,5,2016-03-18,Opened
RET0003534,OI00051585,7,2024-01-31,Opened
RET0003535,OI00051592,6,2018-09-21,Sealed
RET0003536,OI00051606,14,2025-11-23,Damaged
RET0003537,OI00051609,14,2015-05-30,Damaged
RET0003538,OI00051622,9,2015-02-21,Opened
RET0003539,OI00051637,11,2023-04-14,Sealed
RET0003540,OI00051651,7,2017-03-08,Sealed
RET0003541,OI00051713,16,2016-05-16,Damaged
RET0003542,OI00051717,16,2016-05-09,Damaged
RET0003543,OI00051730,11,2020-06-27,Opened
RET0003544,OI00051747,3,2015-06-11,Sealed
RET0003545,OI00051755,4,2022-01-02,Sealed
RET0003546,OI00051758,3,2016-01-03,Opened
RET0003547,OI00051760,1,2019-05-29,Opened
RET0003548,OI00051808,3,2016-06-13,Opened
RET0003549,OI00051814,17,2024-07-02,Defective
RET0003550,OI00051816,2,2018-11-04,Sealed
RET0003551,OI00051820,12,2016-08-10,Sealed
RET0003552,OI00051827,17,2016-10-15,Opened
RET0003553,OI00051832,3,2025-11-08,Opened
RET0003554,OI00051843,10,2017-10-07,Defective
RET0003555,OI00051845,11,2022-06-10,Defective
RET0003556,OI00051846,17,2022-06-13,Damaged
RET0003557,OI00051878,7,2022-04-09,Opened
RET0003558,OI00051888,8,2025-06-29,Defective
RET0003559,OI00051895,11,2023-11-13,Opened
RET0003560,OI00051908,10,2022-12-31,Opened
RET0003561,OI00051933,14,2021-01-19,Damaged
RET0003562,OI00051940,5,2018-04-08,Sealed
RET0003563,OI00051946,9,2020-03-30,Damaged
RET0003564,OI00051968,16,2022-04-22,Damaged
RET0003565,OI00051980,4,2017-05-28,Opened
RET0003566,OI00051981,4,2015-07-31,Opened
RET0003567,OI00051993,13,2015-10-10,Damaged
RET0003568,OI00051995,7,2015-10-14,Defective
RET0003569,OI00052034,13,2020-12-27,Sealed
RET0003570,OI00052040,15,2025-01-26,Opened
RET0003571,OI00052042,4,2022-04-03,Opened
RET0003572,OI00052051,1,2017-07-15,Damaged
RET0003573,OI00052056,9,2017-08-14,Opened
RET0003574,OI00052065,6,2015-02-13,Defective
RET0003575,OI00052074,15,2018-06-11,Opened
RET0003576,OI00052079,15,2021-08-23,Sealed
RET0003577,OI00052094,8,2021-09-21,Damaged
RET0003578,OI00052109,13,2025-04-25,Damaged
RET0003579,OI00052122,13,2025-12-11,Damaged
RET0003580,OI00052148,10,2021-08-03,Opened
RET0003581,OI00052160,3,2024-06-29,Damaged
RET0003582,OI00052196,17,2018-04-09,Opened
RET0003583,OI00052197,14,2018-04-21,Sealed
RET0003584,OI00052205,5,2020-01-17,Opened
RET0003585,OI00052206,18,2020-01-17,Damaged
RET0003586,OI00052208,17,2024-04-11,Sealed
RET0003587,OI00052212,3,2023-01-02,Opened
RET0003588,OI00052230,5,2023-05-23,Damaged
RET0003589,OI00052235,8,2018-12-09,Sealed
RET0003590,OI00052253,9,2023-03-29,Defective
RET0003591,OI00052258,4,2019-11-21,Defective
RET0003592,OI00052259,2,2019-10-21,Opened
RET0003593,OI00052261,16,2024-10-30,Sealed
RET0003594,OI00052276,7,2023-12-11,Sealed
RET0003595,OI00052279,5,2018-03-29,Opened
RET0003596,OI00052294,6,2022-10-25,Opened
RET0003597,OI00052313,4,2017-12-19,Opened
RET0003598,OI00052314,5,2024-05-11,Damaged
RET0003599,OI00052315,18,2024-05-14,Defective
RET0003600,OI00052339,12,2015-01-31,Opened
RET0003601,OI00052350,6,2017-11-06,Opened
RET0003602,OI00052352,5,2024-12-17,Damaged
RET0003603,OI00052378,5,2023-10-02,Opened
RET0003604,OI00052389,5,2020-06-26,Opened
RET0003605,OI00052407,9,2020-01-24,Opened
RET0003606,OI00052415,4,2019-11-01,Opened
RET0003607,OI00052417,1,2017-03-10,Sealed
RET0003608,OI00052425,11,2020-03-05,Opened
RET0003609,OI00052434,12,2024-11-18,Damaged
RET0003610,OI00052449,2,2018-10-20,Defective
RET0003611,OI00052473,11,2017-11-29,Opened
RET0003612,OI00052486,14,2018-12-02,Opened
RET0003613,OI00052491,15,2020-02-16,Damaged
RET0003614,OI00052493,6,2020-12-17,Defective
RET0003615,OI00052510,2,2024-06-22,Opened
RET0003616,OI00052514,1,2024-10-24,Opened
RET0003617,OI00052524,5,2018-05-27,Opened
RET0003618,OI00052538,6,2025-02-27,Opened
RET0003619,OI00052564,15,2021-08-31,Sealed
RET0003620,OI00052588,1,2019-04-27,Opened
RET0003621,OI00052616,4,2022-01-08,Sealed
RET0003622,OI00052618,12,2022-01-11,Opened
RET0003623,OI00052624,5,2023-03-10,Sealed
RET0003624,OI00052632,18,2015-06-03,Sealed
RET0003625,OI00052657,7,2018-10-17,Damaged
RET0003626,OI00052710,10,2026-08-08,Sealed
RET0003627,OI00052719,8,2023-02-10,Opened
RET0003628,OI00052729,2,2021-04-28,Damaged
RET0003629,OI00052745,1,2023-01-29,Defective
RET0003630,OI00052750,4,2025-09-06,Opened
RET0003631,OI00052751,17,2018-04-20,Opened
RET0003632,OI00052761,4,2019-10-28,Defective
RET0003633,OI00052762,9,2019-11-02,Defective
RET0003634,OI00052822,6,2025-10-01,Sealed
RET0003635,OI00052841,13,2020-12-31,Damaged
RET0003636,OI00052844,3,2022-05-28,Sealed
RET0003637,OI00052867,7,2024-05-17,Damaged
RET0003638,OI00052873,3,2026-07-25,Opened
RET0003639,OI00052899,15,2024-03-03,Opened
RET0003640,OI00052900,10,2024-02-22,Opened
RET0003641,OI00052917,17,2026-06-05,Defective
RET0003642,OI00052935,18,2018-04-03,Sealed
RET0003643,OI00052937,18,2018-06-12,Sealed
RET0003644,OI00052975,7,2021-10-03,Opened
RET0003645,OI00052998,7,2022-11-16,Defective
RET0003646,OI00053037,3,2021-09-07,Sealed
RET0003647,OI00053042,16,2025-07-01,Damaged
RET0003648,OI00053048,14,2021-03-23,Defective
RET0003649,OI00053086,9,2025-01-08,Sealed
RET0003650,OI00053100,2,2022-11-02,Sealed
RET0003651,OI00053110,12,2026-06-09,Damaged
RET0003652,OI00053111,8,2026-06-05,Sealed
RET0003653,OI00053118,7,2026-07-14,Defective
RET0003654,OI00053134,12,2016-05-05,Defective
RET0003655,OI00053143,14,2025-11-18,Damaged
RET0003656,OI00053147,18,2018-10-06,Opened
RET0003657,OI00053149,1,2018-10-06,Sealed
RET0003658,OI00053155,13,2025-04-24,Sealed
RET0003659,OI00053170,18,2020-01-08,Defective
RET0003660,OI00053196,1,2022-04-02,Defective
RET0003661,OI00053209,17,2023-05-14,Sealed
RET0003662,OI00053217,12,2015-05-22,Opened
RET0003663,OI00053235,8,2019-04-15,Opened
RET0003664,OI00053260,6,2015-03-28,Damaged
RET0003665,OI00053274,4,2022-07-21,Opened
RET0003666,OI00053281,8,2024-03-03,Damaged
RET0003667,OI00053298,6,2022-02-20,Sealed
RET0003668,OI00053314,15,2019-02-15,Damaged
RET0003669,OI00053326,2,2017-12-21,Damaged
RET0003670,OI00053329,4,2020-03-17,Damaged
RET0003671,OI00053331,17,2023-09-22,Opened
RET0003672,OI00053336,11,2017-06-09,Damaged
RET0003673,OI00053379,16,2023-07-13,Opened
RET0003674,OI00053404,2,2017-07-22,Opened
RET0003675,OI00053415,11,2018-01-22,Opened
RET0003676,OI00053417,2,2019-05-09,Damaged
RET0003677,OI00053456,15,2024-01-30,Sealed
RET0003678,OI00053473,16,2022-09-16,Damaged
RET0003679,OI00053489,9,2016-02-28,Opened
RET0003680,OI00053499,6,2017-01-26,Opened
RET0003681,OI00053505,2,2020-10-05,Damaged
RET0003682,OI00053513,13,2020-11-17,Sealed
RET0003683,OI00053518,5,2026-01-18,Sealed
RET0003684,OI00053549,4,2016-02-20,Opened
RET0003685,OI00053552,17,2026-07-29,Defective
RET0003686,OI00053554,13,2019-03-07,Sealed
RET0003687,OI00053566,18,2018-03-28,Damaged
RET0003688,OI00053586,17,2020-05-23,Damaged
RET0003689,OI00053613,3,2022-03-05,Opened
RET0003690,OI00053616,17,2026-04-13,Opened
RET0003691,OI00053624,11,2019-02-19,Opened
RET0003692,OI00053643,6,2026-06-18,Opened
RET0003693,OI00053645,9,2026-06-25,Damaged
RET0003694,OI00053659,5,2023-07-22,Opened
RET0003695,OI00053663,12,2017-04-28,Sealed
RET0003696,OI00053668,12,2018-06-18,Defective
RET0003697,OI00053671,18,2024-10-26,Opened
RET0003698,OI00053677,4,2023-06-23,Damaged
RET0003699,OI00053678,18,2015-08-06,Opened
RET0003700,OI00053684,15,2024-08-26,Defective
RET0003701,OI00053685,3,2024-08-30,Damaged
RET0003702,OI00053701,17,2021-05-23,Opened
RET0003703,OI00053712,10,2025-06-10,Damaged
RET0003704,OI00053714,9,2026-03-26,Damaged
RET0003705,OI00053719,8,2020-07-24,Opened
RET0003706,OI00053730,16,2019-04-15,Opened
RET0003707,OI00053731,14,2024-08-03,Damaged
RET0003708,OI00053781,14,2025-11-06,Opened
RET0003709,OI00053785,16,2017-11-21,Opened
RET0003710,OI00053788,6,2017-03-10,Damaged
RET0003711,OI00053794,5,2017-10-26,Damaged
RET0003712,OI00053815,4,2026-01-18,Defective
RET0003713,OI00053820,14,2021-12-07,Damaged
RET0003714,OI00053835,18,2022-07-10,Sealed
RET0003715,OI00053861,3,2017-05-16,Damaged
RET0003716,OI00053864,6,2019-07-15,Opened
RET0003717,OI00053868,8,2023-08-16,Opened
RET0003718,OI00053936,2,2024-04-08,Defective
RET0003719,OI00053960,16,2023-08-17,Opened
RET0003720,OI00053976,5,2015-10-30,Opened
RET0003721,OI00054016,10,2018-08-11,Sealed
RET0003722,OI00054018,10,2022-05-22,Opened
RET0003723,OI00054025,6,2026-03-19,Defective
RET0003724,OI00054030,16,2020-05-03,Sealed
RET0003725,OI00054038,1,2017-01-24,Sealed
RET0003726,OI00054049,14,2019-09-26,Opened
RET0003727,OI00054064,3,2019-04-16,Defective
RET0003728,OI00054079,16,2019-05-08,Damaged
RET0003729,OI00054082,6,2019-05-06,Sealed
RET0003730,OI00054089,16,2016-01-07,Defective
RET0003731,OI00054099,11,2017-12-05,Opened
RET0003732,OI00054119,16,2022-03-13,Damaged
RET0003733,OI00054123,14,2018-11-27,Defective
RET0003734,OI00054136,7,2015-12-07,Sealed
RET0003735,OI00054153,12,2021-05-22,Opened
RET0003736,OI00054172,10,2023-05-20,Opened
RET0003737,OI00054184,2,2024-10-16,Sealed
RET0003738,OI00054191,14,2021-03-10,Damaged
RET0003739,OI00054209,15,2024-06-27,Defective
RET0003740,OI00054213,10,2019-06-14,Damaged
RET0003741,OI00054229,18,2018-04-25,Damaged
RET0003742,OI00054231,9,2020-09-22,Damaged
RET0003743,OI00054239,9,2024-10-03,Opened
RET0003744,OI00054252,16,2020-05-08,Sealed
RET0003745,OI00054262,10,2019-09-10,Opened
RET0003746,OI00054269,6,2019-07-08,Opened
RET0003747,OI00054300,14,2020-10-26,Opened
RET0003748,OI00054324,6,2021-07-22,Opened
RET0003749,OI00054330,16,2016-04-23,Sealed
RET0003750,OI00054351,6,2020-04-10,Sealed
RET0003751,OI00054370,12,2021-05-16,Sealed
RET0003752,OI00054386,16,2015-10-23,Opened
RET0003753,OI00054396,6,2021-07-28,Sealed
RET0003754,OI00054421,8,2024-09-13,Defective
RET0003755,OI00054454,18,2021-09-25,Defective
RET0003756,OI00054473,17,2025-07-01,Damaged
RET0003757,OI00054490,14,2024-10-10,Damaged
RET0003758,OI00054498,2,2015-10-02,Defective
RET0003759,OI00054506,6,2017-11-05,Damaged
RET0003760,OI00054511,15,2015-11-16,Damaged
RET0003761,OI00054559,8,2025-04-24,Sealed
RET0003762,OI00054575,1,2023-07-26,Damaged
RET0003763,OI00054584,14,2021-04-15,Sealed
RET0003764,OI00054588,14,2026-02-21,Opened
RET0003765,OI00054594,13,2025-07-23,Defective
RET0003766,OI00054606,14,2017-08-26,Sealed
RET0003767,OI00054608,6,2026-07-06,Sealed
RET0003768,OI00054627,15,2023-11-29,Sealed
RET0003769,OI00054632,14,2021-11-17,Damaged
RET0003770,OI00054649,10,2018-05-11,Defective
RET0003771,OI00054686,5,2019-12-24,Defective
RET0003772,OI00054691,8,2019-07-30,Damaged
RET0003773,OI00054725,15,2024-10-30,Defective
RET0003774,OI00054772,15,2019-02-13,Opened
RET0003775,OI00054805,8,2017-08-14,Defective
RET0003776,OI00054818,13,2026-06-21,Damaged
RET0003777,OI00054865,4,2023-02-28,Opened
RET0003778,OI00054882,6,2022-06-10,Defective
RET0003779,OI00054885,11,2026-08-11,Defective
RET0003780,OI00054893,2,2015-08-13,Opened
RET0003781,OI00054901,16,2021-02-18,Damaged
RET0003782,OI00054903,12,2019-10-27,Sealed
RET0003783,OI00054905,6,2018-08-24,Damaged
RET0003784,OI00054930,7,2025-10-04,Defective
RET0003785,OI00054945,12,2023-09-11,Sealed
RET0003786,OI00054972,13,2020-07-31,Sealed
RET0003787,OI00054976,10,2021-12-06,Opened
RET0003788,OI00054988,12,2025-07-06,Opened
RET0003789,OI00054990,15,2022-03-08,Opened
RET0003790,OI00055005,8,2020-02-14,Damaged
RET0003791,OI00055021,6,2021-12-05,Sealed
RET0003792,OI00055038,14,2020-10-27,Damaged
RET0003793,OI00055072,15,2022-04-19,Sealed
RET0003794,OI00055089,13,2023-12-10,Opened
RET0003795,OI00055137,12,2015-08-07,Damaged
RET0003796,OI00055146,6,2019-01-24,Defective
RET0003797,OI00055163,1,2018-09-08,Sealed
RET0003798,OI00055165,11,2020-05-28,Sealed
RET0003799,OI00055168,6,2024-07-09,Damaged
RET0003800,OI00055170,6,2019-08-02,Opened
RET0003801,OI00055172,15,2019-07-25,Opened
RET0003802,OI00055174,11,2018-09-25,Defective
RET0003803,OI00055177,11,2018-09-21,Opened
RET0003804,OI00055184,14,2020-07-29,Defective
RET0003805,OI00055213,15,2026-01-20,Sealed
RET0003806,OI00055222,8,2021-03-07,Sealed
RET0003807,OI00055225,6,2021-03-05,Opened
RET0003808,OI00055236,11,2026-07-07,Opened
RET0003809,OI00055240,6,2024-03-29,Opened
RET0003810,OI00055259,11,2018-01-28,Sealed
RET0003811,OI00055273,16,2021-03-03,Sealed
RET0003812,OI00055277,13,2025-03-17,Defective
RET0003813,OI00055296,9,2020-05-04,Damaged
RET0003814,OI00055301,12,2022-02-19,Opened
RET0003815,OI00055346,5,2020-12-23,Opened
RET0003816,OI00055347,7,2019-12-26,Damaged
RET0003817,OI00055348,1,2019-12-16,Sealed
RET0003818,OI00055366,16,2017-04-23,Opened
RET0003819,OI00055375,14,2020-04-17,Opened
RET0003820,OI00055394,16,2025-08-09,Damaged
RET0003821,OI00055400,8,2025-11-21,Damaged
RET0003822,OI00055401,1,2025-11-22,Opened
RET0003823,OI00055407,11,2020-02-20,Sealed
RET0003824,OI00055410,2,2016-04-06,Sealed
RET0003825,OI00055432,3,2015-10-25,Damaged
RET0003826,OI00055443,9,2018-04-01,Opened
RET0003827,OI00055444,7,2018-04-10,Defective
RET0003828,OI00055483,4,2018-01-07,Defective
RET0003829,OI00055497,4,2025-01-21,Damaged
RET0003830,OI00055508,12,2020-04-11,Damaged
RET0003831,OI00055521,15,2022-04-16,Defective
RET0003832,OI00055524,11,2015-01-23,Opened
RET0003833,OI00055529,7,2023-06-08,Defective
RET0003834,OI00055539,15,2020-01-23,Opened
RET0003835,OI00055553,6,2024-03-02,Opened
RET0003836,OI00055572,2,2020-05-02,Opened
RET0003837,OI00055585,7,2015-12-12,Opened
RET0003838,OI00055594,14,2023-02-19,Sealed
RET0003839,OI00055603,15,2016-06-28,Damaged
RET0003840,OI00055604,4,2016-06-28,Opened
RET0003841,OI00055608,17,2022-04-27,Opened
RET0003842,OI00055629,13,2019-10-26,Sealed
RET0003843,OI00055647,12,2022-06-18,Sealed
RET0003844,OI00055733,2,2024-04-21,Damaged
RET0003845,OI00055801,2,2020-06-07,Damaged
RET0003846,OI00055827,16,2020-11-22,Opened
RET0003847,OI00055866,6,2016-04-05,Sealed
RET0003848,OI00055874,5,2016-08-24,Sealed
RET0003849,OI00055887,9,2020-08-03,Opened
RET0003850,OI00055888,1,2020-08-02,Defective
RET0003851,OI00055911,17,2022-01-23,Opened
RET0003852,OI00055934,16,2022-02-05,Sealed
RET0003853,OI00055936,12,2024-11-18,Defective
RET0003854,OI00055944,4,2026-04-04,Opened
RET0003855,OI00055973,13,2021-12-11,Defective
RET0003856,OI00055976,7,2018-03-18,Opened
RET0003857,OI00055984,17,2016-03-14,Damaged
RET0003858,OI00055999,6,2021-11-29,Defective
RET0003859,OI00056007,7,2017-06-28,Opened
RET0003860,OI00056011,2,2019-08-25,Defective
RET0003861,OI00056019,7,2024-03-17,Opened
RET0003862,OI00056024,11,2019-12-07,Opened
RET0003863,OI00056025,10,2019-01-21,Sealed
RET0003864,OI00056043,8,2018-08-04,Opened
RET0003865,OI00056048,6,2020-03-25,Sealed
RET0003866,OI00056078,18,2025-10-06,Sealed
RET0003867,OI00056083,16,2025-02-10,Sealed
RET0003868,OI00056121,9,2025-04-30,Sealed
RET0003869,OI00056131,5,2026-04-18,Damaged
RET0003870,OI00056142,9,2025-07-10,Sealed
RET0003871,OI00056163,11,2025-07-26,Opened
RET0003872,OI00056177,4,2016-04-09,Defective
RET0003873,OI00056180,12,2018-10-17,Defective
RET0003874,OI00056185,2,2018-07-03,Damaged
RET0003875,OI00056186,5,2018-07-05,Opened
RET0003876,OI00056211,2,2020-09-20,Damaged
RET0003877,OI00056214,3,2022-08-19,Sealed
RET0003878,OI00056222,7,2023-07-31,Opened
RET0003879,OI00056258,15,2022-06-07,Sealed
RET0003880,OI00056274,18,2018-03-31,Damaged
RET0003881,OI00056282,17,2017-07-29,Opened
RET0003882,OI00056296,7,2015-02-22,Defective
RET0003883,OI00056320,13,2017-07-28,Damaged
RET0003884,OI00056323,1,2023-01-18,Defective
RET0003885,OI00056356,8,2018-02-26,Opened
RET0003886,OI00056375,16,2017-07-26,Sealed
RET0003887,OI00056387,12,2026-06-15,Opened
RET0003888,OI00056399,17,2020-11-20,Opened
RET0003889,OI00056425,4,2018-09-22,Damaged
RET0003890,OI00056433,3,2021-05-09,Sealed
RET0003891,OI00056436,11,2022-08-05,Opened
RET0003892,OI00056464,4,2025-09-28,Damaged
RET0003893,OI00056468,6,2021-10-08,Opened
RET0003894,OI00056470,9,2023-11-24,Damaged
RET0003895,OI00056485,18,2022-02-16,Damaged
RET0003896,OI00056503,18,2016-05-24,Defective
RET0003897,OI00056527,15,2021-09-21,Sealed
RET0003898,OI00056543,14,2025-05-03,Damaged
RET0003899,OI00056556,16,2018-02-06,Defective
RET0003900,OI00056559,12,2019-10-13,Damaged
RET0003901,OI00056569,16,2021-12-29,Damaged
RET0003902,OI00056582,12,2021-06-30,Defective
RET0003903,OI00056597,9,2024-10-05,Damaged
RET0003904,OI00056599,18,2024-10-05,Opened
RET0003905,OI00056611,18,2022-02-08,Opened
RET0003906,OI00056622,9,2019-02-19,Sealed
RET0003907,OI00056627,7,2019-03-05,Damaged
RET0003908,OI00056633,8,2024-01-24,Damaged
RET0003909,OI00056652,3,2022-12-01,Opened
RET0003910,OI00056671,16,2020-06-18,Damaged
RET0003911,OI00056677,2,2025-11-29,Defective
RET0003912,OI00056690,16,2016-09-21,Damaged
RET0003913,OI00056710,11,2020-12-07,Opened
RET0003914,OI00056712,16,2015-01-20,Sealed
RET0003915,OI00056734,3,2025-09-02,Opened
RET0003916,OI00056747,4,2023-04-22,Sealed
RET0003917,OI00056768,8,2024-11-01,Sealed
RET0003918,OI00056776,16,2024-07-30,Opened
RET0003919,OI00056777,2,2024-07-30,Damaged
RET0003920,OI00056778,17,2024-08-02,Opened
RET0003921,OI00056800,1,2026-05-20,Damaged
RET0003922,OI00056809,16,2018-10-03,Damaged
RET0003923,OI00056842,9,2016-03-07,Opened
RET0003924,OI00056852,10,2016-03-24,Sealed
RET0003925,OI00056863,2,2020-09-27,Defective
RET0003926,OI00056879,8,2025-02-08,Sealed
RET0003927,OI00056884,3,2024-05-17,Opened
RET0003928,OI00056887,16,2022-08-01,Damaged
RET0003929,OI00056899,7,2019-01-08,Defective
RET0003930,OI00056906,15,2024-11-21,Sealed
RET0003931,OI00056913,16,2024-09-15,Damaged
RET0003932,OI00056918,1,2021-06-16,Sealed
RET0003933,OI00056927,18,2015-04-13,Opened
RET0003934,OI00056929,14,2018-04-16,Damaged
RET0003935,OI00056952,11,2016-12-26,Sealed
RET0003936,OI00056955,5,2015-04-18,Opened
RET0003937,OI00056960,14,2019-05-12,Damaged
RET0003938,OI00056969,10,2017-07-08,Opened
RET0003939,OI00056970,13,2017-06-25,Defective
RET0003940,OI00056977,8,2019-08-17,Sealed
RET0003941,OI00056980,13,2026-05-28,Damaged
RET0003942,OI00056983,16,2019-01-02,Opened
RET0003943,OI00056986,14,2022-03-17,Opened
RET0003944,OI00056997,10,2018-10-28,Sealed
RET0003945,OI00057010,14,2018-12-21,Opened
RET0003946,OI00057032,2,2022-12-31,Sealed
RET0003947,OI00057059,16,2021-01-17,Sealed
RET0003948,OI00057063,15,2019-07-15,Opened
RET0003949,OI00057064,4,2019-07-06,Sealed
RET0003950,OI00057065,5,2019-07-02,Opened
RET0003951,OI00057069,11,2023-11-18,Opened
RET0003952,OI00057087,14,2017-11-13,Opened
RET0003953,OI00057097,6,2023-08-19,Opened
RET0003954,OI00057118,18,2015-03-08,Sealed
RET0003955,OI00057135,9,2015-02-06,Defective
RET0003956,OI00057142,2,2022-08-29,Sealed
RET0003957,OI00057170,14,2022-08-31,Opened
RET0003958,OI00057174,4,2023-05-10,Damaged
RET0003959,OI00057185,10,2021-06-25,Damaged
RET0003960,OI00057244,17,2023-03-08,Sealed
RET0003961,OI00057254,4,2023-11-27,Damaged
RET0003962,OI00057264,15,2017-12-22,Opened
RET0003963,OI00057278,2,2020-02-20,Sealed
RET0003964,OI00057294,9,2023-07-26,Damaged
RET0003965,OI00057301,3,2022-12-22,Sealed
RET0003966,OI00057339,2,2025-07-31,Opened
RET0003967,OI00057348,4,2020-02-02,Opened
RET0003968,OI00057363,3,2020-11-14,Opened
RET0003969,OI00057368,15,2020-09-09,Opened
RET0003970,OI00057370,15,2024-10-08,Opened
RET0003971,OI00057375,14,2022-10-31,Opened
RET0003972,OI00057385,2,2022-12-29,Sealed
RET0003973,OI00057393,2,2016-08-10,Damaged
RET0003974,OI00057403,9,2019-12-28,Sealed
RET0003975,OI00057421,12,2016-02-02,Opened
RET0003976,OI00057452,5,2023-05-04,Defective
RET0003977,OI00057454,2,2024-02-03,Opened
RET0003978,OI00057460,18,2020-02-06,Sealed
RET0003979,OI00057462,12,2022-11-19,Sealed
RET0003980,OI00057465,4,2026-04-11,Opened
RET0003981,OI00057466,8,2026-04-16,Sealed
RET0003982,OI00057476,4,2019-10-10,Sealed
RET0003983,OI00057510,3,2020-11-06,Damaged
RET0003984,OI00057523,9,2025-03-25,Sealed
RET0003985,OI00057616,2,2016-04-29,Defective
RET0003986,OI00057656,13,2025-03-30,Sealed
RET0003987,OI00057662,9,2019-03-06,Opened
RET0003988,OI00057669,14,2019-09-12,Sealed
RET0003989,OI00057678,4,2026-06-26,Opened
RET0003990,OI00057711,15,2022-11-17,Defective
RET0003991,OI00057732,16,2017-08-29,Sealed
RET0003992,OI00057736,15,2022-02-28,Opened
RET0003993,OI00057740,1,2018-02-10,Damaged
RET0003994,OI00057743,7,2016-05-23,Opened
RET0003995,OI00057744,2,2020-02-23,Defective
RET0003996,OI00057749,8,2018-09-23,Opened
RET0003997,OI00057751,18,2018-12-13,Defective
RET0003998,OI00057761,15,2021-04-09,Damaged
RET0003999,OI00057769,4,2024-08-19,Opened
RET0004000,OI00057798,7,2020-02-12,Defective
RET0004001,OI00057848,12,2015-06-20,Opened
RET0004002,OI00057884,18,2018-03-23,Opened
RET0004003,OI00057888,6,2022-04-19,Sealed
RET0004004,OI00057901,12,2018-11-30,Sealed
RET0004005,OI00057924,7,2020-07-06,Opened
RET0004006,OI00057929,2,2016-10-13,Sealed
RET0004007,OI00057931,11,2016-09-07,Sealed
RET0004008,OI00057969,17,2021-05-12,Damaged
RET0004009,OI00058008,1,2023-09-05,Sealed
RET0004010,OI00058014,8,2019-03-08,Opened
RET0004011,OI00058015,10,2019-03-18,Opened
RET0004012,OI00058017,3,2019-03-30,Opened
RET0004013,OI00058018,1,2019-08-16,Opened
RET0004014,OI00058043,4,2023-06-18,Defective
RET0004015,OI00058050,18,2018-03-16,Damaged
RET0004016,OI00058060,12,2020-09-16,Damaged
RET0004017,OI00058108,4,2017-01-24,Sealed
RET0004018,OI00058121,2,2023-01-28,Sealed
RET0004019,OI00058131,18,2017-11-27,Sealed
RET0004020,OI00058188,15,2016-10-19,Sealed
RET0004021,OI00058191,12,2020-08-12,Opened
RET0004022,OI00058208,10,2022-04-07,Opened
RET0004023,OI00058210,8,2023-06-16,Sealed
RET0004024,OI00058244,9,2017-11-30,Damaged
RET0004025,OI00058250,2,2018-10-31,Damaged
RET0004026,OI00058251,15,2018-10-27,Opened
RET0004027,OI00058259,6,2016-04-15,Opened
RET0004028,OI00058261,17,2023-03-28,Opened
RET0004029,OI00058277,18,2017-03-18,Opened
RET0004030,OI00058309,1,2022-09-17,Sealed
RET0004031,OI00058321,14,2024-03-05,Defective
RET0004032,OI00058344,3,2020-04-17,Opened
RET0004033,OI00058411,6,2023-07-15,Sealed
RET0004034,OI00058420,18,2025-09-02,Damaged
RET0004035,OI00058441,8,2025-03-15,Sealed
RET0004036,OI00058496,8,2019-06-24,Sealed
RET0004037,OI00058500,1,2021-07-01,Sealed
RET0004038,OI00058506,2,2022-05-16,Sealed
RET0004039,OI00058511,5,2020-07-29,Opened
RET0004040,OI00058512,8,2017-03-13,Damaged
RET0004041,OI00058524,3,2024-07-25,Opened
RET0004042,OI00058548,8,2024-12-10,Opened
RET0004043,OI00058552,18,2015-09-20,Sealed
RET0004044,OI00058554,13,2015-02-15,Sealed
RET0004045,OI00058567,3,2022-10-06,Damaged
RET0004046,OI00058584,12,2023-02-10,Sealed
RET0004047,OI00058608,18,2021-10-15,Sealed
RET0004048,OI00058612,5,2024-09-08,Opened
RET0004049,OI00058626,16,2018-12-01,Defective
RET0004050,OI00058629,3,2020-09-13,Opened
RET0004051,OI00058632,15,2022-11-09,Defective
RET0004052,OI00058639,15,2016-05-09,Sealed
RET0004053,OI00058643,8,2020-04-08,Opened
RET0004054,OI00058649,12,2017-02-11,Defective
RET0004055,OI00058673,14,2021-04-29,Sealed
RET0004056,OI00058732,7,2018-11-26,Damaged
RET0004057,OI00058739,2,2022-07-19,Damaged
RET0004058,OI00058741,11,2019-12-26,Opened
RET0004059,OI00058746,6,2021-02-10,Sealed
RET0004060,OI00058749,14,2019-03-25,Damaged
RET0004061,OI00058760,9,2025-06-04,Opened
RET0004062,OI00058767,5,2024-03-17,Damaged
RET0004063,OI00058778,2,2017-04-05,Sealed
RET0004064,OI00058798,2,2023-12-15,Opened
RET0004065,OI00058819,15,2023-12-12,Defective
RET0004066,OI00058839,9,2015-06-30,Defective
RET0004067,OI00058851,7,2020-06-18,Damaged
RET0004068,OI00058877,3,2018-09-18,Opened
RET0004069,OI00058893,12,2016-11-19,Opened
RET0004070,OI00058899,2,2018-09-29,Damaged
RET0004071,OI00058917,14,2021-05-03,Sealed
RET0004072,OI00058935,6,2021-03-04,Opened
RET0004073,OI00058936,8,2021-03-07,Sealed
RET0004074,OI00058939,2,2024-07-15,Sealed
RET0004075,OI00058940,14,2024-07-14,Damaged
RET0004076,OI00058944,16,2019-12-07,Sealed
RET0004077,OI00058958,12,2015-01-25,Opened
RET0004078,OI00058995,17,2017-12-07,Opened
RET0004079,OI00058999,13,2019-09-16,Opened
RET0004080,OI00059006,13,2017-08-06,Damaged
RET0004081,OI00059013,17,2022-04-27,Sealed
RET0004082,OI00059053,10,2018-04-05,Damaged
RET0004083,OI00059094,17,2018-05-16,Sealed
RET0004084,OI00059145,2,2016-01-20,Sealed
RET0004085,OI00059157,5,2023-12-09,Opened
RET0004086,OI00059164,16,2026-04-01,Opened
RET0004087,OI00059187,10,2016-11-22,Defective
RET0004088,OI00059268,14,2025-10-13,Sealed
RET0004089,OI00059274,14,2016-03-12,Damaged
RET0004090,OI00059281,11,2015-02-14,Opened
RET0004091,OI00059283,2,2020-03-03,Sealed
RET0004092,OI00059324,10,2026-05-28,Sealed
RET0004093,OI00059330,9,2022-07-28,Opened
RET0004094,OI00059336,1,2020-09-21,Opened
RET0004095,OI00059399,5,2021-11-27,Opened
RET0004096,OI00059414,7,2023-07-04,Sealed
RET0004097,OI00059428,8,2018-07-08,Damaged
RET0004098,OI00059431,16,2017-01-02,Opened
RET0004099,OI00059435,10,2015-07-28,Sealed
RET0004100,OI00059453,8,2021-01-23,Defective
RET0004101,OI00059489,8,2015-02-22,Defective
RET0004102,OI00059497,16,2025-03-15,Opened
RET0004103,OI00059508,18,2015-07-01,Opened
RET0004104,OI00059530,2,2023-08-02,Opened
RET0004105,OI00059541,9,2022-01-02,Sealed
RET0004106,OI00059542,3,2019-10-05,Opened
RET0004107,OI00059576,16,2016-02-18,Sealed
RET0004108,OI00059592,3,2021-11-24,Defective
RET0004109,OI00059618,3,2015-01-14,Damaged
RET0004110,OI00059638,2,2023-11-15,Sealed
RET0004111,OI00059640,11,2021-06-21,Sealed
RET0004112,OI00059641,6,2021-06-28,Sealed
RET0004113,OI00059648,11,2022-08-27,Opened
RET0004114,OI00059656,5,2018-11-01,Defective
RET0004115,OI00059658,7,2021-08-14,Opened
RET0004116,OI00059659,4,2026-06-10,Opened
RET0004117,OI00059676,11,2022-10-18,Opened
RET0004118,OI00059704,4,2015-09-18,Sealed
RET0004119,OI00059709,2,2017-06-18,Damaged
RET0004120,OI00059717,7,2023-04-07,Sealed
RET0004121,OI00059720,4,2025-06-27,Damaged
RET0004122,OI00059740,6,2026-04-10,Opened
RET0004123,OI00059744,18,2016-11-11,Sealed
RET0004124,OI00059750,18,2020-09-28,Sealed
RET0004125,OI00059786,18,2024-03-10,Opened
RET0004126,OI00059811,10,2020-12-03,Damaged
RET0004127,OI00059816,15,2017-04-16,Defective
RET0004128,OI00059881,4,2023-08-29,Sealed
RET0004129,OI00059891,6,2019-07-16,Opened
RET0004130,OI00059906,5,2018-04-22,Sealed
RET0004131,OI00059910,7,2023-11-12,Opened
RET0004132,OI00059922,10,2023-06-20,Opened
RET0004133,OI00059932,10,2020-11-28,Sealed
RET0004134,OI00059935,12,2023-08-11,Defective
RET0004135,OI00059936,6,2020-02-24,Opened
RET0004136,OI00059937,18,2020-04-25,Opened
RET0004137,OI00059949,15,2024-11-02,Sealed
RET0004138,OI00059951,11,2018-03-10,Opened
RET0004139,OI00059981,12,2016-11-24,Opened
RET0004140,OI00059995,14,2016-12-10,Opened
RET0004141,OI00060026,8,2021-08-17,Damaged
RET0004142,OI00060043,10,2023-02-22,Damaged
RET0004143,OI00060046,4,2024-10-14,Defective
RET0004144,OI00060078,18,2020-04-11,Damaged
RET0004145,OI00060087,18,2017-10-10,Opened
RET0004146,OI00060093,7,2020-10-31,Sealed
RET0004147,OI00060116,14,2016-05-22,Damaged
RET0004148,OI00060163,12,2024-02-17,Defective
RET0004149,OI00060175,14,2018-03-07,Opened
RET0004150,OI00060180,17,2024-01-29,Damaged
RET0004151,OI00060185,15,2017-11-14,Opened
RET0004152,OI00060198,4,2016-03-15,Opened
RET0004153,OI00060203,8,2023-01-22,Sealed
RET0004154,OI00060214,14,2021-08-25,Defective
RET0004155,OI00060217,14,2019-03-12,Opened
RET0004156,OI00060236,6,2025-01-19,Sealed
RET0004157,OI00060241,9,2025-08-15,Opened
RET0004158,OI00060254,14,2019-04-27,Opened
RET0004159,OI00060289,6,2016-02-25,Sealed
RET0004160,OI00060319,15,2019-08-08,Damaged
RET0004161,OI00060350,17,2019-07-25,Sealed
RET0004162,OI00060364,15,2021-08-06,Damaged
RET0004163,OI00060370,15,2017-04-16,Opened
RET0004164,OI00060378,8,2016-08-31,Sealed
RET0004165,OI00060388,6,2016-04-16,Sealed
RET0004166,OI00060390,6,2025-11-02,Sealed
RET0004167,OI00060411,3,2018-10-25,Damaged
RET0004168,OI00060416,9,2022-06-11,Opened
RET0004169,OI00060420,13,2022-06-08,Defective
RET0004170,OI00060428,2,2021-07-13,Sealed
RET0004171,OI00060434,6,2019-07-28,Sealed
RET0004172,OI00060444,2,2015-05-25,Sealed
RET0004173,OI00060445,8,2015-05-29,Damaged
RET0004174,OI00060452,16,2024-06-29,Sealed
RET0004175,OI00060460,4,2018-12-18,Sealed
RET0004176,OI00060463,5,2015-08-28,Defective
RET0004177,OI00060483,5,2021-02-05,Opened
RET0004178,OI00060495,4,2022-10-04,Damaged
RET0004179,OI00060502,17,2016-09-28,Damaged
RET0004180,OI00060554,17,2019-10-15,Opened
RET0004181,OI00060574,7,2023-07-02,Sealed
RET0004182,OI00060581,5,2016-07-04,Damaged
RET0004183,OI00060590,16,2025-05-17,Sealed
RET0004184,OI00060614,2,2021-03-16,Opened
RET0004185,OI00060619,1,2021-04-18,Defective
RET0004186,OI00060622,6,2016-01-14,Defective
RET0004187,OI00060628,2,2020-12-24,Sealed
RET0004188,OI00060635,16,2020-02-11,Sealed
RET0004189,OI00060641,7,2020-06-06,Sealed
RET0004190,OI00060661,6,2026-02-21,Opened
RET0004191,OI00060663,6,2018-09-14,Damaged
RET0004192,OI00060712,15,2022-02-23,Defective
RET0004193,OI00060724,5,2020-02-14,Sealed
RET0004194,OI00060726,7,2021-10-19,Opened
RET0004195,OI00060731,18,2022-01-06,Sealed
RET0004196,OI00060734,11,2022-01-15,Sealed
RET0004197,OI00060737,15,2015-02-16,Opened
RET0004198,OI00060754,4,2024-04-28,Sealed
RET0004199,OI00060764,10,2024-08-19,Sealed
RET0004200,OI00060781,12,2021-07-18,Damaged
RET0004201,OI00060787,4,2017-08-14,Damaged
RET0004202,OI00060795,14,2020-07-28,Sealed
RET0004203,OI00060804,7,2024-08-24,Opened
RET0004204,OI00060852,16,2023-09-16,Sealed
RET0004205,OI00060879,6,2022-06-29,Defective
RET0004206,OI00060890,14,2025-11-05,Damaged
RET0004207,OI00060906,6,2021-06-28,Damaged
RET0004208,OI00060908,15,2026-06-16,Sealed
RET0004209,OI00060923,9,2022-04-29,Opened
RET0004210,OI00060924,13,2022-02-10,Defective
RET0004211,OI00060954,12,2020-11-20,Opened
RET0004212,OI00060972,10,2021-01-17,Damaged
RET0004213,OI00060992,8,2017-03-29,Sealed
RET0004214,OI00061002,15,2023-06-19,Sealed
RET0004215,OI00061031,6,2021-08-28,Opened
RET0004216,OI00061042,6,2023-01-26,Opened
RET0004217,OI00061044,15,2024-05-05,Opened
RET0004218,OI00061045,9,2024-04-29,Sealed
RET0004219,OI00061056,7,2024-11-26,Opened
RET0004220,OI00061074,10,2021-10-19,Damaged
RET0004221,OI00061098,12,2025-04-09,Sealed
RET0004222,OI00061110,9,2018-07-26,Opened
RET0004223,OI00061174,8,2019-03-15,Opened
RET0004224,OI00061183,16,2025-02-08,Defective
RET0004225,OI00061189,14,2016-01-14,Damaged
RET0004226,OI00061225,4,2016-12-06,Damaged
RET0004227,OI00061240,4,2024-03-17,Sealed
RET0004228,OI00061289,14,2016-01-06,Opened
RET0004229,OI00061308,8,2015-03-03,Damaged
RET0004230,OI00061310,6,2022-01-11,Defective
RET0004231,OI00061327,3,2017-08-14,Sealed
RET0004232,OI00061357,7,2026-03-20,Defective
RET0004233,OI00061377,3,2022-05-27,Opened
RET0004234,OI00061378,2,2022-06-03,Opened
RET0004235,OI00061397,16,2024-10-02,Opened
RET0004236,OI00061414,3,2023-09-11,Sealed
RET0004237,OI00061440,5,2016-01-18,Opened
RET0004238,OI00061441,10,2021-04-20,Sealed
RET0004239,OI00061445,7,2018-10-24,Opened
RET0004240,OI00061482,1,2024-04-05,Defective
RET0004241,OI00061488,5,2026-06-27,Opened
RET0004242,OI00061511,17,2019-02-15,Opened
RET0004243,OI00061513,8,2019-02-09,Opened
RET0004244,OI00061536,7,2020-12-19,Opened
RET0004245,OI00061538,3,2017-01-05,Opened
RET0004246,OI00061545,5,2019-06-26,Damaged
RET0004247,OI00061602,14,2022-05-29,Damaged
RET0004248,OI00061606,7,2020-09-10,Damaged
RET0004249,OI00061619,4,2023-03-09,Defective
RET0004250,OI00061668,7,2022-03-28,Opened
RET0004251,OI00061682,4,2016-03-05,Sealed
RET0004252,OI00061688,12,2017-03-12,Defective
RET0004253,OI00061695,8,2022-09-15,Opened
RET0004254,OI00061703,1,2015-02-25,Damaged
RET0004255,OI00061723,9,2021-12-27,Damaged
RET0004256,OI00061731,15,2026-03-11,Defective
RET0004257,OI00061739,7,2020-09-17,Opened
RET0004258,OI00061744,18,2015-08-05,Opened
RET0004259,OI00061753,15,2024-09-04,Damaged
RET0004260,OI00061756,3,2016-03-15,Sealed
RET0004261,OI00061776,10,2024-03-28,Damaged
RET0004262,OI00061779,17,2016-11-14,Defective
RET0004263,OI00061792,10,2025-03-09,Damaged
RET0004264,OI00061801,4,2016-01-10,Opened
RET0004265,OI00061810,4,2020-12-23,Damaged
RET0004266,OI00061892,1,2024-11-16,Defective
RET0004267,OI00061895,1,2017-05-24,Sealed
RET0004268,OI00061903,18,2017-01-18,Sealed
RET0004269,OI00061921,14,2017-05-22,Damaged
RET0004270,OI00061931,4,2023-06-15,Sealed
RET0004271,OI00061937,16,2023-03-25,Opened
RET0004272,OI00061959,4,2022-02-19,Sealed
RET0004273,OI00061962,14,2026-02-08,Opened
RET0004274,OI00061977,7,2015-11-29,Opened
RET0004275,OI00062009,15,2018-01-07,Opened
RET0004276,OI00062028,17,2018-06-24,Opened
RET0004277,OI00062036,11,2024-01-21,Opened
RET0004278,OI00062046,16,2019-09-07,Opened
RET0004279,OI00062063,6,2025-03-19,Sealed
RET0004280,OI00062083,15,2021-09-25,Sealed
RET0004281,OI00062115,4,2016-11-14,Sealed
RET0004282,OI00062135,7,2026-04-23,Sealed
RET0004283,OI00062148,8,2023-06-24,Opened
RET0004284,OI00062172,15,2020-10-15,Opened
RET0004285,OI00062178,16,2026-01-05,Opened
RET0004286,OI00062183,16,2019-12-25,Defective
RET0004287,OI00062209,5,2022-03-19,Sealed
RET0004288,OI00062213,8,2016-02-17,Opened
RET0004289,OI00062215,14,2016-02-18,Opened
RET0004290,OI00062240,13,2018-10-03,Opened
RET0004291,OI00062244,8,2016-02-24,Opened
RET0004292,OI00062253,7,2018-08-05,Damaged
RET0004293,OI00062279,17,2024-09-17,Sealed
RET0004294,OI00062281,18,2025-11-22,Opened
RET0004295,OI00062285,4,2015-03-03,Sealed
RET0004296,OI00062297,15,2023-08-25,Defective
RET0004297,OI00062316,8,2015-02-21,Opened
RET0004298,OI00062371,11,2021-09-10,Opened
RET0004299,OI00062391,3,2015-06-16,Opened
RET0004300,OI00062430,2,2017-09-18,Opened
RET0004301,OI00062446,5,2025-11-27,Sealed
RET0004302,OI00062459,15,2016-08-18,Opened
RET0004303,OI00062472,16,2015-08-17,Defective
RET0004304,OI00062489,17,2024-05-31,Damaged
RET0004305,OI00062500,7,2025-08-29,Defective
RET0004306,OI00062508,18,2020-12-25,Damaged
RET0004307,OI00062515,11,2026-01-05,Opened
RET0004308,OI00062519,15,2020-07-10,Opened
RET0004309,OI00062559,14,2022-06-24,Opened
RET0004310,OI00062611,17,2019-11-21,Opened
RET0004311,OI00062659,9,2017-05-27,Damaged
RET0004312,OI00062674,7,2025-11-18,Opened
RET0004313,OI00062677,5,2018-05-02,Damaged
RET0004314,OI00062679,8,2016-02-26,Sealed
RET0004315,OI00062688,2,2020-03-26,Defective
RET0004316,OI00062698,12,2020-05-06,Opened
RET0004317,OI00062724,9,2022-08-01,Defective
RET0004318,OI00062731,2,2015-12-16,Opened
RET0004319,OI00062736,3,2023-01-03,Opened
RET0004320,OI00062758,10,2018-11-29,Damaged
RET0004321,OI00062771,15,2015-10-31,Opened
RET0004322,OI00062783,13,2026-05-24,Damaged
RET0004323,OI00062795,11,2016-09-24,Opened
RET0004324,OI00062812,18,2021-10-08,Sealed
RET0004325,OI00062826,7,2019-04-30,Defective
RET0004326,OI00062832,5,2022-04-27,Defective
RET0004327,OI00062845,17,2024-05-21,Opened
RET0004328,OI00062855,7,2020-06-11,Sealed
RET0004329,OI00062877,3,2018-08-19,Damaged
RET0004330,OI00062896,8,2015-02-01,Sealed
RET0004331,OI00062898,2,2016-08-10,Sealed
RET0004332,OI00062899,1,2021-11-16,Damaged
RET0004333,OI00062905,17,2017-01-26,Opened
RET0004334,OI00062907,15,2016-06-01,Sealed
RET0004335,OI00062924,2,2016-04-03,Sealed
RET0004336,OI00062933,7,2016-12-17,Defective
RET0004337,OI00062938,11,2022-06-24,Defective
RET0004338,OI00062943,18,2024-09-29,Sealed
RET0004339,OI00062947,5,2024-01-08,Opened
RET0004340,OI00062973,17,2018-02-03,Opened
RET0004341,OI00062987,18,2024-02-03,Defective
RET0004342,OI00062994,1,2021-09-16,Sealed
RET0004343,OI00063011,12,2022-07-27,Sealed
RET0004344,OI00063014,1,2019-11-15,Sealed
RET0004345,OI00063029,2,2018-11-24,Opened
RET0004346,OI00063046,13,2024-04-18,Sealed
RET0004347,OI00063058,4,2018-07-02,Damaged
RET0004348,OI00063062,6,2022-08-15,Sealed
RET0004349,OI00063109,8,2025-02-18,Opened
RET0004350,OI00063134,1,2015-10-26,Opened
RET0004351,OI00063140,17,2021-12-27,Damaged
RET0004352,OI00063150,8,2021-11-12,Opened
RET0004353,OI00063155,6,2015-08-29,Opened
RET0004354,OI00063158,10,2017-04-05,Damaged
RET0004355,OI00063189,9,2023-10-25,Sealed
RET0004356,OI00063200,4,2015-04-29,Sealed
RET0004357,OI00063204,16,2015-01-17,Sealed
RET0004358,OI00063231,12,2026-06-04,Defective
RET0004359,OI00063239,17,2024-04-04,Defective
RET0004360,OI00063255,6,2023-08-12,Sealed
RET0004361,OI00063273,3,2016-08-08,Defective
RET0004362,OI00063285,5,2018-10-19,Sealed
RET0004363,OI00063286,3,2015-11-18,Opened
RET0004364,OI00063300,8,2017-11-07,Sealed
RET0004365,OI00063303,7,2017-11-12,Sealed
RET0004366,OI00063317,4,2021-08-31,Damaged
RET0004367,OI00063343,5,2023-06-05,Opened
RET0004368,OI00063360,18,2023-07-09,Sealed
RET0004369,OI00063418,17,2016-06-19,Damaged
RET0004370,OI00063425,18,2023-07-04,Opened
RET0004371,OI00063454,10,2015-03-25,Opened
RET0004372,OI00063460,10,2025-07-07,Opened
RET0004373,OI00063472,17,2020-01-16,Damaged
RET0004374,OI00063480,7,2017-08-20,Sealed
RET0004375,OI00063489,1,2024-10-11,Defective
RET0004376,OI00063497,6,2021-06-03,Sealed
RET0004377,OI00063539,16,2016-07-16,Damaged
RET0004378,OI00063548,2,2017-09-13,Sealed
RET0004379,OI00063554,14,2025-08-27,Opened
RET0004380,OI00063578,14,2018-07-10,Opened
RET0004381,OI00063603,17,2025-12-27,Damaged
RET0004382,OI00063641,12,2026-07-18,Opened
RET0004383,OI00063666,16,2026-01-18,Damaged
RET0004384,OI00063684,5,2023-09-05,Sealed
RET0004385,OI00063697,3,2024-08-23,Damaged
RET0004386,OI00063701,8,2022-10-27,Damaged
RET0004387,OI00063735,16,2017-11-07,Opened
RET0004388,OI00063745,12,2025-09-30,Defective
RET0004389,OI00063763,3,2025-12-10,Sealed
RET0004390,OI00063777,6,2021-06-07,Sealed
RET0004391,OI00063784,4,2018-04-27,Sealed
RET0004392,OI00063816,13,2026-04-17,Defective
RET0004393,OI00063837,14,2016-12-29,Opened
RET0004394,OI00063842,3,2024-08-14,Damaged
RET0004395,OI00063848,12,2024-08-31,Damaged
RET0004396,OI00063862,16,2021-04-17,Sealed
RET0004397,OI00063866,1,2021-04-03,Opened
RET0004398,OI00063868,18,2020-01-14,Sealed
RET0004399,OI00063875,4,2015-06-23,Sealed
RET0004400,OI00063880,2,2024-06-17,Sealed
RET0004401,OI00063884,2,2018-06-23,Damaged
RET0004402,OI00063889,8,2016-08-24,Damaged
RET0004403,OI00063915,13,2020-05-24,Opened
RET0004404,OI00063918,9,2024-06-26,Opened
RET0004405,OI00063929,15,2020-06-12,Opened
RET0004406,OI00063933,9,2024-06-25,Sealed
RET0004407,OI00063939,2,2022-12-06,Opened
RET0004408,OI00063945,8,2018-08-15,Defective
RET0004409,OI00063967,17,2023-02-11,Damaged
RET0004410,OI00064010,15,2019-02-18,Defective
RET0004411,OI00064011,1,2024-11-11,Opened
RET0004412,OI00064025,13,2015-10-31,Opened
RET0004413,OI00064034,6,2019-02-08,Defective
RET0004414,OI00064051,14,2016-08-07,Damaged
RET0004415,OI00064057,13,2025-03-16,Sealed
RET0004416,OI00064061,1,2025-10-23,Sealed
RET0004417,OI00064079,8,2021-03-29,Damaged
RET0004418,OI00064081,18,2017-07-12,Opened
RET0004419,OI00064086,15,2022-03-14,Opened
RET0004420,OI00064090,7,2016-09-04,Defective
RET0004421,OI00064097,9,2017-01-27,Opened
RET0004422,OI00064115,12,2018-11-24,Opened
RET0004423,OI00064121,3,2022-12-27,Opened
RET0004424,OI00064143,16,2021-09-13,Defective
RET0004425,OI00064144,18,2021-09-07,Defective
RET0004426,OI00064215,9,2025-10-10,Sealed
RET0004427,OI00064258,18,2020-09-05,Defective
RET0004428,OI00064266,7,2016-03-31,Sealed
RET0004429,OI00064272,14,2025-04-20,Defective
RET0004430,OI00064277,10,2020-10-07,Sealed
RET0004431,OI00064304,5,2023-04-21,Sealed
RET0004432,OI00064318,13,2023-04-12,Opened
RET0004433,OI00064326,16,2018-04-01,Sealed
RET0004434,OI00064360,14,2016-11-14,Damaged
RET0004435,OI00064396,9,2017-07-12,Opened
RET0004436,OI00064404,12,2022-09-14,Opened
RET0004437,OI00064410,18,2023-08-24,Damaged
RET0004438,OI00064432,8,2025-12-29,Defective
RET0004439,OI00064440,7,2019-05-27,Opened
RET0004440,OI00064471,1,2024-10-19,Opened
RET0004441,OI00064482,7,2022-11-29,Damaged
RET0004442,OI00064500,18,2020-09-15,Defective
RET0004443,OI00064501,4,2019-12-10,Sealed
RET0004444,OI00064508,10,2018-03-31,Defective
RET0004445,OI00064542,3,2024-08-16,Damaged
RET0004446,OI00064562,11,2023-12-19,Sealed
RET0004447,OI00064580,6,2018-11-14,Defective
RET0004448,OI00064604,6,2022-09-12,Sealed
RET0004449,OI00064606,13,2016-09-07,Opened
RET0004450,OI00064613,7,2026-03-05,Opened
RET0004451,OI00064630,15,2023-04-13,Sealed
RET0004452,OI00064656,3,2021-12-27,Damaged
RET0004453,OI00064724,1,2015-04-27,Opened
RET0004454,OI00064737,9,2021-06-04,Defective
RET0004455,OI00064759,3,2026-02-10,Sealed
RET0004456,OI00064777,14,2019-05-30,Defective
RET0004457,OI00064806,9,2024-06-20,Opened
RET0004458,OI00064821,7,2022-11-01,Damaged
RET0004459,OI00064836,6,2019-07-01,Defective
RET0004460,OI00064854,5,2018-03-04,Damaged
RET0004461,OI00064873,13,2020-11-14,Sealed
RET0004462,OI00064896,4,2021-06-10,Opened
RET0004463,OI00064920,18,2022-12-13,Opened
RET0004464,OI00064923,14,2026-02-04,Opened
RET0004465,OI00064927,12,2023-09-30,Sealed
RET0004466,OI00064963,6,2023-05-30,Sealed
RET0004467,OI00064988,17,2022-06-27,Defective
RET0004468,OI00064993,6,2017-06-27,Opened
RET0004469,OI00065006,7,2017-07-17,Defective
RET0004470,OI00065011,6,2015-05-17,Opened
RET0004471,OI00065014,14,2025-08-27,Defective
RET0004472,OI00065022,15,2025-02-27,Damaged
RET0004473,OI00065025,6,2021-07-29,Opened
RET0004474,OI00065076,6,2020-04-30,Sealed
RET0004475,OI00065109,18,2016-05-22,Sealed
RET0004476,OI00065113,8,2021-11-11,Opened
RET0004477,OI00065119,8,2016-12-30,Defective
RET0004478,OI00065121,9,2021-06-02,Damaged
RET0004479,OI00065130,7,2017-02-23,Defective
RET0004480,OI00065133,11,2019-11-14,Opened
RET0004481,OI00065139,14,2022-03-16,Opened
RET0004482,OI00065157,1,2018-06-22,Opened
RET0004483,OI00065159,15,2021-06-08,Opened
RET0004484,OI00065161,4,2016-04-22,Opened
RET0004485,OI00065189,18,2021-06-08,Damaged
RET0004486,OI00065191,13,2018-08-07,Opened
RET0004487,OI00065193,5,2016-04-13,Defective
RET0004488,OI00065206,12,2020-09-30,Opened
RET0004489,OI00065209,17,2020-09-23,Opened
RET0004490,OI00065222,7,2017-10-09,Defective
RET0004491,OI00065223,8,2019-06-05,Opened
RET0004492,OI00065225,18,2019-06-07,Defective
RET0004493,OI00065234,4,2017-09-02,Opened
RET0004494,OI00065235,6,2017-09-08,Opened
RET0004495,OI00065245,12,2017-01-29,Defective
RET0004496,OI00065266,5,2025-08-17,Opened
RET0004497,OI00065272,10,2019-02-05,Opened
RET0004498,OI00065277,17,2018-12-04,Opened
RET0004499,OI00065280,8,2024-08-27,Sealed
RET0004500,OI00065283,6,2024-08-25,Opened
RET0004501,OI00065302,7,2022-12-16,Defective
RET0004502,OI00065311,6,2026-06-06,Opened
RET0004503,OI00065321,13,2020-05-08,Defective
RET0004504,OI00065326,2,2016-08-22,Opened
RET0004505,OI00065331,18,2015-12-12,Defective
RET0004506,OI00065341,6,2020-01-19,Sealed
RET0004507,OI00065347,4,2024-03-14,Sealed
RET0004508,OI00065387,4,2020-01-25,Opened
RET0004509,OI00065433,6,2016-01-19,Opened
RET0004510,OI00065460,12,2022-02-02,Sealed
RET0004511,OI00065466,16,2024-01-17,Damaged
RET0004512,OI00065467,9,2024-09-13,Opened
RET0004513,OI00065475,4,2023-09-12,Defective
RET0004514,OI00065479,15,2020-01-22,Sealed
RET0004515,OI00065503,5,2017-01-14,Damaged
RET0004516,OI00065506,14,2024-04-09,Sealed
RET0004517,OI00065518,11,2024-04-21,Defective
RET0004518,OI00065540,16,2024-02-24,Damaged
RET0004519,OI00065554,1,2025-02-22,Damaged
RET0004520,OI00065564,12,2015-03-12,Opened
RET0004521,OI00065582,1,2015-08-14,Opened
RET0004522,OI00065594,6,2026-07-11,Opened
RET0004523,OI00065600,17,2020-08-27,Sealed
RET0004524,OI00065604,5,2023-04-29,Defective
RET0004525,OI00065650,6,2017-03-01,Sealed
RET0004526,OI00065667,18,2022-11-13,Sealed
RET0004527,OI00065675,14,2026-03-17,Opened
RET0004528,OI00065696,4,2019-11-28,Damaged
RET0004529,OI00065726,11,2022-02-10,Sealed
RET0004530,OI00065740,2,2015-08-17,Sealed
RET0004531,OI00065753,17,2025-07-22,Sealed
RET0004532,OI00065759,4,2018-12-15,Damaged
RET0004533,OI00065774,1,2020-12-01,Opened
RET0004534,OI00065790,14,2020-12-16,Opened
RET0004535,OI00065807,9,2016-06-18,Defective
RET0004536,OI00065808,15,2017-09-24,Opened
RET0004537,OI00065818,7,2021-06-07,Defective
RET0004538,OI00065820,12,2024-04-26,Sealed
RET0004539,OI00065830,1,2022-06-28,Sealed
RET0004540,OI00065835,5,2021-04-06,Opened
RET0004541,OI00065838,18,2017-03-27,Damaged
RET0004542,OI00065849,14,2016-12-04,Sealed
RET0004543,OI00065872,5,2019-07-12,Opened
RET0004544,OI00065885,2,2023-04-12,Defective
RET0004545,OI00065909,1,2020-12-22,Opened
RET0004546,OI00065920,6,2023-12-16,Damaged
RET0004547,OI00065949,2,2020-12-18,Defective
RET0004548,OI00065954,4,2019-03-20,Damaged
RET0004549,OI00065957,13,2016-02-14,Damaged
RET0004550,OI00065999,15,2016-02-14,Opened
RET0004551,OI00066001,2,2026-04-10,Sealed
RET0004552,OI00066033,9,2017-08-29,Opened
RET0004553,OI00066066,1,2021-12-14,Opened
RET0004554,OI00066069,17,2017-04-30,Defective
RET0004555,OI00066087,13,2015-11-15,Sealed
RET0004556,OI00066092,1,2016-04-07,Opened
RET0004557,OI00066101,12,2017-06-21,Opened
RET0004558,OI00066122,2,2022-11-25,Sealed
RET0004559,OI00066129,1,2020-05-01,Opened
RET0004560,OI00066132,5,2020-05-07,Defective
RET0004561,OI00066133,16,2019-01-15,Opened
RET0004562,OI00066165,7,2018-06-14,Opened
RET0004563,OI00066184,18,2022-05-25,Opened
RET0004564,OI00066185,10,2018-03-18,Opened
RET0004565,OI00066203,13,2019-12-24,Sealed
RET0004566,OI00066213,17,2015-05-04,Sealed
RET0004567,OI00066220,10,2021-12-17,Defective
RET0004568,OI00066225,11,2023-10-16,Opened
RET0004569,OI00066252,16,2023-01-13,Sealed
RET0004570,OI00066300,18,2022-04-16,Opened
RET0004571,OI00066317,2,2017-01-12,Opened
RET0004572,OI00066319,18,2019-01-28,Opened
RET0004573,OI00066320,12,2021-03-16,Opened
RET0004574,OI00066345,9,2015-11-09,Opened
RET0004575,OI00066361,2,2021-12-20,Opened
RET0004576,OI00066370,1,2015-06-11,Damaged
RET0004577,OI00066377,16,2022-03-27,Sealed
RET0004578,OI00066394,13,2020-04-09,Damaged
RET0004579,OI00066410,11,2017-12-25,Sealed
RET0004580,OI00066412,4,2015-04-01,Opened
RET0004581,OI00066423,13,2023-07-28,Opened
RET0004582,OI00066425,5,2023-07-20,Opened
RET0004583,OI00066430,18,2024-12-03,Defective
RET0004584,OI00066460,14,2021-01-15,Sealed
RET0004585,OI00066465,11,2017-02-09,Sealed
RET0004586,OI00066480,14,2021-01-10,Sealed
RET0004587,OI00066481,6,2016-12-24,Defective
RET0004588,OI00066519,18,2018-08-21,Opened
RET0004589,OI00066556,11,2019-10-21,Damaged
RET0004590,OI00066561,16,2020-07-08,Opened
RET0004591,OI00066564,12,2015-01-22,Sealed
RET0004592,OI00066566,18,2017-12-15,Defective
RET0004593,OI00066586,5,2022-02-20,Opened
RET0004594,OI00066595,4,2020-03-11,Damaged
RET0004595,OI00066603,9,2019-11-27,Defective
RET0004596,OI00066683,2,2022-05-10,Defective
RET0004597,OI00066685,8,2022-05-05,Opened
RET0004598,OI00066689,10,2022-09-25,Sealed
RET0004599,OI00066700,13,2022-05-21,Damaged
RET0004600,OI00066741,14,2025-02-07,Opened
RET0004601,OI00066746,5,2021-07-15,Defective
RET0004602,OI00066747,10,2021-07-14,Damaged
RET0004603,OI00066750,8,2016-07-25,Sealed
RET0004604,OI00066753,6,2019-01-18,Sealed
RET0004605,OI00066773,1,2018-04-22,Damaged
RET0004606,OI00066816,4,2019-12-24,Opened
RET0004607,OI00066847,16,2020-03-13,Defective
RET0004608,OI00066854,3,2016-09-24,Sealed
RET0004609,OI00066856,9,2019-01-15,Opened
RET0004610,OI00066870,2,2018-01-09,Sealed
RET0004611,OI00066877,1,2016-02-19,Damaged
RET0004612,OI00066880,15,2021-11-10,Opened
RET0004613,OI00066881,6,2019-03-08,Opened
RET0004614,OI00066885,5,2022-12-08,Damaged
RET0004615,OI00066914,8,2025-10-05,Opened
RET0004616,OI00066915,5,2025-10-07,Opened
RET0004617,OI00066921,7,2024-04-02,Opened
RET0004618,OI00066938,7,2017-08-30,Opened
RET0004619,OI00066948,12,2017-06-22,Sealed
RET0004620,OI00066958,8,2019-03-26,Damaged
RET0004621,OI00066962,13,2025-02-20,Defective
RET0004622,OI00066964,12,2017-08-11,Defective
RET0004623,OI00066979,3,2023-12-14,Damaged
RET0004624,OI00066988,4,2016-05-08,Sealed
RET0004625,OI00067000,17,2021-08-05,Opened
RET0004626,OI00067010,11,2017-12-24,Sealed
RET0004627,OI00067043,14,2017-07-28,Sealed
RET0004628,OI00067049,9,2020-02-04,Opened
RET0004629,OI00067056,17,2021-11-19,Sealed
RET0004630,OI00067070,6,2018-12-16,Opened
RET0004631,OI00067089,7,2018-11-24,Opened
RET0004632,OI00067112,2,2020-09-05,Opened
RET0004633,OI00067117,12,2016-05-06,Opened
RET0004634,OI00067121,6,2020-03-23,Defective
RET0004635,OI00067141,8,2019-07-21,Sealed
RET0004636,OI00067161,3,2020-06-06,Damaged
RET0004637,OI00067167,12,2019-10-14,Opened
RET0004638,OI00067191,18,2017-07-20,Damaged
RET0004639,OI00067206,18,2023-08-27,Damaged
RET0004640,OI00067212,14,2021-02-22,Opened
RET0004641,OI00067221,15,2019-09-03,Opened
RET0004642,OI00067236,12,2018-09-10,Sealed
RET0004643,OI00067243,1,2022-01-31,Sealed
RET0004644,OI00067270,3,2017-06-06,Damaged
RET0004645,OI00067278,3,2016-08-17,Sealed
RET0004646,OI00067315,15,2019-01-13,Defective
RET0004647,OI00067317,16,2017-10-03,Opened
RET0004648,OI00067330,6,2023-01-28,Opened
RET0004649,OI00067348,17,2015-12-05,Damaged
RET0004650,OI00067351,12,2025-11-23,Damaged
RET0004651,OI00067365,12,2026-04-30,Damaged
RET0004652,OI00067371,6,2021-08-16,Sealed
RET0004653,OI00067374,14,2015-12-09,Opened
RET0004654,OI00067388,10,2020-10-29,Sealed
RET0004655,OI00067432,15,2015-09-27,Damaged
RET0004656,OI00067434,15,2023-02-11,Sealed
RET0004657,OI00067472,17,2017-07-16,Opened
RET0004658,OI00067485,16,2019-08-25,Defective
RET0004659,OI00067516,12,2015-05-20,Opened
RET0004660,OI00067518,15,2017-08-03,Opened
RET0004661,OI00067546,3,2020-02-05,Defective
RET0004662,OI00067555,7,2025-09-18,Sealed
RET0004663,OI00067561,13,2018-08-28,Sealed
RET0004664,OI00067572,10,2016-07-06,Damaged
RET0004665,OI00067591,17,2024-01-06,Opened
RET0004666,OI00067605,14,2018-12-13,Defective
RET0004667,OI00067609,4,2025-06-15,Opened
RET0004668,OI00067610,10,2023-04-27,Opened
RET0004669,OI00067630,1,2022-06-01,Opened
RET0004670,OI00067646,5,2022-02-17,Opened
RET0004671,OI00067680,9,2024-11-27,Opened
RET0004672,OI00067704,1,2017-12-07,Damaged
RET0004673,OI00067719,12,2018-07-23,Damaged
RET0004674,OI00067729,2,2026-01-14,Opened
RET0004675,OI00067734,3,2017-03-17,Damaged
RET0004676,OI00067769,12,2015-06-23,Defective
RET0004677,OI00067794,1,2017-03-15,Damaged
RET0004678,OI00067795,17,2017-03-27,Opened
RET0004679,OI00067823,18,2019-04-09,Opened
RET0004680,OI00067828,5,2020-08-16,Opened
RET0004681,OI00067833,9,2026-06-12,Opened
RET0004682,OI00067838,18,2025-07-14,Sealed
RET0004683,OI00067890,13,2021-11-07,Opened
RET0004684,OI00067915,9,2016-11-05,Defective
RET0004685,OI00067918,14,2020-12-08,Sealed
RET0004686,OI00067935,5,2015-11-08,Damaged
RET0004687,OI00067967,6,2019-11-12,Opened
RET0004688,OI00067998,6,2021-02-07,Opened
RET0004689,OI00068020,4,2018-07-16,Damaged
RET0004690,OI00068032,9,2015-12-06,Damaged
RET0004691,OI00068058,12,2025-06-04,Sealed
RET0004692,OI00068071,16,2019-05-11,Opened
RET0004693,OI00068090,17,2018-01-02,Sealed
RET0004694,OI00068107,6,2022-09-10,Opened
RET0004695,OI00068110,17,2017-10-16,Defective
RET0004696,OI00068118,11,2022-12-24,Damaged
RET0004697,OI00068125,13,2024-02-01,Opened
RET0004698,OI00068131,8,2026-04-08,Opened
RET0004699,OI00068166,17,2025-08-07,Defective
RET0004700,OI00068167,10,2018-03-12,Sealed
RET0004701,OI00068191,2,2020-11-30,Sealed
RET0004702,OI00068217,5,2021-03-29,Sealed
RET0004703,OI00068229,18,2023-06-08,Opened
RET0004704,OI00068237,9,2015-04-10,Defective
RET0004705,OI00068238,16,2018-04-21,Defective
RET0004706,OI00068262,8,2021-12-24,Defective
RET0004707,OI00068349,16,2018-12-20,Defective
RET0004708,OI00068356,4,2024-04-06,Opened
RET0004709,OI00068359,14,2020-10-25,Defective
RET0004710,OI00068381,8,2019-01-02,Opened
RET0004711,OI00068409,12,2019-09-29,Opened
RET0004712,OI00068412,3,2021-11-20,Sealed
RET0004713,OI00068417,2,2025-07-06,Sealed
RET0004714,OI00068418,9,2025-07-08,Opened
RET0004715,OI00068437,6,2022-07-12,Defective
RET0004716,OI00068446,5,2022-08-04,Opened
RET0004717,OI00068456,9,2019-06-10,Opened
RET0004718,OI00068468,8,2019-03-17,Opened
RET0004719,OI00068485,1,2016-10-18,Damaged
RET0004720,OI00068507,2,2018-07-29,Opened
RET0004721,OI00068509,5,2019-02-06,Defective
RET0004722,OI00068512,18,2016-11-06,Sealed
RET0004723,OI00068513,16,2016-11-14,Opened
RET0004724,OI00068566,18,2025-10-16,Opened
RET0004725,OI00068601,3,2026-06-12,Opened
RET0004726,OI00068614,14,2022-11-20,Opened
RET0004727,OI00068619,13,2020-10-04,Sealed
RET0004728,OI00068628,18,2025-03-18,Defective
RET0004729,OI00068639,14,2021-11-26,Sealed
RET0004730,OI00068667,5,2019-03-22,Defective
RET0004731,OI00068701,9,2019-10-22,Sealed
RET0004732,OI00068708,12,2025-05-06,Damaged
RET0004733,OI00068720,9,2019-07-18,Defective
RET0004734,OI00068745,2,2023-09-24,Opened
RET0004735,OI00068759,10,2016-06-08,Sealed
RET0004736,OI00068760,1,2020-02-17,Sealed
RET0004737,OI00068767,9,2019-05-07,Sealed
RET0004738,OI00068787,5,2023-09-07,Damaged
RET0004739,OI00068809,17,2015-05-03,Opened
RET0004740,OI00068814,15,2017-10-13,Opened
RET0004741,OI00068823,8,2015-09-30,Opened
RET0004742,OI00068826,4,2019-01-30,Opened
RET0004743,OI00068832,15,2025-01-06,Sealed
RET0004744,OI00068847,13,2021-03-15,Sealed
RET0004745,OI00068851,7,2019-01-12,Opened
RET0004746,OI00068865,17,2023-09-12,Opened
RET0004747,OI00068873,7,2025-08-14,Sealed
RET0004748,OI00068893,13,2019-09-18,Opened
RET0004749,OI00068925,7,2015-08-19,Damaged
RET0004750,OI00068929,8,2022-10-27,Opened
RET0004751,OI00068934,2,2019-04-22,Sealed
RET0004752,OI00068942,10,2025-09-01,Opened
RET0004753,OI00068951,3,2024-05-20,Sealed
RET0004754,OI00068964,17,2019-01-14,Sealed
RET0004755,OI00068969,12,2023-04-23,Sealed
RET0004756,OI00068971,7,2019-06-03,Sealed
RET0004757,OI00068991,17,2021-01-04,Opened
RET0004758,OI00069019,18,2020-02-22,Opened
RET0004759,OI00069038,18,2023-09-17,Opened
RET0004760,OI00069071,16,2016-11-06,Opened
RET0004761,OI00069127,4,2022-08-04,Opened
RET0004762,OI00069130,8,2018-04-14,Sealed
RET0004763,OI00069160,10,2026-07-20,Damaged
RET0004764,OI00069163,16,2023-06-05,Damaged
RET0004765,OI00069175,4,2021-06-21,Opened
RET0004766,OI00069183,10,2024-12-05,Damaged
RET0004767,OI00069184,9,2016-11-30,Damaged
RET0004768,OI00069194,1,2023-03-06,Damaged
RET0004769,OI00069196,10,2023-03-02,Opened
RET0004770,OI00069197,6,2022-01-11,Sealed
RET0004771,OI00069210,6,2020-07-17,Defective
RET0004772,OI00069226,17,2023-02-24,Damaged
RET0004773,OI00069231,14,2016-01-31,Opened
RET0004774,OI00069235,12,2022-02-16,Sealed
RET0004775,OI00069253,14,2026-04-28,Opened
RET0004776,OI00069264,14,2015-07-06,Defective
RET0004777,OI00069267,3,2017-09-18,Opened
RET0004778,OI00069316,10,2022-07-08,Opened
RET0004779,OI00069336,18,2017-06-19,Opened
RET0004780,OI00069350,17,2015-10-23,Opened
RET0004781,OI00069357,9,2017-08-02,Opened
RET0004782,OI00069379,12,2025-08-16,Defective
RET0004783,OI00069381,16,2025-08-21,Damaged
RET0004784,OI00069390,16,2016-09-12,Sealed
RET0004785,OI00069391,5,2016-04-01,Sealed
RET0004786,OI00069392,1,2016-04-01,Sealed
RET0004787,OI00069396,6,2015-07-25,Sealed
RET0004788,OI00069401,18,2015-07-29,Opened
RET0004789,OI00069406,10,2024-10-29,Sealed
RET0004790,OI00069439,10,2016-08-28,Opened
RET0004791,OI00069445,7,2016-10-15,Defective
RET0004792,OI00069466,10,2020-02-02,Sealed
RET0004793,OI00069471,8,2020-01-12,Damaged
RET0004794,OI00069479,6,2025-12-21,Defective
RET0004795,OI00069481,17,2025-12-17,Sealed
RET0004796,OI00069487,7,2018-11-26,Defective
RET0004797,OI00069505,16,2017-07-08,Damaged
RET0004798,OI00069507,8,2018-04-25,Defective
RET0004799,OI00069508,14,2018-04-28,Sealed
RET0004800,OI00069521,4,2023-12-26,Opened
RET0004801,OI00069557,1,2026-04-19,Sealed
RET0004802,OI00069560,12,2026-04-30,Defective
RET0004803,OI00069577,11,2020-01-04,Defective
RET0004804,OI00069606,13,2020-12-22,Defective
RET0004805,OI00069613,18,2016-07-23,Sealed
RET0004806,OI00069657,14,2023-09-07,Opened
RET0004807,OI00069665,14,2015-11-13,Sealed
RET0004808,OI00069681,15,2021-11-14,Opened
RET0004809,OI00069691,1,2016-02-27,Sealed
RET0004810,OI00069702,4,2023-08-20,Opened
RET0004811,OI00069736,18,2025-08-21,Opened
RET0004812,OI00069763,13,2024-03-07,Opened
RET0004813,OI00069765,1,2020-05-16,Sealed
RET0004814,OI00069768,7,2023-06-26,Sealed
RET0004815,OI00069770,16,2022-05-13,Damaged
RET0004816,OI00069778,16,2025-05-15,Sealed
RET0004817,OI00069782,11,2023-11-07,Damaged
RET0004818,OI00069785,3,2016-11-17,Damaged
RET0004819,OI00069815,13,2015-02-14,Sealed
RET0004820,OI00069817,12,2025-10-20,Damaged
RET0004821,OI00069821,3,2022-05-10,Damaged
RET0004822,OI00069828,13,2016-02-28,Defective
RET0004823,OI00069833,13,2023-05-14,Opened
RET0004824,OI00069848,7,2024-04-29,Damaged
RET0004825,OI00069850,3,2024-04-29,Opened
RET0004826,OI00069859,6,2026-02-14,Sealed
RET0004827,OI00069863,12,2016-04-23,Sealed
RET0004828,OI00069883,15,2025-11-19,Opened
RET0004829,OI00069892,5,2025-06-06,Sealed
RET0004830,OI00069899,14,2018-09-19,Opened
RET0004831,OI00069900,10,2018-09-28,Sealed
RET0004832,OI00069916,14,2025-03-05,Defective
RET0004833,OI00069918,10,2020-12-26,Opened
RET0004834,OI00069927,4,2025-09-24,Sealed
RET0004835,OI00069929,12,2021-01-06,Sealed
RET0004836,OI00069937,1,2025-01-11,Opened
RET0004837,OI00069938,4,2025-01-07,Damaged
RET0004838,OI00070009,1,2026-04-25,Opened
RET0004839,OI00070015,16,2022-07-21,Sealed
RET0004840,OI00070022,11,2017-02-02,Sealed
RET0004841,OI00070024,18,2021-08-16,Sealed
RET0004842,OI00070051,5,2024-11-09,Damaged
RET0004843,OI00070054,14,2018-06-12,Opened
RET0004844,OI00070056,10,2025-07-16,Opened
RET0004845,OI00070064,9,2015-05-07,Damaged
RET0004846,OI00070071,8,2021-07-12,Damaged
RET0004847,OI00070082,15,2020-10-06,Sealed
RET0004848,OI00070091,16,2022-12-04,Damaged
RET0004849,OI00070096,2,2019-12-18,Damaged
RET0004850,OI00070101,17,2016-12-11,Sealed
RET0004851,OI00070128,3,2019-11-28,Damaged
RET0004852,OI00070187,14,2018-07-03,Damaged
RET0004853,OI00070194,1,2021-05-14,Defective
RET0004854,OI00070208,13,2024-07-15,Opened
RET0004855,OI00070215,3,2019-08-09,Opened
RET0004856,OI00070225,11,2018-07-06,Opened
RET0004857,OI00070228,11,2019-12-12,Defective
RET0004858,OI00070234,6,2016-02-26,Opened
RET0004859,OI00070257,18,2021-04-18,Defective
RET0004860,OI00070259,12,2018-04-09,Opened
RET0004861,OI00070265,6,2026-04-21,Defective
RET0004862,OI00070281,16,2024-04-11,Sealed
RET0004863,OI00070284,14,2017-06-11,Damaged
RET0004864,OI00070297,6,2025-07-03,Sealed
RET0004865,OI00070301,3,2015-09-05,Sealed
RET0004866,OI00070303,12,2015-09-17,Damaged
RET0004867,OI00070318,9,2024-07-01,Defective
RET0004868,OI00070333,2,2022-05-19,Defective
RET0004869,OI00070342,5,2018-02-11,Opened
RET0004870,OI00070349,18,2015-12-23,Opened
RET0004871,OI00070355,7,2020-03-05,Damaged
RET0004872,OI00070392,17,2024-09-06,Opened
RET0004873,OI00070398,4,2022-07-12,Sealed
RET0004874,OI00070422,16,2018-01-27,Opened
RET0004875,OI00070441,15,2023-06-10,Opened
RET0004876,OI00070461,3,2024-01-27,Damaged
RET0004877,OI00070470,1,2016-02-27,Opened
RET0004878,OI00070481,14,2021-05-05,Defective
RET0004879,OI00070496,1,2020-02-27,Damaged
RET0004880,OI00070502,18,2017-04-15,Opened
RET0004881,OI00070511,3,2023-03-18,Opened
RET0004882,OI00070523,5,2019-11-23,Opened
RET0004883,OI00070534,4,2021-06-24,Opened
RET0004884,OI00070535,9,2021-06-25,Damaged
RET0004885,OI00070544,8,2020-02-02,Damaged
RET0004886,OI00070566,7,2023-01-30,Sealed
RET0004887,OI00070572,4,2023-10-19,Damaged
RET0004888,OI00070577,5,2026-03-19,Opened
RET0004889,OI00070601,13,2026-03-06,Damaged
RET0004890,OI00070607,1,2025-02-07,Opened
RET0004891,OI00070624,12,2018-01-04,Sealed
RET0004892,OI00070629,16,2023-07-23,Sealed
RET0004893,OI00070638,13,2019-05-03,Opened
RET0004894,OI00070652,4,2015-11-18,Opened
RET0004895,OI00070682,15,2019-10-15,Opened
RET0004896,OI00070704,8,2016-03-10,Damaged
RET0004897,OI00070727,2,2015-12-06,Opened
RET0004898,OI00070797,10,2018-04-19,Opened
RET0004899,OI00070800,10,2017-02-25,Opened
RET0004900,OI00070810,6,2018-08-04,Sealed
RET0004901,OI00070827,8,2020-08-11,Damaged
RET0004902,OI00070843,10,2016-09-08,Damaged
RET0004903,OI00070858,16,2024-03-15,Sealed
RET0004904,OI00070913,14,2020-09-26,Damaged
RET0004905,OI00070926,17,2020-08-10,Opened
RET0004906,OI00070932,9,2020-12-08,Sealed
RET0004907,OI00070940,3,2016-02-13,Sealed
RET0004908,OI00070969,18,2016-07-22,Opened
RET0004909,OI00070973,9,2022-12-05,Defective
RET0004910,OI00070986,3,2023-02-05,Opened
RET0004911,OI00070999,9,2021-07-04,Damaged
RET0004912,OI00071016,9,2024-09-16,Opened
RET0004913,OI00071044,8,2016-09-28,Sealed
RET0004914,OI00071063,9,2025-01-04,Opened
RET0004915,OI00071085,16,2015-04-13,Sealed
RET0004916,OI00071091,3,2022-04-20,Damaged
RET0004917,OI00071094,7,2017-12-29,Opened
RET0004918,OI00071106,6,2017-07-21,Opened
RET0004919,OI00071126,15,2024-10-30,Opened
RET0004920,OI00071133,6,2023-08-21,Opened
RET0004921,OI00071140,7,2023-02-22,Defective
RET0004922,OI00071159,8,2021-10-23,Sealed
RET0004923,OI00071161,1,2025-02-17,Defective
RET0004924,OI00071164,15,2015-07-21,Sealed
RET0004925,OI00071170,18,2020-03-17,Opened
RET0004926,OI00071194,3,2025-07-19,Sealed
RET0004927,OI00071201,13,2018-04-04,Opened
RET0004928,OI00071217,13,2024-08-30,Sealed
RET0004929,OI00071236,11,2021-06-17,Opened
RET0004930,OI00071243,1,2018-10-22,Damaged
RET0004931,OI00071268,14,2015-12-08,Opened
RET0004932,OI00071300,17,2017-07-30,Damaged
RET0004933,OI00071315,16,2016-03-24,Damaged
RET0004934,OI00071367,18,2025-07-21,Sealed
RET0004935,OI00071372,16,2026-08-03,Opened
RET0004936,OI00071376,16,2023-11-13,Sealed
RET0004937,OI00071379,16,2016-08-27,Opened
RET0004938,OI00071394,12,2023-10-04,Sealed
RET0004939,OI00071398,12,2019-03-11,Damaged
RET0004940,OI00071415,1,2019-01-16,Sealed
RET0004941,OI00071442,7,2015-01-21,Defective
RET0004942,OI00071447,16,2022-11-17,Damaged
RET0004943,OI00071453,5,2020-04-23,Damaged
RET0004944,OI00071457,12,2023-11-08,Sealed
RET0004945,OI00071473,14,2024-12-29,Defective
RET0004946,OI00071485,9,2019-05-28,Opened
RET0004947,OI00071490,5,2026-03-26,Sealed
RET0004948,OI00071495,8,2025-02-12,Opened
RET0004949,OI00071511,8,2016-05-02,Sealed
RET0004950,OI00071592,15,2020-05-29,Sealed
RET0004951,OI00071622,1,2026-02-22,Opened
RET0004952,OI00071631,8,2015-05-16,Damaged
RET0004953,OI00071655,6,2020-03-04,Opened
RET0004954,OI00071682,4,2025-04-04,Sealed
RET0004955,OI00071697,15,2024-02-27,Sealed
RET0004956,OI00071712,10,2017-10-03,Opened
RET0004957,OI00071718,2,2025-02-21,Opened
RET0004958,OI00071722,16,2023-07-03,Sealed
RET0004959,OI00071749,2,2016-08-15,Opened
RET0004960,OI00071756,5,2016-02-09,Damaged
RET0004961,OI00071761,4,2016-04-06,Defective
RET0004962,OI00071765,1,2018-05-29,Damaged
RET0004963,OI00071767,5,2020-02-28,Damaged
RET0004964,OI00071771,12,2021-08-05,Opened
RET0004965,OI00071782,14,2016-09-06,Opened
RET0004966,OI00071798,16,2023-03-17,Opened
RET0004967,OI00071820,17,2019-05-31,Opened
RET0004968,OI00071822,13,2025-04-18,Opened
RET0004969,OI00071829,13,2022-08-22,Opened
RET0004970,OI00071843,11,2025-09-06,Defective
RET0004971,OI00071846,13,2020-03-19,Sealed
RET0004972,OI00071862,2,2016-05-17,Sealed
RET0004973,OI00071867,7,2022-03-29,Sealed
RET0004974,OI00071881,16,2018-07-01,Opened
RET0004975,OI00071899,18,2026-04-15,Sealed
RET0004976,OI00071921,9,2025-12-08,Sealed
RET0004977,OI00071922,18,2025-12-19,Opened
RET0004978,OI00071940,15,2018-06-16,Sealed
RET0004979,OI00071982,17,2025-04-27,Opened
RET0004980,OI00071985,8,2015-07-30,Damaged
RET0004981,OI00072018,12,2016-07-20,Sealed
RET0004982,OI00072039,10,2024-01-06,Opened
RET0004983,OI00072044,7,2024-12-07,Damaged
RET0004984,OI00072046,5,2024-12-13,Damaged
RET0004985,OI00072048,4,2021-09-03,Damaged
RET0004986,OI00072067,8,2021-03-20,Opened
RET0004987,OI00072076,15,2022-06-15,Opened
RET0004988,OI00072079,7,2021-05-21,Opened
RET0004989,OI00072086,17,2026-06-20,Opened
RET0004990,OI00072102,17,2021-11-30,Damaged
RET0004991,OI00072115,17,2019-12-30,Defective
RET0004992,OI00072137,2,2023-11-28,Opened
RET0004993,OI00072141,16,2018-10-08,Opened
RET0004994,OI00072161,11,2015-09-24,Opened
RET0004995,OI00072168,10,2022-06-18,Defective
RET0004996,OI00072171,14,2017-04-22,Sealed
RET0004997,OI00072186,2,2024-05-08,Sealed
RET0004998,OI00072215,8,2022-10-01,Opened
RET0004999,OI00072226,15,2021-08-09,Sealed
RET0005000,OI00072251,8,2025-10-07,Opened
RET0005001,OI00072255,5,2016-09-08,Damaged
RET0005002,OI00072260,14,2017-12-14,Sealed
RET0005003,OI00072281,4,2017-10-13,Sealed
RET0005004,OI00072294,2,2016-04-28,Sealed
RET0005005,OI00072308,11,2022-09-27,Damaged
RET0005006,OI00072318,2,2015-03-22,Defective
RET0005007,OI00072324,13,2015-05-30,Opened
RET0005008,OI00072339,6,2025-01-21,Sealed
RET0005009,OI00072343,12,2022-08-15,Opened
RET0005010,OI00072389,4,2019-07-01,Opened
RET0005011,OI00072394,11,2025-12-27,Opened
RET0005012,OI00072395,3,2026-01-07,Damaged
RET0005013,OI00072399,14,2018-07-09,Opened
RET0005014,OI00072414,12,2023-11-22,Opened
RET0005015,OI00072428,15,2019-01-07,Damaged
RET0005016,OI00072458,11,2015-11-07,Damaged
RET0005017,OI00072460,18,2015-11-05,Opened
RET0005018,OI00072463,8,2018-09-08,Opened
RET0005019,OI00072487,4,2016-09-28,Sealed
RET0005020,OI00072494,5,2017-07-07,Sealed
RET0005021,OI00072572,10,2019-07-29,Damaged
RET0005022,OI00072596,1,2024-10-31,Opened
RET0005023,OI00072599,13,2024-07-04,Defective
RET0005024,OI00072615,5,2020-11-04,Sealed
RET0005025,OI00072617,14,2019-10-13,Damaged
RET0005026,OI00072654,8,2017-09-28,Damaged
RET0005027,OI00072664,6,2019-06-19,Opened
RET0005028,OI00072682,4,2016-12-08,Opened
RET0005029,OI00072711,11,2025-12-08,Damaged
RET0005030,OI00072725,8,2026-02-24,Opened
RET0005031,OI00072746,10,2020-05-23,Opened
RET0005032,OI00072749,11,2020-03-23,Opened
RET0005033,OI00072751,2,2024-12-31,Sealed
RET0005034,OI00072761,1,2022-09-27,Defective
RET0005035,OI00072763,1,2015-07-31,Sealed
RET0005036,OI00072764,5,2015-08-09,Defective
RET0005037,OI00072783,14,2024-09-22,Opened
RET0005038,OI00072788,6,2024-08-13,Opened
RET0005039,OI00072793,13,2023-05-16,Opened
RET0005040,OI00072799,16,2015-06-22,Opened
RET0005041,OI00072814,12,2022-05-23,Opened
RET0005042,OI00072822,14,2022-04-25,Sealed
RET0005043,OI00072829,1,2019-01-27,Opened
RET0005044,OI00072839,2,2026-03-28,Sealed
RET0005045,OI00072860,11,2015-12-03,Defective
RET0005046,OI00072899,17,2026-04-14,Opened
RET0005047,OI00072911,9,2019-08-29,Defective
RET0005048,OI00072929,12,2025-11-01,Defective
RET0005049,OI00072959,18,2021-05-12,Damaged
RET0005050,OI00072968,6,2022-04-06,Defective
RET0005051,OI00072983,3,2024-05-25,Opened
RET0005052,OI00073033,18,2026-07-15,Opened
RET0005053,OI00073059,12,2023-10-27,Sealed
RET0005054,OI00073079,7,2025-04-12,Opened
RET0005055,OI00073097,14,2019-07-02,Damaged
RET0005056,OI00073100,17,2024-03-31,Sealed
RET0005057,OI00073115,9,2022-02-17,Sealed
RET0005058,OI00073134,11,2016-08-27,Damaged
RET0005059,OI00073157,1,2019-10-11,Opened
RET0005060,OI00073195,10,2024-09-04,Damaged
RET0005061,OI00073216,6,2018-11-09,Defective
RET0005062,OI00073238,18,2023-02-25,Sealed
RET0005063,OI00073269,8,2016-03-25,Defective
RET0005064,OI00073271,5,2026-04-18,Damaged
RET0005065,OI00073272,12,2026-04-21,Defective
RET0005066,OI00073296,7,2021-01-01,Defective
RET0005067,OI00073300,9,2025-07-16,Sealed
RET0005068,OI00073308,18,2021-05-21,Sealed
RET0005069,OI00073321,4,2023-04-05,Opened
RET0005070,OI00073328,2,2019-10-09,Damaged
RET0005071,OI00073330,3,2026-02-01,Damaged
RET0005072,OI00073332,14,2026-02-07,Opened
RET0005073,OI00073338,13,2024-10-11,Opened
RET0005074,OI00073346,14,2021-04-18,Opened
RET0005075,OI00073382,2,2022-05-07,Damaged
RET0005076,OI00073394,13,2024-06-12,Sealed
RET0005077,OI00073447,2,2016-09-23,Opened
RET0005078,OI00073462,13,2019-09-10,Opened
RET0005079,OI00073507,9,2020-03-15,Damaged
RET0005080,OI00073511,17,2022-09-25,Opened
RET0005081,OI00073519,1,2024-12-16,Opened
RET0005082,OI00073562,12,2023-05-08,Opened
RET0005083,OI00073580,4,2022-06-28,Damaged
RET0005084,OI00073595,4,2025-12-26,Opened
RET0005085,OI00073605,3,2017-09-20,Sealed
RET0005086,OI00073606,11,2017-09-17,Defective
RET0005087,OI00073614,1,2025-05-10,Defective
RET0005088,OI00073618,13,2022-10-03,Sealed
RET0005089,OI00073619,7,2022-09-25,Opened
RET0005090,OI00073642,10,2018-03-29,Defective
RET0005091,OI00073650,11,2025-08-09,Sealed
RET0005092,OI00073662,11,2016-01-28,Sealed
RET0005093,OI00073675,2,2022-06-18,Opened
RET0005094,OI00073683,15,2016-11-07,Sealed
RET0005095,OI00073700,10,2021-07-24,Damaged
RET0005096,OI00073702,5,2023-08-28,Damaged
RET0005097,OI00073736,8,2024-02-21,Opened
RET0005098,OI00073750,18,2024-05-05,Sealed
RET0005099,OI00073759,6,2023-12-25,Opened
RET0005100,OI00073771,15,2019-11-11,Opened
RET0005101,OI00073779,11,2024-05-21,Defective
RET0005102,OI00073809,1,2026-04-17,Opened
RET0005103,OI00073830,12,2018-05-08,Opened
RET0005104,OI00073836,2,2015-10-28,Sealed
RET0005105,OI00073871,16,2017-01-26,Opened
RET0005106,OI00073875,13,2025-01-31,Defective
RET0005107,OI00073890,4,2017-12-28,Damaged
RET0005108,OI00073894,2,2024-08-08,Opened
RET0005109,OI00073897,16,2026-06-16,Opened
RET0005110,OI00073920,3,2016-02-28,Sealed
RET0005111,OI00073930,2,2018-12-09,Opened
RET0005112,OI00073946,7,2019-04-07,Sealed
RET0005113,OI00073951,3,2020-06-06,Opened
RET0005114,OI00073957,13,2021-11-06,Opened
RET0005115,OI00073964,7,2021-03-21,Sealed
RET0005116,OI00073973,9,2022-03-29,Opened
RET0005117,OI00074015,18,2023-06-27,Damaged
RET0005118,OI00074052,3,2020-04-14,Opened
RET0005119,OI00074055,18,2020-04-25,Sealed
RET0005120,OI00074085,15,2015-01-28,Opened
RET0005121,OI00074091,16,2017-08-29,Opened
RET0005122,OI00074154,17,2026-04-07,Sealed
RET0005123,OI00074156,8,2025-05-11,Defective
RET0005124,OI00074167,17,2017-08-22,Damaged
RET0005125,OI00074216,4,2018-05-17,Sealed
RET0005126,OI00074218,9,2016-08-08,Damaged
RET0005127,OI00074269,10,2020-08-17,Sealed
RET0005128,OI00074314,13,2018-09-27,Sealed
RET0005129,OI00074321,4,2022-11-15,Defective
RET0005130,OI00074322,6,2018-04-22,Opened
RET0005131,OI00074327,10,2015-11-05,Sealed
RET0005132,OI00074334,18,2020-02-17,Opened
RET0005133,OI00074340,10,2022-07-10,Opened
RET0005134,OI00074349,9,2019-09-14,Opened
RET0005135,OI00074363,1,2020-07-26,Sealed
RET0005136,OI00074385,9,2018-02-25,Defective
RET0005137,OI00074414,6,2019-07-28,Opened
RET0005138,OI00074416,13,2018-06-05,Damaged
RET0005139,OI00074424,13,2022-03-09,Opened
RET0005140,OI00074441,7,2016-02-09,Opened
RET0005141,OI00074443,7,2016-02-02,Opened
RET0005142,OI00074465,3,2024-09-07,Opened
RET0005143,OI00074476,4,2019-05-22,Opened
RET0005144,OI00074497,3,2022-05-16,Damaged
RET0005145,OI00074502,18,2021-08-24,Damaged
RET0005146,OI00074531,12,2023-05-09,Damaged
RET0005147,OI00074575,17,2020-05-12,Damaged
RET0005148,OI00074595,5,2017-12-02,Defective
RET0005149,OI00074600,10,2016-09-07,Opened
RET0005150,OI00074608,16,2019-11-17,Defective
RET0005151,OI00074624,10,2024-06-15,Defective
RET0005152,OI00074628,8,2016-10-07,Opened
RET0005153,OI00074634,15,2017-12-16,Opened
RET0005154,OI00074642,8,2016-10-16,Defective
RET0005155,OI00074646,11,2015-07-29,Opened
RET0005156,OI00074654,6,2020-03-28,Sealed
RET0005157,OI00074675,4,2023-09-10,Damaged
RET0005158,OI00074678,1,2016-09-19,Damaged
RET0005159,OI00074679,2,2022-09-27,Opened
RET0005160,OI00074694,16,2020-09-29,Opened
RET0005161,OI00074714,11,2018-03-14,Damaged
RET0005162,OI00074726,4,2020-11-27,Defective
RET0005163,OI00074741,2,2022-08-31,Opened
RET0005164,OI00074745,6,2020-12-16,Opened
RET0005165,OI00074756,16,2025-08-02,Opened
RET0005166,OI00074786,17,2025-01-29,Defective
RET0005167,OI00074796,17,2017-05-31,Opened
RET0005168,OI00074829,3,2026-02-04,Opened
RET0005169,OI00074842,3,2024-12-30,Damaged
RET0005170,OI00074846,5,2022-06-04,Sealed
RET0005171,OI00074853,15,2021-11-29,Opened
RET0005172,OI00074872,11,2019-08-24,Opened
RET0005173,OI00074938,5,2025-01-04,Opened
RET0005174,OI00075021,10,2015-02-11,Damaged
RET0005175,OI00075026,10,2018-06-29,Opened
RET0005176,OI00075032,8,2016-03-22,Opened
RET0005177,OI00075035,4,2016-07-14,Damaged
RET0005178,OI00075045,7,2025-08-11,Opened
RET0005179,OI00075049,1,2019-07-30,Damaged
RET0005180,OI00075074,3,2023-03-16,Sealed
RET0005181,OI00075077,2,2022-02-16,Sealed
RET0005182,OI00075105,9,2021-03-22,Opened
RET0005183,OI00075106,6,2018-08-03,Opened
RET0005184,OI00075115,15,2026-05-03,Sealed
RET0005185,OI00075147,1,2021-08-26,Opened
RET0005186,OI00075152,4,2015-09-05,Defective
RET0005187,OI00075155,12,2020-09-06,Damaged
RET0005188,OI00075162,17,2021-04-19,Opened
RET0005189,OI00075224,8,2016-05-22,Opened
RET0005190,OI00075243,2,2022-12-05,Opened
RET0005191,OI00075248,14,2017-11-21,Damaged
RET0005192,OI00075254,18,2015-06-26,Opened
RET0005193,OI00075258,9,2017-06-15,Damaged
RET0005194,OI00075271,11,2018-02-17,Opened
RET0005195,OI00075287,5,2015-06-30,Sealed
RET0005196,OI00075300,12,2022-11-19,Damaged
RET0005197,OI00075331,13,2015-05-13,Damaged
RET0005198,OI00075339,12,2025-04-08,Defective
RET0005199,OI00075345,18,2022-03-26,Opened
RET0005200,OI00075354,16,2023-09-05,Opened
RET0005201,OI00075370,16,2019-04-05,Damaged
RET0005202,OI00075379,8,2023-04-11,Sealed
RET0005203,OI00075383,8,2016-10-26,Damaged
RET0005204,OI00075393,9,2023-08-27,Opened
RET0005205,OI00075413,14,2015-02-19,Defective
RET0005206,OI00075430,18,2015-12-19,Sealed
RET0005207,OI00075432,13,2024-09-27,Sealed
RET0005208,OI00075442,7,2015-07-28,Sealed
RET0005209,OI00075448,12,2015-04-15,Opened
RET0005210,OI00075481,6,2015-08-08,Sealed
RET0005211,OI00075489,12,2017-12-27,Opened
RET0005212,OI00075491,8,2019-09-01,Damaged
RET0005213,OI00075495,1,2019-04-24,Defective
RET0005214,OI00075508,8,2020-04-01,Sealed
RET0005215,OI00075516,7,2025-03-11,Damaged
RET0005216,OI00075528,4,2025-09-26,Opened
RET0005217,OI00075543,10,2019-02-12,Defective
RET0005218,OI00075544,14,2019-02-12,Opened
RET0005219,OI00075550,3,2020-01-20,Opened
RET0005220,OI00075559,16,2019-11-08,Damaged
RET0005221,OI00075562,18,2024-04-05,Damaged
RET0005222,OI00075596,12,2022-08-09,Sealed
RET0005223,OI00075599,10,2019-03-25,Opened
RET0005224,OI00075622,3,2025-11-20,Opened
RET0005225,OI00075627,18,2024-11-21,Damaged
RET0005226,OI00075640,14,2020-03-17,Sealed
RET0005227,OI00075687,3,2024-06-28,Sealed
RET0005228,OI00075692,10,2025-06-27,Opened
RET0005229,OI00075700,9,2017-11-03,Opened
RET0005230,OI00075718,3,2025-01-11,Opened
RET0005231,OI00075740,1,2017-05-13,Damaged
RET0005232,OI00075753,15,2019-05-12,Opened
RET0005233,OI00075803,10,2018-10-04,Opened
RET0005234,OI00075829,4,2025-02-04,Opened
RET0005235,OI00075838,3,2021-10-04,Sealed
RET0005236,OI00075874,9,2025-10-04,Damaged
RET0005237,OI00075887,12,2020-08-10,Opened
RET0005238,OI00075901,8,2022-09-18,Sealed
RET0005239,OI00075927,14,2016-03-28,Opened
RET0005240,OI00075945,15,2019-09-13,Sealed
RET0005241,OI00075946,3,2019-09-14,Damaged
RET0005242,OI00075947,8,2024-12-07,Damaged
RET0005243,OI00075969,15,2023-10-03,Opened
RET0005244,OI00075970,13,2023-10-02,Opened
RET0005245,OI00075996,15,2022-07-09,Damaged
RET0005246,OI00076009,6,2018-07-08,Opened
RET0005247,OI00076017,6,2019-03-15,Opened
RET0005248,OI00076036,12,2016-10-07,Damaged
RET0005249,OI00076043,18,2016-08-29,Opened
RET0005250,OI00076059,1,2015-05-10,Opened
RET0005251,OI00076081,4,2022-06-08,Sealed
RET0005252,OI00076086,13,2018-10-07,Opened
RET0005253,OI00076087,15,2018-09-30,Damaged
RET0005254,OI00076110,11,2024-07-22,Defective
RET0005255,OI00076149,14,2019-04-10,Opened
RET0005256,OI00076165,15,2019-03-20,Damaged
RET0005257,OI00076175,14,2022-04-10,Sealed
RET0005258,OI00076177,14,2019-07-22,Opened
RET0005259,OI00076190,15,2020-09-28,Opened
RET0005260,OI00076208,5,2015-03-23,Opened
RET0005261,OI00076240,2,2015-09-27,Damaged
RET0005262,OI00076259,12,2026-07-24,Opened
RET0005263,OI00076270,7,2019-10-31,Sealed
RET0005264,OI00076303,7,2018-10-30,Defective
RET0005265,OI00076306,8,2020-02-16,Opened
RET0005266,OI00076307,17,2019-07-06,Defective
RET0005267,OI00076327,8,2015-11-30,Opened
RET0005268,OI00076362,17,2025-11-16,Defective
RET0005269,OI00076384,14,2025-01-04,Opened
RET0005270,OI00076400,14,2025-08-12,Opened
RET0005271,OI00076408,14,2020-07-17,Defective
RET0005272,OI00076429,6,2022-05-07,Damaged
RET0005273,OI00076430,16,2022-05-11,Opened
RET0005274,OI00076442,11,2023-04-02,Defective
RET0005275,OI00076456,5,2022-10-29,Opened
RET0005276,OI00076479,11,2020-03-06,Opened
RET0005277,OI00076515,7,2018-06-02,Damaged
RET0005278,OI00076516,15,2018-06-03,Damaged
RET0005279,OI00076521,10,2021-01-15,Opened
RET0005280,OI00076526,5,2020-10-12,Defective
RET0005281,OI00076529,16,2025-04-13,Opened
RET0005282,OI00076568,13,2018-08-01,Damaged
RET0005283,OI00076569,12,2025-02-01,Sealed
RET0005284,OI00076575,6,2016-01-17,Opened
RET0005285,OI00076578,6,2021-10-19,Opened
RET0005286,OI00076616,5,2023-10-22,Damaged
RET0005287,OI00076622,10,2025-01-12,Opened
RET0005288,OI00076634,15,2024-08-16,Sealed
RET0005289,OI00076666,16,2020-05-05,Defective
RET0005290,OI00076677,15,2024-12-28,Sealed
RET0005291,OI00076743,18,2019-03-26,Sealed
RET0005292,OI00076751,8,2024-08-26,Damaged
RET0005293,OI00076754,15,2019-09-30,Defective
RET0005294,OI00076762,18,2021-05-12,Sealed
RET0005295,OI00076785,5,2018-12-21,Opened
RET0005296,OI00076793,4,2020-03-27,Sealed
RET0005297,OI00076802,16,2020-05-16,Opened
RET0005298,OI00076815,4,2022-08-16,Damaged
RET0005299,OI00076821,8,2023-10-23,Sealed
RET0005300,OI00076833,8,2025-09-02,Opened
RET0005301,OI00076848,3,2018-06-24,Opened
RET0005302,OI00076853,1,2020-10-23,Sealed
RET0005303,OI00076857,3,2025-11-29,Sealed
RET0005304,OI00076875,11,2020-03-28,Opened
RET0005305,OI00076885,18,2017-09-06,Opened
RET0005306,OI00076939,2,2025-01-15,Damaged
RET0005307,OI00076946,10,2020-05-12,Opened
RET0005308,OI00076957,17,2025-08-05,Sealed
RET0005309,OI00076984,8,2025-08-16,Defective
RET0005310,OI00077004,11,2024-03-05,Sealed
RET0005311,OI00077008,2,2023-03-24,Sealed
RET0005312,OI00077074,10,2025-07-17,Opened
RET0005313,OI00077076,13,2022-04-17,Damaged
RET0005314,OI00077077,8,2024-10-24,Opened
RET0005315,OI00077082,18,2016-09-23,Opened
RET0005316,OI00077099,6,2023-02-26,Sealed
RET0005317,OI00077106,2,2024-02-22,Damaged
RET0005318,OI00077155,17,2020-01-21,Opened
RET0005319,OI00077181,5,2023-06-30,Opened
RET0005320,OI00077197,8,2017-10-22,Defective
RET0005321,OI00077215,12,2021-06-29,Opened
RET0005322,OI00077231,3,2026-02-27,Damaged
RET0005323,OI00077242,14,2015-08-05,Damaged
RET0005324,OI00077251,11,2025-07-06,Sealed
RET0005325,OI00077253,2,2018-01-25,Opened
RET0005326,OI00077257,12,2015-12-09,Defective
RET0005327,OI00077259,8,2015-12-07,Sealed
RET0005328,OI00077268,10,2023-10-05,Defective
RET0005329,OI00077271,8,2023-06-14,Sealed
RET0005330,OI00077274,9,2022-04-20,Damaged
RET0005331,OI00077290,1,2015-06-17,Opened
RET0005332,OI00077314,3,2021-09-28,Damaged
RET0005333,OI00077321,16,2024-07-29,Opened
RET0005334,OI00077324,4,2018-03-14,Damaged
RET0005335,OI00077352,4,2025-03-26,Sealed
RET0005336,OI00077365,17,2018-08-13,Sealed
RET0005337,OI00077374,4,2025-11-14,Opened
RET0005338,OI00077377,3,2024-07-25,Damaged
RET0005339,OI00077425,6,2023-10-27,Sealed
RET0005340,OI00077462,17,2018-05-30,Opened
RET0005341,OI00077468,18,2022-11-04,Opened
RET0005342,OI00077470,8,2015-03-13,Defective
RET0005343,OI00077473,2,2023-10-17,Opened
RET0005344,OI00077508,15,2024-10-30,Opened
RET0005345,OI00077509,6,2024-11-04,Defective
RET0005346,OI00077536,17,2025-01-13,Damaged
RET0005347,OI00077539,3,2020-01-16,Sealed
RET0005348,OI00077571,10,2024-06-12,Opened
RET0005349,OI00077576,9,2023-05-27,Sealed
RET0005350,OI00077580,8,2020-10-20,Damaged
RET0005351,OI00077588,10,2017-08-15,Opened
RET0005352,OI00077593,15,2018-09-20,Sealed
RET0005353,OI00077597,13,2019-03-21,Opened
RET0005354,OI00077613,5,2023-03-02,Damaged
RET0005355,OI00077620,13,2021-04-07,Damaged
RET0005356,OI00077643,6,2016-08-30,Sealed
RET0005357,OI00077677,9,2021-08-11,Sealed
RET0005358,OI00077703,7,2017-09-20,Damaged
RET0005359,OI00077734,16,2024-04-10,Defective
RET0005360,OI00077738,14,2016-03-27,Opened
RET0005361,OI00077760,13,2023-12-02,Damaged
RET0005362,OI00077761,3,2023-12-07,Defective
RET0005363,OI00077772,13,2019-03-14,Opened
RET0005364,OI00077792,12,2023-01-11,Sealed
RET0005365,OI00077814,2,2021-05-02,Opened
RET0005366,OI00077852,1,2023-11-10,Opened
RET0005367,OI00077873,9,2019-06-08,Sealed
RET0005368,OI00077876,8,2016-06-27,Damaged
RET0005369,OI00077893,9,2024-08-02,Opened
RET0005370,OI00077914,11,2022-07-28,Sealed
RET0005371,OI00077917,13,2016-01-07,Sealed
RET0005372,OI00077926,8,2020-01-29,Sealed
RET0005373,OI00077930,18,2023-03-02,Defective
RET0005374,OI00077946,6,2019-08-13,Damaged
RET0005375,OI00077964,7,2023-10-18,Sealed
RET0005376,OI00077974,10,2021-09-28,Defective
RET0005377,OI00077975,14,2026-01-14,Damaged
RET0005378,OI00077980,9,2017-05-12,Damaged
RET0005379,OI00077987,5,2015-03-29,Defective
RET0005380,OI00077994,2,2015-09-06,Defective
RET0005381,OI00078017,17,2015-02-25,Defective
RET0005382,OI00078031,2,2022-12-03,Opened
RET0005383,OI00078045,5,2022-07-14,Defective
RET0005384,OI00078047,3,2026-02-15,Sealed
RET0005385,OI00078076,18,2026-06-08,Defective
RET0005386,OI00078098,13,2020-09-14,Defective
RET0005387,OI00078105,16,2016-05-17,Opened
RET0005388,OI00078120,15,2018-07-09,Opened
RET0005389,OI00078134,2,2022-11-27,Sealed
RET0005390,OI00078142,17,2024-03-13,Damaged
RET0005391,OI00078146,2,2021-11-02,Damaged
RET0005392,OI00078150,6,2017-05-31,Opened
RET0005393,OI00078179,9,2022-05-08,Opened
RET0005394,OI00078180,15,2022-05-09,Opened
RET0005395,OI00078196,7,2015-10-13,Opened
RET0005396,OI00078207,11,2025-02-13,Damaged
RET0005397,OI00078210,12,2022-12-18,Damaged
RET0005398,OI00078218,9,2019-03-20,Opened
RET0005399,OI00078222,3,2024-03-18,Defective
RET0005400,OI00078237,15,2021-03-12,Damaged
RET0005401,OI00078248,13,2023-04-10,Opened
RET0005402,OI00078255,16,2026-04-17,Damaged
RET0005403,OI00078265,15,2022-06-01,Opened
RET0005404,OI00078283,10,2020-09-22,Damaged
RET0005405,OI00078305,15,2016-08-19,Defective
RET0005406,OI00078325,8,2017-04-13,Sealed
RET0005407,OI00078337,5,2015-08-19,Sealed
RET0005408,OI00078338,2,2018-06-10,Opened
RET0005409,OI00078363,15,2018-03-28,Sealed
RET0005410,OI00078381,14,2023-03-27,Damaged
RET0005411,OI00078414,3,2022-12-25,Opened
RET0005412,OI00078424,3,2024-03-06,Sealed
RET0005413,OI00078444,16,2016-03-14,Damaged
RET0005414,OI00078445,10,2024-12-08,Defective
RET0005415,OI00078447,8,2024-12-05,Defective
RET0005416,OI00078449,18,2024-12-16,Sealed
RET0005417,OI00078466,6,2019-11-02,Opened
RET0005418,OI00078473,16,2021-11-10,Opened
RET0005419,OI00078487,14,2021-08-21,Opened
RET0005420,OI00078494,2,2025-11-04,Opened
RET0005421,OI00078503,14,2016-05-09,Defective
RET0005422,OI00078506,18,2016-05-02,Defective
RET0005423,OI00078523,6,2023-09-01,Damaged
RET0005424,OI00078551,12,2024-08-06,Sealed
RET0005425,OI00078553,2,2025-09-12,Sealed
RET0005426,OI00078569,2,2023-08-17,Sealed
RET0005427,OI00078603,2,2022-01-24,Damaged
RET0005428,OI00078610,3,2026-03-07,Sealed
RET0005429,OI00078613,15,2019-04-16,Damaged
RET0005430,OI00078627,3,2025-04-15,Sealed
RET0005431,OI00078643,2,2016-04-11,Damaged
RET0005432,OI00078690,8,2020-04-22,Defective
RET0005433,OI00078713,7,2019-03-14,Opened
RET0005434,OI00078728,16,2023-10-30,Opened
RET0005435,OI00078752,16,2021-12-29,Sealed
RET0005436,OI00078754,11,2021-12-21,Defective
RET0005437,OI00078765,12,2018-09-01,Defective
RET0005438,OI00078766,14,2018-08-31,Defective
RET0005439,OI00078771,12,2020-04-11,Opened
RET0005440,OI00078793,3,2019-04-10,Sealed
RET0005441,OI00078800,15,2015-10-13,Opened
RET0005442,OI00078805,4,2016-06-20,Opened
RET0005443,OI00078836,8,2023-04-02,Damaged
RET0005444,OI00078851,10,2022-06-30,Defective
RET0005445,OI00078854,13,2015-05-25,Opened
RET0005446,OI00078857,15,2022-01-09,Opened
RET0005447,OI00078860,13,2016-04-22,Opened
RET0005448,OI00078861,2,2016-04-27,Damaged
RET0005449,OI00078864,13,2019-06-26,Opened
RET0005450,OI00078879,5,2026-01-18,Defective
RET0005451,OI00078886,4,2024-05-31,Opened
RET0005452,OI00078916,8,2026-02-13,Opened
RET0005453,OI00078922,12,2016-05-24,Sealed
RET0005454,OI00078926,13,2015-03-01,Defective
RET0005455,OI00078930,7,2016-12-07,Sealed
RET0005456,OI00078950,13,2018-02-28,Defective
RET0005457,OI00078956,18,2025-05-02,Opened
RET0005458,OI00078957,12,2016-04-06,Sealed
RET0005459,OI00078966,3,2024-10-30,Sealed
RET0005460,OI00078987,14,2015-06-09,Opened
RET0005461,OI00078991,5,2020-10-22,Sealed
RET0005462,OI00078992,2,2015-09-21,Opened
RET0005463,OI00078994,18,2020-03-05,Sealed
RET0005464,OI00079002,3,2017-12-26,Opened
RET0005465,OI00079004,18,2023-11-04,Opened
RET0005466,OI00079017,4,2016-01-20,Opened
RET0005467,OI00079022,13,2018-04-04,Opened
RET0005468,OI00079028,10,2018-01-29,Damaged
RET0005469,OI00079038,1,2026-05-09,Opened
RET0005470,OI00079048,10,2025-05-02,Opened
RET0005471,OI00079049,1,2025-04-29,Sealed
RET0005472,OI00079135,13,2017-04-28,Opened
RET0005473,OI00079144,12,2024-04-15,Defective
RET0005474,OI00079150,3,2026-05-23,Opened
RET0005475,OI00079211,2,2024-08-24,Sealed
RET0005476,OI00079214,8,2022-09-14,Damaged
RET0005477,OI00079223,11,2016-11-16,Opened
RET0005478,OI00079253,12,2024-06-11,Opened
RET0005479,OI00079271,5,2021-05-25,Sealed
RET0005480,OI00079282,7,2022-01-03,Opened
RET0005481,OI00079290,18,2025-05-28,Defective
RET0005482,OI00079293,1,2016-11-24,Opened
RET0005483,OI00079299,12,2015-08-23,Damaged
RET0005484,OI00079301,1,2022-05-23,Defective
RET0005485,OI00079302,13,2025-06-26,Damaged
RET0005486,OI00079315,13,2016-11-27,Opened
RET0005487,OI00079318,13,2018-06-03,Opened
RET0005488,OI00079320,14,2018-06-01,Opened
RET0005489,OI00079327,4,2018-12-27,Opened
RET0005490,OI00079328,2,2025-03-14,Opened
RET0005491,OI00079338,18,2021-05-21,Damaged
RET0005492,OI00079345,2,2017-03-06,Sealed
RET0005493,OI00079346,5,2018-05-26,Opened
RET0005494,OI00079368,10,2020-12-24,Defective
RET0005495,OI00079374,9,2016-07-28,Damaged
RET0005496,OI00079404,15,2021-11-29,Damaged
RET0005497,OI00079408,1,2018-08-10,Sealed
RET0005498,OI00079441,18,2021-07-28,Sealed
RET0005499,OI00079457,12,2015-06-11,Damaged
RET0005500,OI00079459,15,2025-04-08,Sealed
RET0005501,OI00079479,6,2023-07-30,Opened
RET0005502,OI00079490,4,2026-04-20,Damaged
RET0005503,OI00079548,10,2018-09-28,Opened
RET0005504,OI00079564,16,2019-12-16,Opened
RET0005505,OI00079569,11,2024-12-30,Sealed
RET0005506,OI00079576,16,2019-07-05,Defective
RET0005507,OI00079595,13,2020-06-13,Opened
RET0005508,OI00079598,10,2023-04-23,Opened
RET0005509,OI00079602,6,2018-11-04,Sealed
RET0005510,OI00079604,14,2026-06-29,Opened
RET0005511,OI00079615,3,2015-12-20,Sealed
RET0005512,OI00079636,13,2021-06-06,Sealed
RET0005513,OI00079637,10,2021-06-15,Defective
RET0005514,OI00079640,17,2019-12-29,Defective
RET0005515,OI00079657,10,2019-05-12,Damaged
RET0005516,OI00079658,14,2018-12-15,Opened
RET0005517,OI00079679,18,2017-04-05,Damaged
RET0005518,OI00079686,13,2020-07-01,Damaged
RET0005519,OI00079696,16,2022-06-07,Damaged
RET0005520,OI00079706,13,2020-01-19,Opened
RET0005521,OI00079717,16,2024-07-23,Sealed
RET0005522,OI00079722,5,2023-12-30,Sealed
RET0005523,OI00079738,1,2015-03-10,Sealed
RET0005524,OI00079755,3,2026-01-25,Defective
RET0005525,OI00079766,10,2026-05-04,Sealed
RET0005526,OI00079779,14,2018-12-07,Sealed
RET0005527,OI00079787,9,2016-09-09,Opened
RET0005528,OI00079788,12,2016-09-04,Opened
RET0005529,OI00079792,18,2015-07-06,Opened
RET0005530,OI00079810,10,2015-01-10,Sealed
RET0005531,OI00079815,16,2026-01-22,Defective
RET0005532,OI00079838,17,2018-08-13,Sealed
RET0005533,OI00079844,2,2024-12-17,Damaged
RET0005534,OI00079848,2,2020-01-06,Opened
RET0005535,OI00079874,6,2022-10-06,Opened
RET0005536,OI00079876,7,2022-09-26,Opened
RET0005537,OI00079882,5,2025-12-30,Defective
RET0005538,OI00079928,11,2016-05-19,Defective
RET0005539,OI00079944,2,2018-09-29,Damaged
RET0005540,OI00079948,14,2015-11-22,Opened
RET0005541,OI00079957,16,2016-06-25,Sealed
RET0005542,OI00079960,11,2017-09-18,Sealed
RET0005543,OI00080011,4,2022-11-08,Sealed
RET0005544,OI00080017,3,2025-10-10,Sealed
RET0005545,OI00080020,11,2017-04-01,Opened
RET0005546,OI00080037,16,2022-01-27,Sealed
RET0005547,OI00080044,8,2015-03-29,Damaged
RET0005548,OI00080045,13,2015-10-15,Opened
RET0005549,OI00080059,16,2019-12-15,Defective
RET0005550,OI00080094,6,2023-05-22,Opened
RET0005551,OI00080105,14,2025-10-21,Damaged
RET0005552,OI00080111,18,2020-09-03,Defective
RET0005553,OI00080113,18,2026-06-11,Sealed
RET0005554,OI00080125,4,2024-10-13,Damaged
RET0005555,OI00080129,3,2016-08-24,Damaged
RET0005556,OI00080132,17,2024-03-31,Damaged
RET0005557,OI00080137,5,2017-02-04,Damaged
RET0005558,OI00080151,17,2017-03-17,Sealed
RET0005559,OI00080152,10,2017-03-10,Opened
RET0005560,OI00080156,8,2018-06-09,Defective
RET0005561,OI00080168,3,2015-05-09,Defective
RET0005562,OI00080188,13,2022-04-17,Damaged
RET0005563,OI00080201,18,2019-09-22,Sealed
RET0005564,OI00080275,11,2023-02-22,Sealed
RET0005565,OI00080277,14,2021-07-04,Opened
RET0005566,OI00080317,8,2025-09-23,Sealed
RET0005567,OI00080323,4,2022-07-10,Damaged
RET0005568,OI00080341,4,2019-11-14,Sealed
RET0005569,OI00080342,17,2015-07-10,Sealed
RET0005570,OI00080343,5,2018-03-23,Opened
RET0005571,OI00080344,14,2023-11-17,Opened
RET0005572,OI00080348,4,2015-01-30,Damaged
RET0005573,OI00080367,3,2019-08-22,Sealed
RET0005574,OI00080369,15,2024-11-14,Opened
RET0005575,OI00080377,3,2015-05-28,Opened
RET0005576,OI00080390,10,2018-11-02,Damaged
RET0005577,OI00080403,6,2020-04-21,Sealed
RET0005578,OI00080406,12,2025-06-14,Sealed
RET0005579,OI00080407,8,2018-08-26,Damaged
RET0005580,OI00080410,10,2018-08-18,Defective
RET0005581,OI00080412,14,2020-12-31,Sealed
RET0005582,OI00080420,11,2017-05-30,Damaged
RET0005583,OI00080433,10,2024-10-19,Sealed
RET0005584,OI00080438,11,2024-06-08,Sealed
RET0005585,OI00080477,12,2020-10-23,Opened
RET0005586,OI00080516,18,2016-08-18,Damaged
RET0005587,OI00080531,13,2022-05-23,Sealed
RET0005588,OI00080557,16,2020-01-17,Damaged
RET0005589,OI00080558,7,2020-01-15,Opened
RET0005590,OI00080583,1,2022-02-01,Opened
RET0005591,OI00080590,2,2015-07-17,Damaged
RET0005592,OI00080634,2,2022-09-06,Opened
RET0005593,OI00080661,3,2017-08-12,Opened
RET0005594,OI00080673,16,2023-08-19,Sealed
RET0005595,OI00080679,18,2026-06-19,Defective
RET0005596,OI00080699,14,2025-07-18,Sealed
RET0005597,OI00080740,15,2019-06-05,Opened
RET0005598,OI00080771,13,2015-09-07,Damaged
RET0005599,OI00080772,16,2021-01-19,Opened
RET0005600,OI00080777,12,2018-03-16,Sealed
RET0005601,OI00080778,17,2024-02-28,Opened
RET0005602,OI00080779,15,2024-03-08,Defective
RET0005603,OI00080782,2,2022-12-18,Damaged
RET0005604,OI00080794,10,2019-04-13,Sealed
RET0005605,OI00080820,16,2022-07-19,Damaged
RET0005606,OI00080822,13,2020-07-16,Sealed
RET0005607,OI00080839,18,2022-12-09,Damaged
RET0005608,OI00080862,9,2019-02-28,Opened
RET0005609,OI00080875,3,2016-01-05,Opened
RET0005610,OI00080889,1,2015-06-05,Opened
RET0005611,OI00080895,18,2021-07-20,Opened
RET0005612,OI00080904,14,2023-02-08,Sealed
RET0005613,OI00080916,1,2017-03-10,Opened
RET0005614,OI00080930,11,2020-12-22,Damaged
RET0005615,OI00080947,11,2023-03-25,Damaged
RET0005616,OI00080965,9,2026-07-09,Damaged
RET0005617,OI00080970,3,2024-03-29,Opened
RET0005618,OI00080978,12,2016-04-26,Opened
RET0005619,OI00081011,15,2025-10-25,Opened
RET0005620,OI00081030,17,2023-01-08,Damaged
RET0005621,OI00081043,9,2016-12-10,Damaged
RET0005622,OI00081060,11,2017-11-30,Opened
RET0005623,OI00081064,17,2017-06-20,Damaged
RET0005624,OI00081103,10,2017-02-17,Sealed
RET0005625,OI00081104,17,2017-02-14,Damaged
RET0005626,OI00081116,8,2018-10-09,Opened
RET0005627,OI00081122,14,2023-10-11,Damaged
RET0005628,OI00081146,7,2017-05-06,Opened
RET0005629,OI00081153,4,2021-08-17,Opened
RET0005630,OI00081190,15,2019-12-01,Opened
RET0005631,OI00081194,3,2020-07-10,Sealed
RET0005632,OI00081206,9,2023-11-24,Damaged
RET0005633,OI00081237,5,2022-10-03,Defective
RET0005634,OI00081247,1,2025-01-23,Opened
RET0005635,OI00081255,13,2022-10-14,Opened
RET0005636,OI00081261,15,2022-03-29,Opened
RET0005637,OI00081280,14,2025-04-29,Sealed
RET0005638,OI00081285,12,2018-05-20,Opened
RET0005639,OI00081287,13,2019-07-10,Damaged
RET0005640,OI00081293,1,2025-10-17,Opened
RET0005641,OI00081301,9,2025-11-08,Sealed
RET0005642,OI00081317,3,2025-03-08,Opened
RET0005643,OI00081321,14,2019-06-30,Opened
RET0005644,OI00081328,14,2023-05-30,Opened
RET0005645,OI00081340,11,2025-12-11,Opened
RET0005646,OI00081386,7,2016-08-24,Opened
RET0005647,OI00081390,1,2019-12-11,Sealed
RET0005648,OI00081421,17,2023-09-24,Opened
RET0005649,OI00081442,2,2017-07-08,Opened
RET0005650,OI00081464,4,2018-05-22,Sealed
RET0005651,OI00081469,9,2018-10-17,Sealed
RET0005652,OI00081484,7,2017-11-03,Defective
RET0005653,OI00081534,14,2019-04-17,Sealed
RET0005654,OI00081540,8,2020-09-12,Opened
RET0005655,OI00081549,14,2015-03-21,Opened
RET0005656,OI00081555,10,2018-11-16,Damaged
RET0005657,OI00081566,1,2019-06-07,Opened
RET0005658,OI00081578,1,2017-10-27,Opened
RET0005659,OI00081582,6,2026-02-17,Damaged
RET0005660,OI00081626,1,2018-08-02,Opened
RET0005661,OI00081648,1,2022-03-11,Defective
RET0005662,OI00081649,15,2021-06-14,Damaged
RET0005663,OI00081664,15,2019-07-05,Opened
RET0005664,OI00081665,1,2019-07-13,Damaged
RET0005665,OI00081671,14,2026-05-15,Damaged
RET0005666,OI00081683,11,2015-10-19,Opened
RET0005667,OI00081700,4,2021-12-07,Opened
RET0005668,OI00081722,5,2018-02-03,Defective
RET0005669,OI00081806,14,2022-07-21,Opened
RET0005670,OI00081822,18,2024-03-10,Opened
RET0005671,OI00081843,1,2022-01-20,Sealed
RET0005672,OI00081923,1,2015-10-23,Opened
RET0005673,OI00081966,11,2019-03-12,Sealed
RET0005674,OI00081974,18,2023-05-28,Opened
RET0005675,OI00082012,15,2019-07-11,Opened
RET0005676,OI00082045,13,2019-10-01,Defective
RET0005677,OI00082054,17,2025-01-08,Damaged
RET0005678,OI00082065,12,2021-05-08,Opened
RET0005679,OI00082076,14,2017-10-29,Opened
RET0005680,OI00082099,18,2023-11-19,Opened
RET0005681,OI00082100,5,2023-11-25,Opened
RET0005682,OI00082130,9,2023-02-15,Damaged
RET0005683,OI00082132,4,2023-04-09,Damaged
RET0005684,OI00082137,8,2024-09-03,Sealed
RET0005685,OI00082148,8,2019-05-23,Defective
RET0005686,OI00082170,9,2026-05-09,Defective
RET0005687,OI00082178,7,2018-01-08,Sealed
RET0005688,OI00082183,3,2023-10-02,Defective
RET0005689,OI00082187,17,2024-11-15,Damaged
RET0005690,OI00082192,17,2020-05-06,Defective
RET0005691,OI00082218,7,2016-04-17,Sealed
RET0005692,OI00082238,5,2021-08-05,Opened
RET0005693,OI00082261,14,2022-03-28,Damaged
RET0005694,OI00082274,3,2015-06-08,Sealed
RET0005695,OI00082307,15,2017-11-16,Defective
RET0005696,OI00082313,11,2020-11-26,Damaged
RET0005697,OI00082373,8,2015-10-08,Opened
RET0005698,OI00082399,4,2022-05-14,Opened
RET0005699,OI00082417,5,2023-04-02,Damaged
RET0005700,OI00082434,12,2024-02-07,Defective
RET0005701,OI00082451,11,2025-09-03,Damaged
RET0005702,OI00082457,18,2021-09-07,Damaged
RET0005703,OI00082466,7,2020-10-11,Damaged
RET0005704,OI00082470,1,2020-08-09,Opened
RET0005705,OI00082486,2,2024-05-07,Sealed
RET0005706,OI00082493,6,2019-01-09,Opened
RET0005707,OI00082512,7,2021-07-19,Opened
RET0005708,OI00082521,7,2024-01-21,Defective
RET0005709,OI00082538,13,2017-09-29,Opened
RET0005710,OI00082542,6,2019-03-05,Sealed
RET0005711,OI00082567,9,2023-09-12,Opened
RET0005712,OI00082573,2,2021-08-30,Defective
RET0005713,OI00082585,3,2025-04-17,Opened
RET0005714,OI00082628,15,2023-12-25,Opened
RET0005715,OI00082629,5,2023-12-21,Opened
RET0005716,OI00082633,13,2023-01-13,Damaged
RET0005717,OI00082640,13,2018-06-30,Opened
RET0005718,OI00082646,10,2016-01-16,Opened
RET0005719,OI00082651,16,2017-10-29,Opened
RET0005720,OI00082675,14,2020-12-27,Opened
RET0005721,OI00082697,7,2024-02-26,Opened
RET0005722,OI00082724,6,2024-05-09,Sealed
RET0005723,OI00082736,10,2021-08-28,Defective
RET0005724,OI00082765,4,2017-02-19,Damaged
RET0005725,OI00082786,16,2026-01-03,Sealed
RET0005726,OI00082795,13,2019-05-05,Sealed
RET0005727,OI00082802,18,2022-12-07,Defective
RET0005728,OI00082811,8,2017-09-21,Opened
RET0005729,OI00082824,12,2023-01-16,Opened
RET0005730,OI00082834,17,2025-09-30,Opened
RET0005731,OI00082867,4,2018-03-25,Sealed
RET0005732,OI00082873,18,2026-04-06,Defective
RET0005733,OI00082891,9,2018-01-21,Sealed
RET0005734,OI00082894,7,2018-09-06,Damaged
RET0005735,OI00082905,8,2016-12-02,Defective
RET0005736,OI00082906,4,2018-03-22,Opened
RET0005737,OI00082925,10,2026-05-22,Sealed
RET0005738,OI00082927,15,2025-09-26,Sealed
RET0005739,OI00082953,17,2020-10-15,Sealed
RET0005740,OI00082955,6,2026-07-27,Damaged
RET0005741,OI00082970,12,2023-12-20,Defective
RET0005742,OI00082974,13,2017-08-03,Defective
RET0005743,OI00082976,6,2017-08-01,Opened
RET0005744,OI00083011,12,2022-07-25,Opened
RET0005745,OI00083066,13,2015-05-22,Opened
RET0005746,OI00083093,16,2017-07-18,Damaged
RET0005747,OI00083100,9,2023-05-05,Opened
RET0005748,OI00083108,3,2018-07-13,Opened
RET0005749,OI00083167,11,2020-02-21,Opened
RET0005750,OI00083169,11,2024-07-06,Damaged
RET0005751,OI00083172,6,2016-05-28,Opened
RET0005752,OI00083173,2,2016-05-19,Opened
RET0005753,OI00083200,6,2024-11-11,Defective
RET0005754,OI00083224,12,2022-06-16,Sealed
RET0005755,OI00083240,15,2025-07-20,Sealed
RET0005756,OI00083242,3,2022-01-18,Defective
RET0005757,OI00083254,1,2018-10-30,Damaged
RET0005758,OI00083257,11,2025-05-12,Damaged
RET0005759,OI00083284,10,2015-06-04,Damaged
RET0005760,OI00083290,3,2018-07-27,Defective
RET0005761,OI00083293,8,2022-01-24,Damaged
RET0005762,OI00083297,11,2022-06-28,Opened
RET0005763,OI00083299,17,2022-07-21,Opened
RET0005764,OI00083305,3,2021-06-04,Defective
RET0005765,OI00083312,14,2016-01-18,Sealed
RET0005766,OI00083313,9,2017-07-28,Damaged
RET0005767,OI00083338,10,2023-09-28,Opened
RET0005768,OI00083346,4,2020-10-28,Sealed
RET0005769,OI00083357,3,2019-07-27,Opened
RET0005770,OI00083368,1,2026-04-23,Opened
RET0005771,OI00083384,18,2017-07-20,Damaged
RET0005772,OI00083389,1,2016-02-09,Sealed
RET0005773,OI00083396,8,2019-08-22,Defective
RET0005774,OI00083432,17,2021-08-09,Opened
RET0005775,OI00083437,12,2024-12-11,Damaged
RET0005776,OI00083443,17,2017-04-23,Opened
RET0005777,OI00083444,7,2020-08-02,Damaged
RET0005778,OI00083446,4,2020-07-23,Damaged
RET0005779,OI00083447,12,2017-01-01,Damaged
RET0005780,OI00083499,1,2022-12-24,Opened
RET0005781,OI00083502,14,2016-10-29,Opened
RET0005782,OI00083517,11,2020-09-23,Defective
RET0005783,OI00083524,15,2017-09-29,Defective
RET0005784,OI00083533,18,2020-09-20,Opened
RET0005785,OI00083535,7,2018-12-25,Opened
RET0005786,OI00083584,13,2023-11-01,Sealed
RET0005787,OI00083589,13,2026-02-02,Damaged
RET0005788,OI00083592,15,2016-10-29,Defective
RET0005789,OI00083600,11,2026-04-14,Opened
RET0005790,OI00083634,16,2018-02-09,Opened
RET0005791,OI00083651,14,2018-09-02,Opened
RET0005792,OI00083665,16,2025-06-27,Opened
RET0005793,OI00083710,16,2021-03-02,Sealed
RET0005794,OI00083735,7,2021-04-07,Sealed
RET0005795,OI00083764,7,2023-06-01,Defective
RET0005796,OI00083767,1,2017-11-15,Opened
RET0005797,OI00083780,12,2015-12-13,Sealed
RET0005798,OI00083795,12,2015-04-29,Opened
RET0005799,OI00083809,9,2022-12-07,Opened
RET0005800,OI00083815,4,2017-04-14,Sealed
RET0005801,OI00083821,6,2024-12-13,Damaged
RET0005802,OI00083838,8,2025-01-15,Damaged
RET0005803,OI00083847,5,2020-07-01,Defective
RET0005804,OI00083848,4,2020-07-02,Defective
RET0005805,OI00083859,18,2023-02-26,Defective
RET0005806,OI00083875,11,2025-11-04,Damaged
RET0005807,OI00083876,3,2021-08-23,Opened
RET0005808,OI00083877,12,2021-08-20,Damaged
RET0005809,OI00083892,9,2019-06-01,Defective
RET0005810,OI00083922,3,2021-09-02,Sealed
RET0005811,OI00083926,10,2021-03-18,Defective
RET0005812,OI00083932,3,2018-04-27,Opened
RET0005813,OI00083933,11,2018-04-20,Opened
RET0005814,OI00083935,7,2021-07-06,Opened
RET0005815,OI00083947,1,2016-05-21,Sealed
RET0005816,OI00083954,13,2018-10-25,Sealed
RET0005817,OI00083959,1,2019-08-07,Sealed
RET0005818,OI00083962,15,2024-05-17,Damaged
RET0005819,OI00083974,13,2023-08-17,Sealed
RET0005820,OI00083980,6,2024-03-16,Opened
RET0005821,OI00083981,12,2024-03-20,Opened
RET0005822,OI00084001,14,2021-09-24,Opened
RET0005823,OI00084019,18,2018-11-21,Defective
RET0005824,OI00084028,1,2019-08-15,Opened
RET0005825,OI00084035,14,2017-07-20,Opened
RET0005826,OI00084046,17,2023-09-08,Opened
RET0005827,OI00084047,16,2022-11-09,Damaged
RET0005828,OI00084093,12,2023-09-11,Opened
RET0005829,OI00084114,13,2022-07-27,Opened
RET0005830,OI00084117,7,2021-05-31,Sealed
RET0005831,OI00084124,2,2017-03-23,Damaged
RET0005832,OI00084155,7,2025-02-14,Sealed
RET0005833,OI00084183,13,2025-01-15,Defective
RET0005834,OI00084192,4,2025-06-25,Opened
RET0005835,OI00084215,18,2019-10-20,Sealed
RET0005836,OI00084226,1,2025-08-07,Defective
RET0005837,OI00084233,3,2017-03-28,Opened
RET0005838,OI00084237,13,2021-12-26,Opened
RET0005839,OI00084255,5,2020-05-26,Opened
RET0005840,OI00084259,3,2022-01-12,Opened
RET0005841,OI00084303,8,2019-04-17,Opened
RET0005842,OI00084306,4,2024-02-10,Damaged
RET0005843,OI00084328,2,2022-10-15,Sealed
RET0005844,OI00084344,9,2016-05-01,Sealed
RET0005845,OI00084358,12,2022-02-22,Sealed
RET0005846,OI00084364,15,2018-07-08,Damaged
RET0005847,OI00084373,1,2015-12-20,Damaged
RET0005848,OI00084382,12,2025-01-02,Opened
RET0005849,OI00084390,8,2019-11-01,Defective
RET0005850,OI00084417,15,2023-01-07,Damaged
RET0005851,OI00084419,18,2023-06-13,Damaged
RET0005852,OI00084423,4,2025-01-09,Opened
RET0005853,OI00084425,10,2025-01-15,Defective
RET0005854,OI00084428,9,2025-07-21,Opened
RET0005855,OI00084448,16,2017-01-04,Opened
RET0005856,OI00084460,16,2018-05-06,Defective
RET0005857,OI00084481,12,2019-01-29,Opened
RET0005858,OI00084487,1,2022-03-19,Opened
RET0005859,OI00084520,13,2022-10-16,Opened
RET0005860,OI00084538,4,2023-04-06,Sealed
RET0005861,OI00084546,17,2025-08-17,Damaged
RET0005862,OI00084610,4,2022-04-10,Defective
RET0005863,OI00084624,18,2018-10-21,Damaged
RET0005864,OI00084627,9,2024-05-18,Opened
RET0005865,OI00084638,15,2021-04-11,Sealed
RET0005866,OI00084684,7,2018-10-05,Damaged
RET0005867,OI00084723,9,2025-04-16,Opened
RET0005868,OI00084732,1,2025-09-23,Opened
RET0005869,OI00084759,18,2026-06-23,Damaged
RET0005870,OI00084765,9,2021-12-04,Sealed
RET0005871,OI00084767,14,2017-09-01,Opened
RET0005872,OI00084770,17,2017-09-01,Damaged
RET0005873,OI00084790,15,2018-06-02,Opened
RET0005874,OI00084793,17,2026-04-02,Opened
RET0005875,OI00084798,1,2016-09-20,Sealed
RET0005876,OI00084799,1,2016-09-10,Damaged
RET0005877,OI00084801,2,2016-09-21,Opened
RET0005878,OI00084815,5,2020-08-07,Damaged
RET0005879,OI00084818,14,2017-01-13,Defective
RET0005880,OI00084832,10,2017-05-09,Opened
RET0005881,OI00084842,17,2021-02-09,Opened
RET0005882,OI00084862,1,2023-08-18,Opened
RET0005883,OI00084896,7,2021-06-05,Defective
RET0005884,OI00084925,4,2017-05-14,Defective
RET0005885,OI00084967,11,2018-01-07,Defective
RET0005886,OI00084980,17,2023-04-07,Opened
RET0005887,OI00084986,10,2026-01-11,Sealed
RET0005888,OI00084987,15,2025-09-16,Opened
RET0005889,OI00084992,4,2015-11-05,Opened
RET0005890,OI00084999,8,2016-10-26,Damaged
RET0005891,OI00085008,15,2023-07-15,Sealed
RET0005892,OI00085015,10,2017-10-05,Opened
RET0005893,OI00085069,6,2019-10-30,Damaged
RET0005894,OI00085085,15,2018-12-28,Opened
RET0005895,OI00085095,8,2026-04-09,Opened
RET0005896,OI00085127,13,2017-07-30,Sealed
RET0005897,OI00085142,18,2018-04-28,Opened
RET0005898,OI00085145,14,2019-05-04,Damaged
RET0005899,OI00085206,10,2018-06-24,Opened
RET0005900,OI00085207,10,2018-07-01,Sealed
RET0005901,OI00085209,15,2025-01-15,Damaged
RET0005902,OI00085236,4,2025-02-21,Sealed
RET0005903,OI00085247,16,2026-07-16,Damaged
RET0005904,OI00085277,9,2022-05-08,Opened
RET0005905,OI00085279,2,2025-06-24,Opened
RET0005906,OI00085281,3,2024-10-22,Opened
RET0005907,OI00085299,7,2023-11-13,Opened
RET0005908,OI00085308,6,2024-12-03,Damaged
RET0005909,OI00085309,16,2024-12-03,Damaged
RET0005910,OI00085390,12,2022-09-02,Sealed
RET0005911,OI00085402,3,2020-07-06,Opened
RET0005912,OI00085427,1,2021-07-08,Defective
RET0005913,OI00085459,1,2026-07-23,Sealed
RET0005914,OI00085494,2,2024-03-16,Opened
RET0005915,OI00085495,14,2025-09-20,Opened
RET0005916,OI00085507,6,2024-03-31,Sealed
RET0005917,OI00085519,10,2022-09-19,Defective
RET0005918,OI00085588,11,2018-11-13,Opened
RET0005919,OI00085594,15,2024-12-31,Opened
RET0005920,OI00085601,6,2022-05-28,Defective
RET0005921,OI00085604,13,2024-12-21,Opened
RET0005922,OI00085631,8,2025-11-14,Opened
RET0005923,OI00085634,2,2023-01-23,Sealed
RET0005924,OI00085637,16,2019-12-27,Opened
RET0005925,OI00085686,17,2025-05-17,Damaged
RET0005926,OI00085690,8,2025-05-05,Defective
RET0005927,OI00085703,11,2019-08-15,Opened
RET0005928,OI00085736,3,2017-02-01,Defective
RET0005929,OI00085753,18,2024-12-18,Opened
RET0005930,OI00085778,18,2022-05-15,Defective
RET0005931,OI00085788,5,2025-05-29,Opened
RET0005932,OI00085798,9,2017-08-13,Opened
RET0005933,OI00085804,3,2021-07-14,Sealed
RET0005934,OI00085809,3,2020-08-03,Opened
RET0005935,OI00085810,11,2021-12-20,Opened
RET0005936,OI00085839,17,2018-06-30,Sealed
RET0005937,OI00085841,1,2025-11-26,Damaged
RET0005938,OI00085855,8,2016-07-24,Opened
RET0005939,OI00085860,16,2015-06-16,Damaged
RET0005940,OI00085882,10,2023-01-01,Damaged
RET0005941,OI00085884,17,2023-01-12,Sealed
RET0005942,OI00085889,3,2019-03-15,Opened
RET0005943,OI00085906,6,2017-02-24,Opened
RET0005944,OI00085946,15,2019-11-04,Opened
RET0005945,OI00085983,11,2021-06-14,Sealed
RET0005946,OI00085999,11,2017-08-12,Opened
RET0005947,OI00086009,9,2022-08-23,Opened
RET0005948,OI00086020,5,2024-04-11,Sealed
RET0005949,OI00086024,18,2016-10-14,Opened
RET0005950,OI00086025,4,2016-10-08,Sealed
RET0005951,OI00086029,9,2018-07-08,Opened
RET0005952,OI00086046,2,2015-11-24,Damaged
RET0005953,OI00086059,9,2025-08-17,Opened
RET0005954,OI00086064,7,2017-06-04,Damaged
RET0005955,OI00086092,7,2023-08-23,Damaged
RET0005956,OI00086101,10,2019-10-24,Damaged
RET0005957,OI00086126,10,2019-01-19,Opened
RET0005958,OI00086141,18,2023-01-16,Damaged
RET0005959,OI00086143,8,2023-01-17,Damaged
RET0005960,OI00086146,17,2025-01-25,Defective
RET0005961,OI00086175,2,2015-05-03,Opened
RET0005962,OI00086195,1,2025-11-26,Defective
RET0005963,OI00086199,10,2015-03-01,Sealed
RET0005964,OI00086235,16,2015-02-04,Defective
RET0005965,OI00086241,1,2016-09-20,Sealed
RET0005966,OI00086273,12,2023-11-30,Opened
RET0005967,OI00086288,2,2021-02-02,Defective
RET0005968,OI00086297,12,2021-10-16,Sealed
RET0005969,OI00086324,18,2024-07-15,Opened
RET0005970,OI00086342,10,2024-09-24,Opened
RET0005971,OI00086344,6,2024-09-19,Opened
RET0005972,OI00086356,18,2024-09-12,Sealed
RET0005973,OI00086361,2,2017-12-12,Opened
RET0005974,OI00086376,3,2026-03-25,Opened
RET0005975,OI00086377,3,2026-03-24,Damaged
RET0005976,OI00086381,8,2022-10-29,Opened
RET0005977,OI00086387,8,2019-02-16,Sealed
RET0005978,OI00086394,1,2024-05-15,Defective
RET0005979,OI00086402,2,2016-05-25,Opened
RET0005980,OI00086422,5,2023-08-14,Damaged
RET0005981,OI00086481,18,2021-08-11,Opened
RET0005982,OI00086527,18,2015-05-01,Sealed
RET0005983,OI00086557,17,2021-05-30,Damaged
RET0005984,OI00086574,17,2025-08-29,Damaged
RET0005985,OI00086577,7,2025-07-01,Defective
RET0005986,OI00086581,15,2017-05-06,Defective
RET0005987,OI00086586,11,2019-09-03,Opened
RET0005988,OI00086597,7,2017-02-02,Sealed
RET0005989,OI00086607,7,2022-06-06,Sealed
RET0005990,OI00086612,4,2018-03-21,Sealed
RET0005991,OI00086617,7,2018-08-05,Sealed
RET0005992,OI00086635,16,2018-02-15,Opened
RET0005993,OI00086691,6,2021-11-28,Sealed
RET0005994,OI00086695,3,2022-12-19,Opened
RET0005995,OI00086698,6,2021-11-27,Damaged
RET0005996,OI00086701,4,2019-08-01,Defective
RET0005997,OI00086707,11,2017-09-11,Defective
RET0005998,OI00086711,10,2019-06-16,Sealed
RET0005999,OI00086715,7,2025-03-21,Damaged
RET0006000,OI00086723,12,2020-03-10,Opened
RET0006001,OI00086726,14,2021-09-15,Opened
RET0006002,OI00086761,6,2020-01-28,Opened
RET0006003,OI00086783,18,2016-08-27,Opened
RET0006004,OI00086786,4,2019-04-19,Sealed
RET0006005,OI00086789,10,2016-05-25,Opened
RET0006006,OI00086811,1,2017-07-26,Defective
RET0006007,OI00086821,12,2018-01-06,Defective
RET0006008,OI00086825,18,2026-01-09,Sealed
RET0006009,OI00086832,12,2023-05-03,Defective
RET0006010,OI00086898,9,2019-09-01,Damaged
RET0006011,OI00086914,3,2016-09-30,Opened
RET0006012,OI00086927,6,2024-08-06,Opened
RET0006013,OI00086940,16,2017-03-13,Opened
RET0006014,OI00086945,3,2018-01-16,Sealed
RET0006015,OI00086959,6,2022-05-19,Defective
RET0006016,OI00086975,11,2015-10-25,Sealed
RET0006017,OI00086981,2,2023-07-28,Damaged
RET0006018,OI00087002,1,2025-12-05,Sealed
RET0006019,OI00087026,10,2022-06-17,Defective
RET0006020,OI00087041,18,2019-08-14,Opened
RET0006021,OI00087061,10,2017-08-21,Sealed
RET0006022,OI00087062,10,2025-09-27,Damaged
RET0006023,OI00087073,8,2021-01-05,Damaged
RET0006024,OI00087081,13,2021-02-05,Opened
RET0006025,OI00087084,3,2018-08-27,Opened
RET0006026,OI00087120,8,2015-11-01,Opened
RET0006027,OI00087124,17,2016-11-15,Opened
RET0006028,OI00087150,6,2026-05-12,Damaged
RET0006029,OI00087151,15,2020-03-24,Damaged
RET0006030,OI00087158,7,2019-10-12,Opened
RET0006031,OI00087183,18,2025-01-09,Opened
RET0006032,OI00087186,15,2021-07-18,Sealed
RET0006033,OI00087232,2,2018-05-11,Damaged
RET0006034,OI00087242,7,2026-07-01,Opened
RET0006035,OI00087280,5,2019-10-23,Opened
RET0006036,OI00087291,11,2022-06-18,Opened
RET0006037,OI00087316,6,2026-03-24,Sealed
RET0006038,OI00087375,17,2023-03-24,Opened
RET0006039,OI00087389,2,2018-10-15,Damaged
RET0006040,OI00087398,10,2025-04-02,Opened
RET0006041,OI00087416,14,2018-08-10,Sealed
RET0006042,OI00087425,1,2024-10-28,Defective
RET0006043,OI00087431,8,2020-01-01,Opened
RET0006044,OI00087439,7,2022-03-16,Opened
RET0006045,OI00087457,14,2016-04-12,Opened
RET0006046,OI00087532,7,2021-02-25,Sealed
RET0006047,OI00087539,2,2025-12-06,Sealed
RET0006048,OI00087544,6,2019-05-13,Opened
RET0006049,OI00087578,15,2025-10-11,Opened
RET0006050,OI00087581,5,2018-12-07,Opened
RET0006051,OI00087598,9,2015-02-23,Opened
RET0006052,OI00087603,12,2024-04-01,Sealed
RET0006053,OI00087604,12,2024-03-22,Opened
RET0006054,OI00087610,2,2019-12-24,Opened
RET0006055,OI00087622,16,2018-04-30,Damaged
RET0006056,OI00087660,14,2016-09-21,Opened
RET0006057,OI00087661,14,2016-09-20,Sealed
RET0006058,OI00087692,12,2017-11-29,Damaged
RET0006059,OI00087697,10,2017-04-16,Opened
RET0006060,OI00087703,10,2021-03-04,Sealed
RET0006061,OI00087706,2,2017-03-25,Defective
RET0006062,OI00087725,8,2023-04-18,Opened
RET0006063,OI00087729,2,2015-06-27,Defective
RET0006064,OI00087732,8,2023-06-24,Defective
RET0006065,OI00087740,10,2017-12-14,Sealed
RET0006066,OI00087776,7,2016-07-09,Damaged
RET0006067,OI00087783,9,2025-05-22,Damaged
RET0006068,OI00087791,13,2017-01-25,Sealed
RET0006069,OI00087804,12,2015-11-13,Sealed
RET0006070,OI00087811,3,2026-04-29,Sealed
RET0006071,OI00087834,9,2020-03-28,Opened
RET0006072,OI00087840,7,2021-04-28,Opened
RET0006073,OI00087846,5,2016-08-24,Opened
RET0006074,OI00087849,16,2016-08-27,Defective
RET0006075,OI00087853,11,2022-02-11,Opened
RET0006076,OI00087882,12,2021-05-28,Sealed
RET0006077,OI00087888,2,2017-05-31,Defective
RET0006078,OI00087897,14,2018-11-24,Opened
RET0006079,OI00087899,18,2023-09-12,Opened
RET0006080,OI00087902,10,2021-07-17,Damaged
RET0006081,OI00087913,3,2015-03-04,Sealed
RET0006082,OI00087921,12,2023-06-10,Defective
RET0006083,OI00087925,3,2022-06-06,Sealed
RET0006084,OI00087962,6,2019-08-21,Defective
RET0006085,OI00087972,10,2026-02-16,Opened
RET0006086,OI00087978,1,2025-12-03,Opened
RET0006087,OI00087988,5,2020-06-22,Opened
RET0006088,OI00088009,15,2017-05-11,Sealed
RET0006089,OI00088024,2,2024-06-02,Damaged
RET0006090,OI00088059,9,2019-04-02,Opened
RET0006091,OI00088080,3,2021-06-30,Opened
RET0006092,OI00088084,10,2022-03-29,Opened
RET0006093,OI00088097,1,2023-11-12,Opened
RET0006094,OI00088130,8,2016-09-22,Opened
RET0006095,OI00088135,16,2015-10-27,Defective
RET0006096,OI00088136,7,2020-05-14,Sealed
RET0006097,OI00088143,12,2025-05-31,Opened
RET0006098,OI00088157,12,2017-08-07,Defective
RET0006099,OI00088160,14,2016-10-04,Sealed
RET0006100,OI00088167,16,2021-12-26,Defective
RET0006101,OI00088169,13,2024-03-25,Opened
RET0006102,OI00088191,18,2020-10-24,Opened
RET0006103,OI00088235,3,2026-03-01,Opened
RET0006104,OI00088238,11,2024-04-03,Damaged
RET0006105,OI00088251,18,2019-07-16,Sealed
RET0006106,OI00088259,1,2025-03-24,Opened
RET0006107,OI00088260,10,2016-09-10,Damaged
RET0006108,OI00088270,13,2018-04-13,Sealed
RET0006109,OI00088272,11,2026-03-13,Damaged
RET0006110,OI00088295,5,2017-11-28,Opened
RET0006111,OI00088317,15,2018-08-28,Opened
RET0006112,OI00088326,7,2020-05-02,Opened
RET0006113,OI00088342,14,2016-06-19,Defective
RET0006114,OI00088343,5,2017-10-16,Damaged
RET0006115,OI00088405,14,2020-01-23,Opened
RET0006116,OI00088410,7,2016-12-20,Opened
RET0006117,OI00088415,15,2022-01-20,Sealed
RET0006118,OI00088423,1,2016-02-29,Sealed
RET0006119,OI00088427,9,2024-08-25,Sealed
RET0006120,OI00088428,8,2017-02-07,Defective
RET0006121,OI00088439,4,2017-08-06,Damaged
RET0006122,OI00088447,8,2016-11-11,Defective
RET0006123,OI00088451,1,2026-07-29,Sealed
RET0006124,OI00088463,12,2025-02-16,Opened
RET0006125,OI00088464,3,2016-10-15,Sealed
RET0006126,OI00088466,17,2016-10-15,Defective
RET0006127,OI00088496,8,2016-02-07,Damaged
RET0006128,OI00088503,5,2021-05-14,Opened
RET0006129,OI00088504,12,2023-01-19,Damaged
RET0006130,OI00088516,3,2015-04-01,Opened
RET0006131,OI00088524,12,2017-08-08,Opened
RET0006132,OI00088529,1,2026-03-11,Opened
RET0006133,OI00088534,8,2020-03-04,Damaged
RET0006134,OI00088568,14,2022-09-08,Sealed
RET0006135,OI00088576,13,2023-07-15,Defective
RET0006136,OI00088585,8,2018-04-01,Defective
RET0006137,OI00088595,9,2016-04-08,Damaged
RET0006138,OI00088639,4,2018-09-06,Sealed
RET0006139,OI00088640,7,2023-11-22,Defective
RET0006140,OI00088661,16,2023-04-09,Opened
RET0006141,OI00088671,1,2015-06-10,Damaged
RET0006142,OI00088741,5,2026-03-08,Damaged
RET0006143,OI00088775,9,2026-07-19,Opened
RET0006144,OI00088793,17,2026-08-11,Opened
RET0006145,OI00088801,7,2017-05-24,Sealed
RET0006146,OI00088802,16,2025-09-14,Damaged
RET0006147,OI00088812,7,2018-10-03,Opened
RET0006148,OI00088814,8,2018-10-09,Defective
RET0006149,OI00088842,1,2017-10-01,Opened
RET0006150,OI00088850,4,2016-03-21,Defective
RET0006151,OI00088861,18,2015-07-31,Opened
RET0006152,OI00088865,14,2025-08-02,Damaged
RET0006153,OI00088894,1,2022-02-23,Opened
RET0006154,OI00088919,2,2018-05-28,Opened
RET0006155,OI00088931,1,2020-08-18,Opened
RET0006156,OI00088937,7,2019-03-27,Sealed
RET0006157,OI00088942,13,2017-11-16,Damaged
RET0006158,OI00088953,7,2021-03-05,Opened
RET0006159,OI00088958,8,2016-11-17,Opened
RET0006160,OI00088981,6,2022-11-14,Opened
RET0006161,OI00088993,6,2019-12-03,Defective
RET0006162,OI00089026,9,2026-07-04,Sealed
RET0006163,OI00089080,14,2026-05-20,Opened
RET0006164,OI00089105,5,2024-09-27,Damaged
RET0006165,OI00089154,18,2016-02-05,Opened
RET0006166,OI00089167,8,2022-05-22,Opened
RET0006167,OI00089190,3,2025-07-24,Damaged
RET0006168,OI00089195,2,2016-04-20,Sealed
RET0006169,OI00089198,14,2022-06-15,Opened
RET0006170,OI00089220,6,2025-01-04,Opened
RET0006171,OI00089233,9,2021-10-01,Opened
RET0006172,OI00089234,10,2021-10-07,Opened
RET0006173,OI00089237,9,2026-03-23,Defective
RET0006174,OI00089240,13,2026-03-18,Opened
RET0006175,OI00089253,14,2025-06-20,Opened
RET0006176,OI00089260,17,2019-05-21,Sealed
RET0006177,OI00089264,4,2016-12-18,Defective
RET0006178,OI00089287,3,2019-12-13,Damaged
RET0006179,OI00089289,9,2020-04-22,Sealed
RET0006180,OI00089300,8,2016-02-22,Opened
RET0006181,OI00089305,3,2023-06-06,Sealed
RET0006182,OI00089338,4,2021-08-07,Opened
RET0006183,OI00089339,3,2021-08-14,Defective
RET0006184,OI00089353,3,2026-04-29,Sealed
RET0006185,OI00089372,16,2019-12-10,Opened
RET0006186,OI00089375,4,2019-12-14,Sealed
RET0006187,OI00089430,11,2020-04-11,Sealed
RET0006188,OI00089438,6,2026-01-15,Defective
RET0006189,OI00089443,7,2018-07-28,Sealed
RET0006190,OI00089450,14,2024-01-11,Sealed
RET0006191,OI00089466,18,2020-07-19,Opened
RET0006192,OI00089472,5,2015-10-11,Opened
RET0006193,OI00089481,6,2019-10-03,Damaged
RET0006194,OI00089497,2,2026-03-30,Damaged
RET0006195,OI00089498,18,2026-03-28,Defective
RET0006196,OI00089500,16,2025-03-25,Defective
RET0006197,OI00089509,13,2017-05-08,Defective
RET0006198,OI00089536,2,2023-03-13,Defective
RET0006199,OI00089537,13,2017-01-18,Opened
RET0006200,OI00089613,13,2024-08-11,Opened
RET0006201,OI00089632,12,2026-03-20,Sealed
RET0006202,OI00089668,18,2021-09-17,Damaged
RET0006203,OI00089690,13,2021-05-27,Defective
RET0006204,OI00089693,4,2018-11-10,Sealed
RET0006205,OI00089734,1,2017-06-23,Opened
RET0006206,OI00089763,18,2015-07-09,Defective
RET0006207,OI00089773,1,2020-08-27,Opened
RET0006208,OI00089779,10,2020-03-24,Damaged
RET0006209,OI00089786,11,2018-11-02,Opened
RET0006210,OI00089797,16,2016-05-22,Damaged
RET0006211,OI00089806,11,2025-04-29,Opened
RET0006212,OI00089819,18,2021-09-29,Defective
RET0006213,OI00089854,3,2016-06-03,Opened
RET0006214,OI00089869,11,2025-01-05,Defective
RET0006215,OI00089895,12,2020-11-06,Damaged
RET0006216,OI00089920,14,2019-01-07,Sealed
RET0006217,OI00089933,5,2018-06-17,Opened
RET0006218,OI00089937,5,2024-05-10,Damaged
RET0006219,OI00089959,18,2016-08-16,Opened
RET0006220,OI00089998,5,2021-04-05,Damaged
RET0006221,OI00090016,2,2025-05-12,Defective
RET0006222,OI00090034,11,2016-09-03,Opened
RET0006223,OI00090063,16,2018-03-13,Defective
RET0006224,OI00090068,18,2015-08-02,Opened
RET0006225,OI00090069,11,2023-06-05,Sealed
RET0006226,OI00090077,8,2018-11-11,Sealed
RET0006227,OI00090078,1,2018-10-31,Opened
RET0006228,OI00090095,3,2026-03-19,Opened
RET0006229,OI00090096,4,2026-03-19,Damaged
RET0006230,OI00090115,14,2020-05-05,Damaged
RET0006231,OI00090126,3,2023-08-28,Opened
RET0006232,OI00090128,9,2016-03-22,Defective
RET0006233,OI00090139,8,2015-01-25,Opened
RET0006234,OI00090145,5,2018-10-06,Opened
RET0006235,OI00090156,9,2020-08-10,Damaged
RET0006236,OI00090184,7,2018-04-20,Sealed
RET0006237,OI00090187,1,2023-02-16,Opened
RET0006238,OI00090195,4,2024-03-08,Opened
RET0006239,OI00090200,12,2019-06-05,Damaged
RET0006240,OI00090220,10,2022-03-29,Opened
RET0006241,OI00090232,16,2018-07-04,Opened
RET0006242,OI00090250,15,2016-02-11,Opened
RET0006243,OI00090254,12,2025-05-30,Damaged
RET0006244,OI00090269,1,2024-02-23,Opened
RET0006245,OI00090293,11,2019-04-21,Defective
RET0006246,OI00090296,16,2023-02-19,Sealed
RET0006247,OI00090311,10,2023-07-31,Opened
RET0006248,OI00090312,12,2023-07-27,Sealed
RET0006249,OI00090328,18,2025-02-04,Opened
RET0006250,OI00090337,5,2025-12-07,Damaged
RET0006251,OI00090362,18,2015-09-22,Sealed
RET0006252,OI00090390,6,2016-12-04,Sealed
RET0006253,OI00090410,14,2017-06-18,Sealed
RET0006254,OI00090421,18,2019-02-20,Opened
RET0006255,OI00090423,10,2016-09-07,Opened
RET0006256,OI00090426,2,2021-05-10,Damaged
RET0006257,OI00090427,17,2022-07-25,Opened
RET0006258,OI00090441,3,2024-10-31,Opened
RET0006259,OI00090443,9,2015-09-27,Sealed
RET0006260,OI00090461,4,2020-11-15,Defective
RET0006261,OI00090463,2,2019-05-07,Damaged
RET0006262,OI00090479,5,2016-03-28,Opened
RET0006263,OI00090488,5,2022-05-23,Sealed
RET0006264,OI00090511,9,2024-12-06,Opened
RET0006265,OI00090520,12,2020-04-02,Damaged
RET0006266,OI00090531,5,2023-04-15,Opened
RET0006267,OI00090534,9,2022-08-26,Sealed
RET0006268,OI00090549,6,2024-10-09,Sealed
RET0006269,OI00090554,18,2021-03-19,Defective
RET0006270,OI00090565,12,2025-03-22,Sealed
RET0006271,OI00090568,4,2021-04-05,Damaged
RET0006272,OI00090572,15,2026-04-24,Damaged
RET0006273,OI00090646,3,2017-11-29,Damaged
RET0006274,OI00090673,2,2024-06-26,Opened
RET0006275,OI00090685,14,2019-10-01,Sealed
RET0006276,OI00090689,13,2023-09-03,Sealed
RET0006277,OI00090706,18,2017-08-05,Opened
RET0006278,OI00090729,2,2023-04-28,Opened
RET0006279,OI00090745,6,2025-12-14,Damaged
RET0006280,OI00090777,10,2019-03-29,Opened
RET0006281,OI00090781,5,2026-02-01,Opened
RET0006282,OI00090796,11,2025-03-15,Damaged
RET0006283,OI00090799,1,2020-12-06,Damaged
RET0006284,OI00090810,10,2019-06-20,Opened
RET0006285,OI00090869,6,2022-09-15,Opened
RET0006286,OI00090882,8,2020-05-18,Damaged
RET0006287,OI00090898,11,2022-05-20,Sealed
RET0006288,OI00090902,11,2025-12-06,Opened
RET0006289,OI00090917,13,2020-03-24,Sealed
RET0006290,OI00090918,14,2020-03-15,Sealed
RET0006291,OI00090925,9,2018-02-27,Opened
RET0006292,OI00090945,2,2016-06-19,Damaged
RET0006293,OI00090959,17,2020-03-11,Damaged
RET0006294,OI00090960,9,2017-02-05,Defective
RET0006295,OI00090961,10,2017-02-02,Opened
RET0006296,OI00090964,12,2025-10-26,Sealed
RET0006297,OI00090979,16,2024-12-13,Sealed
RET0006298,OI00090990,5,2026-08-12,Sealed
RET0006299,OI00090996,9,2018-11-29,Damaged
RET0006300,OI00090999,2,2018-04-18,Damaged
RET0006301,OI00091007,17,2025-07-31,Opened
RET0006302,OI00091014,10,2016-08-08,Sealed
RET0006303,OI00091036,13,2023-07-21,Opened
RET0006304,OI00091044,5,2017-10-22,Opened
RET0006305,OI00091097,2,2016-02-19,Opened
RET0006306,OI00091100,2,2015-06-01,Opened
RET0006307,OI00091108,6,2025-06-11,Defective
RET0006308,OI00091112,17,2022-05-17,Defective
RET0006309,OI00091134,1,2026-02-11,Sealed
RET0006310,OI00091136,13,2026-02-14,Sealed
RET0006311,OI00091137,9,2026-02-16,Opened
RET0006312,OI00091147,1,2017-03-08,Opened
RET0006313,OI00091201,4,2022-02-23,Opened
RET0006314,OI00091202,8,2022-09-19,Damaged
RET0006315,OI00091213,1,2015-08-11,Opened
RET0006316,OI00091224,1,2019-05-19,Defective
RET0006317,OI00091229,1,2017-07-12,Damaged
RET0006318,OI00091230,4,2019-02-23,Sealed
RET0006319,OI00091236,6,2020-10-24,Sealed
RET0006320,OI00091245,11,2017-07-22,Defective
RET0006321,OI00091255,12,2019-07-29,Damaged
RET0006322,OI00091269,17,2017-09-06,Sealed
RET0006323,OI00091281,1,2015-05-31,Sealed
RET0006324,OI00091296,8,2023-03-22,Opened
RET0006325,OI00091304,8,2020-05-31,Damaged
RET0006326,OI00091310,16,2015-11-27,Sealed
RET0006327,OI00091329,15,2025-05-09,Sealed
RET0006328,OI00091331,8,2021-02-08,Defective
RET0006329,OI00091347,11,2021-06-24,Damaged
RET0006330,OI00091358,14,2025-03-16,Sealed
RET0006331,OI00091367,12,2021-02-21,Opened
RET0006332,OI00091378,17,2016-05-13,Damaged
RET0006333,OI00091396,6,2026-05-06,Damaged
RET0006334,OI00091401,9,2024-07-21,Opened
RET0006335,OI00091407,15,2018-04-29,Opened
RET0006336,OI00091411,4,2018-06-21,Damaged
RET0006337,OI00091425,1,2016-08-18,Defective
RET0006338,OI00091457,15,2021-11-29,Sealed
RET0006339,OI00091467,7,2021-09-05,Sealed
RET0006340,OI00091470,6,2018-06-28,Opened
RET0006341,OI00091495,2,2017-03-28,Sealed
RET0006342,OI00091497,14,2017-04-08,Opened
RET0006343,OI00091505,12,2023-06-21,Sealed
RET0006344,OI00091552,2,2020-11-22,Opened
RET0006345,OI00091560,17,2019-11-15,Defective
RET0006346,OI00091574,16,2016-07-30,Sealed
RET0006347,OI00091607,18,2024-11-06,Damaged
RET0006348,OI00091611,1,2024-11-13,Opened
RET0006349,OI00091623,15,2019-06-18,Opened
RET0006350,OI00091649,1,2021-02-15,Damaged
RET0006351,OI00091664,14,2020-08-06,Opened
RET0006352,OI00091675,1,2018-01-17,Damaged
RET0006353,OI00091685,3,2017-06-01,Defective
RET0006354,OI00091697,2,2024-08-31,Defective
RET0006355,OI00091706,15,2024-08-16,Defective
RET0006356,OI00091728,12,2017-07-24,Opened
RET0006357,OI00091752,13,2019-11-28,Damaged
RET0006358,OI00091779,4,2019-09-01,Sealed
RET0006359,OI00091793,12,2023-07-05,Sealed
RET0006360,OI00091797,11,2022-07-18,Opened
RET0006361,OI00091801,17,2022-08-19,Damaged
RET0006362,OI00091806,7,2022-09-21,Defective
RET0006363,OI00091842,1,2019-06-01,Opened
RET0006364,OI00091848,5,2022-09-29,Opened
RET0006365,OI00091860,10,2017-11-23,Defective
RET0006366,OI00091880,17,2016-05-08,Damaged
RET0006367,OI00091886,10,2022-12-09,Sealed
RET0006368,OI00091898,6,2020-12-04,Opened
RET0006369,OI00091899,11,2022-09-02,Sealed
RET0006370,OI00091911,3,2022-08-30,Opened
RET0006371,OI00091925,4,2019-05-11,Opened
RET0006372,OI00091927,10,2015-10-19,Opened
RET0006373,OI00091930,8,2018-05-01,Sealed
RET0006374,OI00091933,1,2015-05-09,Damaged
RET0006375,OI00091950,15,2018-12-28,Sealed
RET0006376,OI00091956,11,2017-11-01,Opened
RET0006377,OI00091961,3,2026-02-21,Opened
RET0006378,OI00091962,13,2026-02-23,Sealed
RET0006379,OI00091984,2,2025-06-08,Opened
RET0006380,OI00091986,12,2015-03-18,Damaged
RET0006381,OI00092019,13,2025-08-11,Opened
RET0006382,OI00092082,18,2023-04-12,Damaged
RET0006383,OI00092091,18,2025-12-06,Opened
RET0006384,OI00092097,7,2022-04-23,Opened
RET0006385,OI00092103,14,2016-02-21,Sealed
RET0006386,OI00092104,18,2019-01-23,Sealed
RET0006387,OI00092125,10,2016-03-08,Damaged
RET0006388,OI00092127,13,2022-10-21,Opened
RET0006389,OI00092153,18,2019-07-02,Opened
RET0006390,OI00092204,10,2015-03-10,Damaged
RET0006391,OI00092215,14,2015-10-25,Opened
RET0006392,OI00092218,17,2016-11-16,Opened
RET0006393,OI00092220,17,2024-07-27,Sealed
RET0006394,OI00092277,8,2021-02-08,Opened
RET0006395,OI00092303,17,2018-04-28,Defective
RET0006396,OI00092373,13,2017-12-28,Damaged
RET0006397,OI00092375,2,2017-12-24,Opened
RET0006398,OI00092406,11,2016-09-28,Damaged
RET0006399,OI00092421,2,2015-04-16,Sealed
RET0006400,OI00092432,12,2016-10-09,Damaged
RET0006401,OI00092440,10,2022-08-20,Opened
RET0006402,OI00092449,13,2019-05-11,Damaged
RET0006403,OI00092455,17,2020-02-16,Opened
RET0006404,OI00092459,17,2022-02-05,Opened
RET0006405,OI00092462,18,2023-12-29,Defective
RET0006406,OI00092487,10,2024-05-07,Opened
RET0006407,OI00092493,17,2020-02-02,Defective
RET0006408,OI00092494,3,2019-11-24,Damaged
RET0006409,OI00092521,8,2018-06-18,Sealed
RET0006410,OI00092525,12,2023-10-11,Opened
RET0006411,OI00092528,14,2025-10-02,Damaged
RET0006412,OI00092589,1,2016-06-11,Sealed
RET0006413,OI00092592,12,2017-09-28,Sealed
RET0006414,OI00092603,10,2021-05-14,Opened
RET0006415,OI00092607,14,2026-06-17,Sealed
RET0006416,OI00092609,3,2021-04-12,Opened
RET0006417,OI00092614,17,2020-05-15,Damaged
RET0006418,OI00092628,12,2022-05-31,Defective
RET0006419,OI00092634,17,2015-12-13,Opened
RET0006420,OI00092636,18,2015-12-16,Damaged
RET0006421,OI00092642,10,2025-03-02,Defective
RET0006422,OI00092647,5,2018-12-12,Damaged
RET0006423,OI00092676,2,2017-11-09,Opened
RET0006424,OI00092683,8,2020-07-22,Damaged
RET0006425,OI00092708,10,2017-07-23,Defective
RET0006426,OI00092719,13,2018-03-28,Opened
RET0006427,OI00092728,10,2021-04-14,Opened
RET0006428,OI00092729,7,2016-11-03,Opened
RET0006429,OI00092740,14,2015-03-22,Sealed
RET0006430,OI00092743,14,2022-08-22,Opened
RET0006431,OI00092746,4,2021-03-14,Sealed
RET0006432,OI00092758,15,2021-09-12,Defective
RET0006433,OI00092768,5,2023-09-06,Sealed
RET0006434,OI00092776,4,2024-02-08,Sealed
RET0006435,OI00092778,17,2024-02-07,Opened
RET0006436,OI00092791,2,2024-11-13,Damaged
RET0006437,OI00092792,9,2016-09-17,Sealed
RET0006438,OI00092822,6,2026-06-11,Opened
RET0006439,OI00092830,3,2017-09-05,Opened
RET0006440,OI00092847,7,2019-12-03,Sealed
RET0006441,OI00092890,5,2016-06-02,Defective
RET0006442,OI00092903,6,2019-07-30,Opened
RET0006443,OI00092906,4,2026-01-06,Sealed
RET0006444,OI00092915,7,2017-08-29,Sealed
RET0006445,OI00092935,8,2020-07-25,Sealed
RET0006446,OI00092953,12,2026-06-30,Opened
RET0006447,OI00092963,7,2023-07-04,Sealed
RET0006448,OI00092979,13,2016-06-23,Opened
RET0006449,OI00092992,18,2026-01-08,Opened
RET0006450,OI00093016,1,2015-01-11,Opened
RET0006451,OI00093031,4,2023-11-29,Damaged
RET0006452,OI00093049,4,2024-08-03,Sealed
RET0006453,OI00093056,15,2024-02-19,Sealed
RET0006454,OI00093063,1,2015-11-22,Opened
RET0006455,OI00093076,4,2026-06-19,Opened
RET0006456,OI00093079,4,2025-08-04,Damaged
RET0006457,OI00093082,6,2016-09-07,Defective
RET0006458,OI00093116,3,2023-04-24,Sealed
RET0006459,OI00093152,17,2019-05-14,Opened
RET0006460,OI00093157,5,2015-09-26,Damaged
RET0006461,OI00093161,17,2021-09-12,Sealed
RET0006462,OI00093167,4,2021-12-27,Sealed
RET0006463,OI00093184,3,2021-08-24,Opened
RET0006464,OI00093186,16,2017-05-16,Sealed
RET0006465,OI00093191,16,2017-03-15,Opened
RET0006466,OI00093192,9,2024-07-09,Opened
RET0006467,OI00093208,5,2020-01-04,Opened
RET0006468,OI00093216,18,2020-12-26,Opened
RET0006469,OI00093218,10,2022-02-01,Sealed
RET0006470,OI00093222,5,2025-02-11,Defective
RET0006471,OI00093237,13,2026-08-02,Opened
RET0006472,OI00093238,15,2026-08-02,Damaged
RET0006473,OI00093245,10,2023-06-05,Damaged
RET0006474,OI00093249,17,2023-03-04,Sealed
RET0006475,OI00093289,6,2020-04-27,Opened
RET0006476,OI00093301,18,2016-10-15,Sealed
RET0006477,OI00093302,12,2016-10-20,Sealed
RET0006478,OI00093347,9,2017-01-17,Opened
RET0006479,OI00093359,11,2023-05-11,Defective
RET0006480,OI00093377,18,2026-07-11,Sealed
RET0006481,OI00093379,14,2017-11-18,Opened
RET0006482,OI00093386,15,2024-11-24,Defective
RET0006483,OI00093412,16,2023-03-17,Opened
RET0006484,OI00093424,16,2024-02-24,Damaged
RET0006485,OI00093427,6,2015-07-20,Defective
RET0006486,OI00093439,6,2025-12-15,Opened
RET0006487,OI00093454,10,2025-06-30,Damaged
RET0006488,OI00093457,17,2015-09-30,Opened
RET0006489,OI00093468,5,2019-09-16,Defective
RET0006490,OI00093479,11,2022-11-21,Sealed
RET0006491,OI00093494,8,2022-01-20,Sealed
RET0006492,OI00093495,9,2023-10-10,Defective
RET0006493,OI00093502,15,2026-07-30,Opened
RET0006494,OI00093509,5,2026-01-26,Sealed
RET0006495,OI00093513,14,2021-11-13,Damaged
RET0006496,OI00093524,14,2015-10-13,Opened
RET0006497,OI00093533,10,2015-02-09,Sealed
RET0006498,OI00093542,3,2021-06-08,Sealed
RET0006499,OI00093550,11,2018-06-19,Damaged
RET0006500,OI00093556,7,2015-12-07,Opened
RET0006501,OI00093565,15,2017-07-14,Sealed
RET0006502,OI00093593,15,2020-03-25,Sealed
RET0006503,OI00093602,1,2026-04-25,Damaged
RET0006504,OI00093603,8,2025-08-25,Damaged
RET0006505,OI00093663,6,2016-06-18,Opened
RET0006506,OI00093682,4,2021-08-12,Opened
RET0006507,OI00093721,17,2016-07-16,Damaged
RET0006508,OI00093726,18,2021-07-17,Defective
RET0006509,OI00093744,3,2020-10-24,Opened
RET0006510,OI00093747,10,2021-02-06,Sealed
RET0006511,OI00093749,9,2021-02-05,Sealed
RET0006512,OI00093759,11,2024-03-28,Defective
RET0006513,OI00093763,17,2022-11-24,Damaged
RET0006514,OI00093765,12,2022-11-14,Sealed
RET0006515,OI00093780,6,2025-04-21,Sealed
RET0006516,OI00093822,4,2016-03-11,Opened
RET0006517,OI00093823,13,2020-05-15,Opened
RET0006518,OI00093825,17,2021-04-06,Opened
RET0006519,OI00093834,8,2021-05-14,Opened
RET0006520,OI00093837,5,2025-03-03,Sealed
RET0006521,OI00093840,4,2020-10-01,Damaged
RET0006522,OI00093872,13,2022-11-25,Opened
RET0006523,OI00093875,4,2022-01-06,Opened
RET0006524,OI00093896,3,2024-09-26,Opened
RET0006525,OI00093975,1,2019-12-09,Opened
RET0006526,OI00093993,4,2020-04-02,Opened
RET0006527,OI00093995,15,2024-09-08,Defective
RET0006528,OI00094007,14,2022-04-07,Defective
RET0006529,OI00094013,15,2018-06-21,Damaged
RET0006530,OI00094047,13,2024-05-29,Defective
RET0006531,OI00094058,3,2023-08-21,Opened
RET0006532,OI00094100,13,2020-07-18,Damaged
RET0006533,OI00094113,7,2022-03-20,Sealed
RET0006534,OI00094141,10,2021-04-25,Damaged
RET0006535,OI00094177,18,2026-01-06,Opened
RET0006536,OI00094181,1,2021-06-12,Damaged
RET0006537,OI00094182,5,2022-10-21,Opened
RET0006538,OI00094198,9,2017-03-28,Sealed
RET0006539,OI00094203,8,2020-03-15,Opened
RET0006540,OI00094209,6,2020-06-14,Defective
RET0006541,OI00094212,8,2017-05-11,Defective
RET0006542,OI00094228,7,2023-11-15,Damaged
RET0006543,OI00094230,7,2017-01-12,Damaged
RET0006544,OI00094244,16,2019-06-14,Defective
RET0006545,OI00094253,17,2018-12-15,Opened
RET0006546,OI00094266,15,2017-08-24,Damaged
RET0006547,OI00094270,7,2015-10-30,Opened
RET0006548,OI00094275,6,2023-09-15,Damaged
RET0006549,OI00094287,12,2015-09-09,Damaged
RET0006550,OI00094295,8,2015-05-11,Sealed
RET0006551,OI00094296,9,2015-05-11,Sealed
RET0006552,OI00094308,14,2025-06-30,Opened
RET0006553,OI00094314,15,2017-11-12,Damaged
RET0006554,OI00094323,9,2017-08-06,Defective
RET0006555,OI00094334,10,2017-09-05,Opened
RET0006556,OI00094349,7,2017-08-08,Sealed
RET0006557,OI00094355,11,2020-03-07,Opened
RET0006558,OI00094367,10,2017-06-09,Sealed
RET0006559,OI00094377,6,2018-05-27,Opened
RET0006560,OI00094395,10,2015-03-26,Sealed
RET0006561,OI00094412,11,2024-01-18,Damaged
RET0006562,OI00094417,5,2016-11-14,Defective
RET0006563,OI00094446,8,2019-08-07,Opened
RET0006564,OI00094456,16,2016-08-01,Sealed
RET0006565,OI00094459,13,2016-03-09,Damaged
RET0006566,OI00094466,8,2016-11-15,Sealed
RET0006567,OI00094472,8,2021-07-12,Damaged
RET0006568,OI00094494,9,2019-05-28,Defective
RET0006569,OI00094495,8,2020-11-16,Defective
RET0006570,OI00094542,1,2026-04-04,Opened
RET0006571,OI00094554,4,2024-07-12,Defective
RET0006572,OI00094567,18,2016-05-16,Sealed
RET0006573,OI00094576,11,2019-12-21,Damaged
RET0006574,OI00094578,14,2020-08-27,Opened
RET0006575,OI00094579,16,2023-11-05,Opened
RET0006576,OI00094589,14,2024-11-09,Damaged
RET0006577,OI00094593,17,2017-06-12,Sealed
RET0006578,OI00094606,16,2021-05-07,Defective
RET0006579,OI00094620,8,2016-02-08,Opened
RET0006580,OI00094622,12,2016-07-20,Defective
RET0006581,OI00094631,4,2025-11-02,Opened
RET0006582,OI00094690,17,2022-07-08,Sealed
RET0006583,OI00094708,15,2018-02-03,Damaged
RET0006584,OI00094728,1,2026-04-20,Opened
RET0006585,OI00094749,16,2022-01-29,Opened
RET0006586,OI00094765,16,2015-12-24,Damaged
RET0006587,OI00094779,9,2018-05-01,Defective
RET0006588,OI00094782,13,2016-04-19,Opened
RET0006589,OI00094786,11,2019-07-14,Defective
RET0006590,OI00094790,12,2020-11-25,Opened
RET0006591,OI00094793,17,2025-04-12,Sealed
RET0006592,OI00094834,10,2015-07-07,Opened
RET0006593,OI00094865,10,2015-04-12,Damaged
RET0006594,OI00094899,2,2022-02-14,Sealed
RET0006595,OI00094908,17,2015-11-19,Defective
RET0006596,OI00094923,14,2026-07-18,Damaged
RET0006597,OI00094928,7,2024-09-06,Damaged
RET0006598,OI00094950,4,2019-03-31,Damaged
RET0006599,OI00094959,1,2025-08-01,Sealed
RET0006600,OI00094985,3,2026-06-05,Opened
RET0006601,OI00094994,6,2025-10-22,Damaged
RET0006602,OI00095004,16,2024-08-03,Opened
RET0006603,OI00095011,4,2021-07-08,Sealed
RET0006604,OI00095034,7,2022-08-25,Defective
RET0006605,OI00095057,6,2015-06-16,Sealed
RET0006606,OI00095060,17,2023-08-13,Opened
RET0006607,OI00095079,8,2015-07-09,Sealed
RET0006608,OI00095114,1,2024-01-16,Opened
RET0006609,OI00095132,5,2020-09-12,Opened
RET0006610,OI00095153,3,2026-07-15,Sealed
RET0006611,OI00095156,1,2019-09-16,Defective
RET0006612,OI00095176,2,2019-05-11,Damaged
RET0006613,OI00095212,11,2016-07-14,Damaged
RET0006614,OI00095233,16,2025-02-03,Opened
RET0006615,OI00095247,10,2021-11-18,Defective
RET0006616,OI00095255,10,2017-04-10,Sealed
RET0006617,OI00095256,16,2021-07-27,Damaged
RET0006618,OI00095319,16,2025-09-15,Sealed
RET0006619,OI00095325,11,2020-06-05,Opened
RET0006620,OI00095326,4,2017-08-08,Defective
RET0006621,OI00095330,4,2024-01-18,Opened
RET0006622,OI00095338,3,2016-02-15,Opened
RET0006623,OI00095367,5,2020-04-27,Damaged
RET0006624,OI00095374,5,2021-06-14,Opened
RET0006625,OI00095481,8,2018-09-10,Sealed
RET0006626,OI00095518,16,2018-10-08,Defective
RET0006627,OI00095529,4,2024-03-29,Defective
RET0006628,OI00095541,7,2026-01-14,Damaged
RET0006629,OI00095630,7,2022-07-15,Sealed
RET0006630,OI00095655,5,2015-04-13,Opened
RET0006631,OI00095668,16,2022-04-05,Sealed
RET0006632,OI00095672,12,2018-09-06,Opened
RET0006633,OI00095686,6,2022-12-21,Opened
RET0006634,OI00095699,11,2022-11-19,Sealed
RET0006635,OI00095715,12,2024-07-04,Opened
RET0006636,OI00095732,15,2024-04-14,Sealed
RET0006637,OI00095749,1,2017-09-14,Opened
RET0006638,OI00095796,2,2024-01-15,Defective
RET0006639,OI00095821,3,2018-08-07,Damaged
RET0006640,OI00095833,15,2020-08-20,Sealed
RET0006641,OI00095834,10,2020-08-24,Sealed
RET0006642,OI00095835,10,2020-08-23,Damaged
RET0006643,OI00095884,3,2015-07-27,Opened
RET0006644,OI00095957,14,2022-02-23,Sealed
RET0006645,OI00095966,9,2022-05-08,Damaged
RET0006646,OI00095969,3,2022-12-27,Opened
RET0006647,OI00095971,1,2020-05-27,Defective
RET0006648,OI00095978,8,2020-03-27,Defective
RET0006649,OI00095982,18,2016-06-14,Sealed
RET0006650,OI00096013,8,2019-09-26,Sealed
RET0006651,OI00096029,16,2025-06-05,Opened
RET0006652,OI00096032,6,2016-02-15,Opened
RET0006653,OI00096035,5,2016-01-30,Opened
RET0006654,OI00096046,3,2017-07-10,Damaged
RET0006655,OI00096058,10,2019-09-14,Sealed
RET0006656,OI00096070,3,2017-05-10,Opened
RET0006657,OI00096083,1,2018-08-28,Sealed
RET0006658,OI00096114,13,2017-02-02,Defective
RET0006659,OI00096119,14,2015-08-19,Defective
RET0006660,OI00096125,6,2022-08-09,Opened
RET0006661,OI00096127,7,2015-07-30,Opened
RET0006662,OI00096129,5,2020-08-27,Sealed
RET0006663,OI00096148,6,2023-11-11,Defective
RET0006664,OI00096164,9,2018-11-19,Damaged
RET0006665,OI00096189,6,2015-06-22,Opened
RET0006666,OI00096190,14,2023-11-14,Defective
RET0006667,OI00096198,18,2020-05-04,Sealed
RET0006668,OI00096201,15,2020-01-02,Opened
RET0006669,OI00096207,11,2022-10-24,Damaged
RET0006670,OI00096211,8,2024-05-11,Opened
RET0006671,OI00096222,7,2023-08-24,Opened
RET0006672,OI00096224,17,2015-07-24,Sealed
RET0006673,OI00096283,9,2022-01-15,Defective
RET0006674,OI00096284,6,2024-08-10,Opened
RET0006675,OI00096319,15,2025-01-28,Damaged
RET0006676,OI00096332,8,2019-04-06,Sealed
RET0006677,OI00096379,2,2021-11-29,Opened
RET0006678,OI00096383,13,2017-04-09,Damaged
RET0006679,OI00096389,10,2024-10-02,Sealed
RET0006680,OI00096398,6,2021-05-24,Sealed
RET0006681,OI00096411,12,2024-05-01,Opened
RET0006682,OI00096425,15,2019-10-25,Sealed
RET0006683,OI00096475,7,2020-09-22,Defective
RET0006684,OI00096494,13,2019-04-05,Damaged
RET0006685,OI00096502,9,2017-03-29,Opened
RET0006686,OI00096506,2,2017-02-09,Damaged
RET0006687,OI00096508,10,2021-11-28,Opened
RET0006688,OI00096509,7,2022-11-26,Damaged
RET0006689,OI00096525,1,2016-02-28,Opened
RET0006690,OI00096533,7,2017-11-15,Defective
RET0006691,OI00096549,2,2025-04-08,Opened
RET0006692,OI00096553,17,2020-09-03,Damaged
RET0006693,OI00096561,3,2020-12-25,Opened
RET0006694,OI00096572,18,2015-04-11,Opened
RET0006695,OI00096577,2,2017-02-23,Defective
RET0006696,OI00096604,11,2019-11-14,Defective
RET0006697,OI00096637,12,2018-06-04,Sealed
RET0006698,OI00096650,11,2016-05-06,Opened
RET0006699,OI00096669,9,2018-01-02,Defective
RET0006700,OI00096708,17,2015-06-01,Opened
RET0006701,OI00096720,12,2024-05-03,Opened
RET0006702,OI00096732,11,2021-04-30,Opened
RET0006703,OI00096733,10,2020-05-18,Damaged
RET0006704,OI00096734,15,2019-02-16,Sealed
RET0006705,OI00096751,9,2021-09-27,Defective
RET0006706,OI00096769,8,2021-04-16,Opened
RET0006707,OI00096811,10,2022-11-24,Damaged
RET0006708,OI00096812,11,2025-03-26,Opened
RET0006709,OI00096814,15,2019-02-18,Opened
RET0006710,OI00096836,5,2020-08-17,Damaged
RET0006711,OI00096838,8,2020-08-27,Opened
RET0006712,OI00096845,2,2016-10-12,Opened
RET0006713,OI00096848,1,2024-08-28,Opened
RET0006714,OI00096876,2,2016-09-03,Damaged
RET0006715,OI00096882,1,2015-02-12,Sealed
RET0006716,OI00096885,5,2016-01-31,Opened
RET0006717,OI00096900,12,2020-01-09,Damaged
RET0006718,OI00096939,14,2015-02-06,Damaged
RET0006719,OI00096942,11,2019-10-05,Opened
RET0006720,OI00096949,13,2023-06-10,Defective
RET0006721,OI00096954,11,2025-04-24,Damaged
RET0006722,OI00096975,7,2021-04-12,Sealed
RET0006723,OI00096992,12,2017-12-04,Defective
