EmployeeID,StoreID,EmployeeName,Gender,Department,Designation,Salary,JoiningDate,EmploymentType,Shift,Email,PhoneNumber,IsActive
EMP000001,ST0153,Dominic Prabhu,Male,Inventory,Senior Associate,33124,2017-07-15,Full-Time,Morning,emp000001@retailsphere.com,9162974217,Yes
EMP000002,ST0014,Rayaan Ramachandran,Male,Sales,Associate,23070,2020-03-08,Full-Time,Night,emp000002@retailsphere.com,9421149591,Yes
EMP000003,ST0167,Hamsini Ganguly,Female,Inventory,Associate,25791,2021-08-14,Full-Time,Morning,emp000003@retailsphere.com,9854798320,Yes
EMP000004,ST0176,Hritik Pathak,Male,Inventory,Senior Associate,33303,2013-10-07,Full-Time,Evening,emp000004@retailsphere.com,9460820424,Yes
EMP000005,ST0176,Chakradhar Venkataraman,Male,Sales,Supervisor,59225,2012-03-16,Full-Time,Morning,emp000005@retailsphere.com,9400613443,Yes
EMP000006,ST0173,Kevin Dube,Male,Sales,Associate,31755,2015-09-04,Full-Time,Evening,emp000006@retailsphere.com,9740421545,Yes
EMP000007,ST0098,Samuel Dash,Male,Security,Associate,24039,2025-06-09,Full-Time,Evening,emp000007@retailsphere.com,9566452857,Yes
EMP000008,ST0200,Bhavani Bora,Female,Sales,Supervisor,50248,2016-09-27,Full-Time,Evening,emp000008@retailsphere.com,9348344268,Yes
EMP000009,ST0138,Ishaan Khurana,Male,Sales,Associate,22404,2025-06-04,Full-Time,Evening,emp000009@retailsphere.com,9451547899,Yes
EMP000010,ST0184,Upasna Solanki,Female,Billing,Assistant Manager,79171,2023-09-05,Full-Time,Night,emp000010@retailsphere.com,9824800445,Yes
EMP000011,ST0125,Ikbal Balakrishnan,Male,Inventory,Associate,29437,2025-12-20,Full-Time,Evening,emp000011@retailsphere.com,9914197698,Yes
EMP000012,ST0016,Sara Bahl,Female,Sales,Associate,30542,2011-12-04,Contract,Evening,emp000012@retailsphere.com,9160438981,Yes
EMP000013,ST0199,Thomas Ben,Male,Sales,Assistant Manager,89814,2025-06-18,Full-Time,Evening,emp000013@retailsphere.com,9737514579,Yes
EMP000014,ST0136,Indira Iyer,Female,Sales,Senior Associate,35783,2022-06-05,Full-Time,Morning,emp000014@retailsphere.com,9719220095,No
EMP000015,ST0089,Oviya Banik,Female,Sales,Assistant Manager,70366,2012-04-10,Full-Time,Morning,emp000015@retailsphere.com,9431386808,Yes
EMP000016,ST0180,Daksha Magar,Female,Sales,Senior Associate,40816,2023-10-09,Part-Time,Morning,emp000016@retailsphere.com,9194294651,Yes
EMP000017,ST0161,Diya Aurora,Female,Billing,Associate,30306,2017-02-16,Part-Time,Evening,emp000017@retailsphere.com,9247093407,No
EMP000018,ST0117,Nimrat Arya,Female,Billing,Associate,26246,2022-12-24,Contract,Morning,emp000018@retailsphere.com,9253389206,Yes
EMP000019,ST0084,Kala Nanda,Female,Customer Support,Associate,31361,2017-12-18,Full-Time,Morning,emp000019@retailsphere.com,9760721365,Yes
EMP000020,ST0165,Ekanta Narain,Female,Inventory,Supervisor,60254,2023-09-19,Part-Time,Morning,emp000020@retailsphere.com,9234880173,Yes
EMP000021,ST0027,Abhiram Parsa,Male,HR,Associate,31101,2024-03-21,Full-Time,Morning,emp000021@retailsphere.com,9735139799,Yes
EMP000022,ST0100,Harinakshi Kala,Female,Sales,Associate,29509,2020-05-24,Full-Time,Night,emp000022@retailsphere.com,9802367704,Yes
EMP000023,ST0189,Chandran Parsa,Male,Billing,Associate,29828,2018-04-29,Full-Time,Morning,emp000023@retailsphere.com,9763749765,Yes
EMP000024,ST0072,Liam Kapur,Male,Inventory,Supervisor,47717,2023-10-14,Full-Time,Evening,emp000024@retailsphere.com,9122198501,Yes
EMP000025,ST0064,Upma Dada,Female,Sales,Senior Associate,34738,2015-07-28,Full-Time,Evening,emp000025@retailsphere.com,9586281248,Yes
EMP000026,ST0123,Samarth Chaudry,Male,Billing,Associate,24766,2020-08-10,Full-Time,Evening,emp000026@retailsphere.com,9497876533,Yes
EMP000027,ST0003,Jeet Ganesan,Male,Sales,Assistant Manager,70628,2021-02-05,Full-Time,Morning,emp000027@retailsphere.com,9806282787,Yes
EMP000028,ST0191,Vrinda Bansal,Female,Inventory,Assistant Manager,76664,2025-03-13,Full-Time,Morning,emp000028@retailsphere.com,9482763692,Yes
EMP000029,ST0003,Vincent Singh,Male,Sales,Associate,29020,2012-05-31,Full-Time,Evening,emp000029@retailsphere.com,9312732312,Yes
EMP000030,ST0062,Azad Toor,Male,Sales,Manager,133088,2024-12-23,Full-Time,Morning,emp000030@retailsphere.com,9657983916,Yes
EMP000031,ST0191,Pranit Hayre,Male,Billing,Associate,30995,2026-07-01,Full-Time,Morning,emp000031@retailsphere.com,9827715812,Yes
EMP000032,ST0018,Kabir Bava,Male,Sales,Associate,27738,2026-04-09,Full-Time,Evening,emp000032@retailsphere.com,9298240323,Yes
EMP000033,ST0173,Omaja Sehgal,Female,Sales,Supervisor,53050,2012-05-20,Full-Time,Morning,emp000033@retailsphere.com,9276853952,Yes
EMP000034,ST0106,Ekbal Sahni,Male,Sales,Associate,28163,2018-03-04,Full-Time,Morning,emp000034@retailsphere.com,9911416222,Yes
EMP000035,ST0052,Upasna Bali,Female,Security,Senior Associate,32710,2016-08-10,Part-Time,Night,emp000035@retailsphere.com,9412980519,Yes
EMP000036,ST0185,Fiyaz Chaudhuri,Male,Sales,Associate,27218,2012-07-01,Full-Time,Morning,emp000036@retailsphere.com,9524866293,Yes
EMP000037,ST0150,Sachi Dua,Female,Sales,Associate,25091,2016-09-13,Full-Time,Evening,emp000037@retailsphere.com,9694354960,Yes
EMP000038,ST0118,Nimrat Mahajan,Female,Inventory,Associate,28404,2017-01-08,Full-Time,Morning,emp000038@retailsphere.com,9556506256,Yes
EMP000039,ST0016,Eiravati Bandi,Female,Sales,Supervisor,60358,2026-05-03,Full-Time,Morning,emp000039@retailsphere.com,9649110570,Yes
EMP000040,ST0074,Warda Thaman,Female,Sales,Supervisor,64235,2022-03-27,Contract,Evening,emp000040@retailsphere.com,9130285333,Yes
EMP000041,ST0095,Garima Patil,Female,Sales,Manager,139502,2015-04-06,Full-Time,Night,emp000041@retailsphere.com,9255502220,Yes
EMP000042,ST0012,Damyanti Kothari,Female,Sales,Associate,29686,2017-11-10,Full-Time,Morning,emp000042@retailsphere.com,9711538280,Yes
EMP000043,ST0155,Varenya Subramaniam,Female,Inventory,Associate,29296,2017-05-10,Part-Time,Evening,emp000043@retailsphere.com,9158744723,Yes
EMP000044,ST0074,Ayaan Suresh,Male,Sales,Associate,29145,2022-09-07,Full-Time,Evening,emp000044@retailsphere.com,9925395292,Yes
EMP000045,ST0101,Wazir Bhalla,Male,Sales,Supervisor,48000,2013-01-18,Contract,Morning,emp000045@retailsphere.com,9720547524,Yes
EMP000046,ST0080,Nidhi Agarwal,Female,Sales,Associate,22089,2021-03-10,Full-Time,Morning,emp000046@retailsphere.com,9355074246,Yes
EMP000047,ST0119,Amara Tara,Female,Sales,Senior Associate,35254,2022-12-28,Full-Time,Morning,emp000047@retailsphere.com,9618825802,Yes
EMP000048,ST0148,Jackson Sem,Male,Customer Support,Associate,30832,2023-04-11,Full-Time,Evening,emp000048@retailsphere.com,9132509451,Yes
EMP000049,ST0127,Nathaniel Parmar,Male,Security,Associate,23045,2013-10-23,Full-Time,Night,emp000049@retailsphere.com,9640389250,Yes
EMP000050,ST0028,Abdul Dutta,Male,Sales,Associate,25245,2026-01-04,Full-Time,Evening,emp000050@retailsphere.com,9806226778,Yes
EMP000051,ST0125,Jagrati Merchant,Female,Billing,Supervisor,58152,2014-03-08,Full-Time,Morning,emp000051@retailsphere.com,9709860248,Yes
EMP000052,ST0172,Ekantika Warrior,Female,Inventory,Associate,26897,2023-04-16,Full-Time,Evening,emp000052@retailsphere.com,9607378859,Yes
EMP000053,ST0187,Anmol Nazareth,Male,Billing,Associate,26182,2017-01-25,Contract,Morning,emp000053@retailsphere.com,9763444679,Yes
EMP000054,ST0134,Gaurang Sehgal,Male,Sales,Associate,24768,2013-06-24,Full-Time,Morning,emp000054@retailsphere.com,9746984912,Yes
EMP000055,ST0045,Zinal Korpal,Female,Sales,Senior Associate,34779,2014-12-29,Full-Time,Evening,emp000055@retailsphere.com,9200936791,Yes
EMP000056,ST0129,Karan Rana,Male,Inventory,Assistant Manager,87414,2015-09-20,Full-Time,Evening,emp000056@retailsphere.com,9906921739,Yes
EMP000057,ST0125,Amruta Agarwal,Female,Sales,Supervisor,47230,2023-01-22,Full-Time,Evening,emp000057@retailsphere.com,9822305152,Yes
EMP000058,ST0061,Janani Dugar,Female,Sales,Associate,29974,2017-07-31,Full-Time,Evening,emp000058@retailsphere.com,9792643120,Yes
EMP000059,ST0026,Tanish Ray,Male,Customer Support,Associate,24039,2018-10-08,Full-Time,Night,emp000059@retailsphere.com,9512676576,Yes
EMP000060,ST0042,Wridesh Datta,Male,Sales,Senior Associate,44406,2025-12-31,Full-Time,Morning,emp000060@retailsphere.com,9322031385,Yes
EMP000061,ST0027,Anjali Grewal,Female,Billing,Associate,25735,2019-02-23,Full-Time,Evening,emp000061@retailsphere.com,9701041516,Yes
EMP000062,ST0174,Vrinda Toor,Female,Sales,Associate,25949,2025-12-04,Full-Time,Evening,emp000062@retailsphere.com,9456409844,Yes
EMP000063,ST0021,Neel Sarma,Male,Inventory,Associate,23453,2018-01-23,Full-Time,Morning,emp000063@retailsphere.com,9450506985,No
EMP000064,ST0115,Aarini Kanda,Female,Sales,Associate,31548,2012-01-28,Part-Time,Morning,emp000064@retailsphere.com,9405579582,Yes
EMP000065,ST0171,Akshay Karnik,Male,Customer Support,Associate,24050,2025-03-19,Full-Time,Morning,emp000065@retailsphere.com,9373684983,Yes
EMP000066,ST0111,Ronith Toor,Male,Sales,Associate,25458,2025-06-18,Full-Time,Morning,emp000066@retailsphere.com,9330069583,Yes
EMP000067,ST0098,Sai Dhawan,Female,Sales,Associate,28118,2019-08-10,Full-Time,Evening,emp000067@retailsphere.com,9869640150,Yes
EMP000068,ST0047,Widisha Patel,Female,Billing,Associate,30456,2013-10-15,Full-Time,Morning,emp000068@retailsphere.com,9489585341,Yes
EMP000069,ST0123,Vincent Bail,Male,Inventory,Senior Associate,39880,2012-10-27,Part-Time,Evening,emp000069@retailsphere.com,9512064573,Yes
EMP000070,ST0136,Ryan Kulkarni,Male,Security,Associate,31594,2012-04-13,Full-Time,Night,emp000070@retailsphere.com,9828032790,Yes
EMP000071,ST0146,Ganga Murthy,Female,Sales,Associate,22838,2020-05-20,Full-Time,Morning,emp000071@retailsphere.com,9531158008,Yes
EMP000072,ST0013,Fariq Soman,Male,Customer Support,Associate,27522,2019-07-22,Full-Time,Night,emp000072@retailsphere.com,9364663440,Yes
EMP000073,ST0083,Pratyush Jha,Male,Security,Associate,25930,2019-04-22,Full-Time,Evening,emp000073@retailsphere.com,9672187970,Yes
EMP000074,ST0194,Oscar Raj,Male,Inventory,Senior Associate,40990,2012-06-22,Full-Time,Night,emp000074@retailsphere.com,9678724739,Yes
EMP000075,ST0163,Unni Kalita,Female,Sales,Associate,31684,2012-11-12,Full-Time,Morning,emp000075@retailsphere.com,9952948206,Yes
EMP000076,ST0136,Anya Walla,Female,Sales,Associate,26990,2013-01-15,Full-Time,Night,emp000076@retailsphere.com,9521990844,Yes
EMP000077,ST0200,Yutika Thakur,Female,Billing,Supervisor,47390,2022-02-10,Full-Time,Evening,emp000077@retailsphere.com,9784244685,Yes
EMP000078,ST0121,Wahab Jayaraman,Male,Inventory,Associate,23906,2015-09-16,Full-Time,Morning,emp000078@retailsphere.com,9734448691,Yes
EMP000079,ST0132,Wriddhish Varty,Male,Billing,Manager,117716,2019-06-22,Contract,Night,emp000079@retailsphere.com,9976183524,Yes
EMP000080,ST0090,Varsha Mani,Female,Billing,Associate,23343,2026-06-21,Full-Time,Morning,emp000080@retailsphere.com,9839661131,Yes
EMP000081,ST0146,Varsha Chaudry,Female,HR,Associate,23829,2016-02-25,Full-Time,Night,emp000081@retailsphere.com,9949773427,Yes
EMP000082,ST0031,Zehaan Gopal,Male,Customer Support,Associate,28226,2015-05-30,Full-Time,Morning,emp000082@retailsphere.com,9533831117,Yes
EMP000083,ST0119,Chandresh Verma,Male,Sales,Senior Associate,34471,2026-01-06,Full-Time,Evening,emp000083@retailsphere.com,9515179970,Yes
EMP000084,ST0025,Gagan Patel,Male,Security,Associate,30624,2016-12-11,Full-Time,Morning,emp000084@retailsphere.com,9562506454,Yes
EMP000085,ST0003,Waida Mohan,Female,Customer Support,Associate,27931,2017-02-26,Full-Time,Morning,emp000085@retailsphere.com,9762181337,Yes
EMP000086,ST0109,Noah Chowdhury,Male,Sales,Associate,23713,2015-09-06,Full-Time,Night,emp000086@retailsphere.com,9315839759,Yes
EMP000087,ST0179,Hemal Deshpande,Female,Billing,Associate,25093,2013-04-14,Full-Time,Morning,emp000087@retailsphere.com,9610993359,Yes
EMP000088,ST0003,Nirja Sanghvi,Female,Customer Support,Senior Associate,36567,2017-06-18,Part-Time,Night,emp000088@retailsphere.com,9653769465,Yes
EMP000089,ST0033,Pranav Sinha,Male,Sales,Associate,26127,2015-01-10,Full-Time,Morning,emp000089@retailsphere.com,9543189427,Yes
EMP000090,ST0114,Aahana Ratti,Female,Sales,Associate,25378,2024-12-26,Full-Time,Evening,emp000090@retailsphere.com,9817438403,Yes
EMP000091,ST0130,Niharika Gala,Female,Security,Associate,24815,2018-08-15,Full-Time,Morning,emp000091@retailsphere.com,9997495492,Yes
EMP000092,ST0107,Sachi Bandi,Female,Billing,Associate,30901,2023-07-23,Full-Time,Morning,emp000092@retailsphere.com,9804102515,Yes
EMP000093,ST0099,Ojas Kadakia,Male,HR,Senior Associate,40834,2019-02-07,Full-Time,Night,emp000093@retailsphere.com,9948449270,Yes
EMP000094,ST0153,Hiral Keer,Female,Inventory,Senior Associate,39089,2017-02-08,Part-Time,Evening,emp000094@retailsphere.com,9322790245,Yes
EMP000095,ST0195,Maya Tandon,Female,Sales,Associate,26361,2018-06-12,Full-Time,Morning,emp000095@retailsphere.com,9566443905,Yes
EMP000096,ST0052,Wakeeta Setty,Female,Customer Support,Associate,31973,2024-05-12,Full-Time,Morning,emp000096@retailsphere.com,9227619484,Yes
EMP000097,ST0055,Ryan Gera,Male,Security,Associate,24663,2020-10-06,Part-Time,Morning,emp000097@retailsphere.com,9245178569,Yes
EMP000098,ST0026,Hredhaan Dora,Male,Sales,Associate,23198,2013-06-02,Full-Time,Morning,emp000098@retailsphere.com,9122250925,Yes
EMP000099,ST0175,Max Chaudry,Male,Billing,Associate,22499,2016-09-08,Full-Time,Evening,emp000099@retailsphere.com,9846456090,Yes
EMP000100,ST0174,Bhavna Reddy,Female,Sales,Associate,28656,2020-07-30,Full-Time,Morning,emp000100@retailsphere.com,9858809257,Yes
EMP000101,ST0115,George Khare,Male,Inventory,Associate,24323,2020-04-14,Full-Time,Night,emp000101@retailsphere.com,9984002796,Yes
EMP000102,ST0103,Mitesh Chowdhury,Male,Security,Associate,24714,2021-10-06,Full-Time,Morning,emp000102@retailsphere.com,9146041016,Yes
EMP000103,ST0079,Janya Acharya,Female,Sales,Senior Associate,33892,2023-04-30,Full-Time,Morning,emp000103@retailsphere.com,9367650163,Yes
EMP000104,ST0116,Michael Lala,Male,Billing,Associate,28550,2018-05-02,Full-Time,Morning,emp000104@retailsphere.com,9356615158,Yes
EMP000105,ST0030,Madhav Dar,Male,HR,Senior Associate,37283,2024-04-24,Full-Time,Night,emp000105@retailsphere.com,9850847046,Yes
EMP000106,ST0011,Arin Chaudhari,Male,Inventory,Associate,27340,2015-08-04,Contract,Morning,emp000106@retailsphere.com,9866028825,Yes
EMP000107,ST0191,Qadim Bahri,Male,Sales,Associate,28741,2020-04-04,Part-Time,Night,emp000107@retailsphere.com,9908091615,Yes
EMP000108,ST0063,Isha Pandya,Female,Billing,Supervisor,56964,2023-02-11,Full-Time,Morning,emp000108@retailsphere.com,9727306338,Yes
EMP000109,ST0024,Falguni Dugal,Female,Billing,Associate,24678,2021-06-12,Full-Time,Morning,emp000109@retailsphere.com,9565377739,Yes
EMP000110,ST0142,Anvi Tripathi,Female,Sales,Senior Associate,34553,2023-11-08,Full-Time,Morning,emp000110@retailsphere.com,9958175640,Yes
EMP000111,ST0137,Shravya Bandi,Female,HR,Supervisor,49032,2022-09-10,Full-Time,Evening,emp000111@retailsphere.com,9822176726,Yes
EMP000112,ST0007,Indira Walia,Female,Inventory,Senior Associate,37557,2013-01-14,Full-Time,Night,emp000112@retailsphere.com,9795499203,Yes
EMP000113,ST0080,Faris Yohannan,Male,Billing,Associate,24411,2021-05-09,Full-Time,Evening,emp000113@retailsphere.com,9117314369,Yes
EMP000114,ST0051,Patrick Anand,Male,Sales,Supervisor,53871,2014-09-25,Full-Time,Morning,emp000114@retailsphere.com,9826067168,Yes
EMP000115,ST0051,Chakrika Talwar,Female,Billing,Associate,22678,2018-08-09,Full-Time,Morning,emp000115@retailsphere.com,9836848470,Yes
EMP000116,ST0139,Shaurya Venkatesh,Male,Customer Support,Associate,26120,2022-09-03,Full-Time,Evening,emp000116@retailsphere.com,9753686634,Yes
EMP000117,ST0199,Frado Narasimhan,Male,Sales,Associate,25175,2022-09-23,Full-Time,Evening,emp000117@retailsphere.com,9498785058,Yes
EMP000118,ST0065,Jasmit Thaman,Female,Customer Support,Associate,24612,2019-11-04,Full-Time,Morning,emp000118@retailsphere.com,9116701833,Yes
EMP000119,ST0104,Inaya Grewal,Female,HR,Associate,30211,2025-09-29,Part-Time,Evening,emp000119@retailsphere.com,9166520892,Yes
EMP000120,ST0187,Qabil Wagle,Male,Sales,Associate,22965,2017-09-26,Full-Time,Evening,emp000120@retailsphere.com,9687221548,Yes
EMP000121,ST0086,Ronith Chanda,Male,Security,Supervisor,45351,2014-12-11,Part-Time,Morning,emp000121@retailsphere.com,9838109022,Yes
EMP000122,ST0064,Deepa Chadha,Female,Sales,Associate,22845,2011-12-18,Full-Time,Evening,emp000122@retailsphere.com,9988903911,Yes
EMP000123,ST0161,Leena Bose,Female,Sales,Associate,23449,2014-12-25,Full-Time,Evening,emp000123@retailsphere.com,9665309970,Yes
EMP000124,ST0089,Aadi Shere,Male,Sales,Associate,23177,2022-06-23,Full-Time,Evening,emp000124@retailsphere.com,9792981259,Yes
EMP000125,ST0142,Zarna Srivastava,Female,Billing,Assistant Manager,69631,2011-10-28,Full-Time,Morning,emp000125@retailsphere.com,9474918031,Yes
EMP000126,ST0130,Adweta Loyal,Female,Inventory,Associate,30574,2019-03-04,Contract,Night,emp000126@retailsphere.com,9201213246,Yes
EMP000127,ST0171,Jack Ganesan,Male,Billing,Associate,29752,2016-06-24,Full-Time,Night,emp000127@retailsphere.com,9222334993,Yes
EMP000128,ST0118,Zayan Srivastava,Male,Customer Support,Associate,24461,2026-01-28,Full-Time,Night,emp000128@retailsphere.com,9184467490,Yes
EMP000129,ST0085,Mugdha Rout,Female,Customer Support,Associate,23126,2017-11-17,Full-Time,Evening,emp000129@retailsphere.com,9639158755,Yes
EMP000130,ST0137,Omkaar Dugar,Male,Sales,Associate,29894,2015-04-21,Full-Time,Evening,emp000130@retailsphere.com,9197905827,Yes
EMP000131,ST0048,Champak Iyengar,Male,Sales,Associate,26048,2018-05-12,Full-Time,Evening,emp000131@retailsphere.com,9917252535,Yes
EMP000132,ST0028,Balendra Kota,Male,Sales,Senior Associate,38037,2013-05-26,Full-Time,Morning,emp000132@retailsphere.com,9636112242,Yes
EMP000133,ST0079,Faqid Kohli,Male,Security,Associate,28110,2013-01-24,Full-Time,Evening,emp000133@retailsphere.com,9691925606,Yes
EMP000134,ST0114,Jhalak Borde,Female,Inventory,Assistant Manager,72051,2013-12-29,Full-Time,Morning,emp000134@retailsphere.com,9756338570,Yes
EMP000135,ST0145,Ayaan Din,Male,Sales,Associate,22261,2018-03-25,Contract,Night,emp000135@retailsphere.com,9747707242,Yes
EMP000136,ST0065,Oliver Mukherjee,Male,Sales,Associate,29301,2021-12-27,Full-Time,Evening,emp000136@retailsphere.com,9875670349,Yes
EMP000137,ST0012,Michael Joshi,Male,Inventory,Associate,30363,2017-09-17,Full-Time,Evening,emp000137@retailsphere.com,9507659515,Yes
EMP000138,ST0132,Kabir Peri,Male,Billing,Associate,30048,2018-04-23,Full-Time,Morning,emp000138@retailsphere.com,9881653622,Yes
EMP000139,ST0115,Abha Kanda,Female,Sales,Associate,31667,2015-12-01,Full-Time,Evening,emp000139@retailsphere.com,9936627683,Yes
EMP000140,ST0099,Peter Sathe,Male,Billing,Senior Associate,40012,2011-10-31,Full-Time,Night,emp000140@retailsphere.com,9202708750,Yes
EMP000141,ST0059,Pranit Pau,Male,Sales,Supervisor,57917,2017-02-28,Full-Time,Evening,emp000141@retailsphere.com,9700060904,Yes
EMP000142,ST0132,Aahana Pandit,Female,Sales,Manager,96400,2011-09-05,Full-Time,Morning,emp000142@retailsphere.com,9112116114,Yes
EMP000143,ST0011,Chaitanya Comar,Male,HR,Associate,23001,2015-04-12,Full-Time,Morning,emp000143@retailsphere.com,9942467643,Yes
EMP000144,ST0081,Dipta Dugal,Female,Billing,Associate,23862,2011-08-21,Full-Time,Evening,emp000144@retailsphere.com,9152967974,Yes
EMP000145,ST0172,Kevin Ramakrishnan,Male,Inventory,Associate,27539,2016-07-30,Full-Time,Night,emp000145@retailsphere.com,9116530673,Yes
EMP000146,ST0168,Nathaniel Walia,Male,Sales,Supervisor,48445,2019-11-13,Part-Time,Morning,emp000146@retailsphere.com,9513028329,Yes
EMP000147,ST0023,Ekaja Bajwa,Female,Sales,Associate,22426,2015-08-24,Full-Time,Night,emp000147@retailsphere.com,9500794550,Yes
EMP000148,ST0185,Girindra Ramanathan,Male,Billing,Associate,25809,2024-04-29,Full-Time,Evening,emp000148@retailsphere.com,9246574171,Yes
EMP000149,ST0002,Lopa Shankar,Female,Sales,Associate,30050,2015-03-05,Contract,Morning,emp000149@retailsphere.com,9741685455,Yes
EMP000150,ST0047,Pratyush Wagle,Male,Customer Support,Associate,26802,2013-11-28,Full-Time,Evening,emp000150@retailsphere.com,9614753100,Yes
EMP000151,ST0177,Anita Bandi,Female,Sales,Associate,27094,2019-09-23,Full-Time,Evening,emp000151@retailsphere.com,9388485145,Yes
EMP000152,ST0182,Anamika Prashad,Female,Sales,Supervisor,61276,2012-11-20,Contract,Evening,emp000152@retailsphere.com,9833761246,Yes
EMP000153,ST0196,Raghav Borah,Male,Sales,Associate,22907,2021-02-05,Full-Time,Evening,emp000153@retailsphere.com,9704918983,Yes
EMP000154,ST0042,Gaurangi Thakkar,Female,Billing,Supervisor,46923,2015-03-04,Full-Time,Night,emp000154@retailsphere.com,9681989536,Yes
EMP000155,ST0067,Hiral Hegde,Female,Billing,Associate,31827,2025-01-30,Full-Time,Evening,emp000155@retailsphere.com,9202131947,Yes
EMP000156,ST0054,Madhav Bhattacharyya,Male,Sales,Associate,27414,2013-07-14,Full-Time,Night,emp000156@retailsphere.com,9330605867,Yes
EMP000157,ST0154,Harini Varughese,Female,Customer Support,Associate,26649,2019-08-09,Part-Time,Evening,emp000157@retailsphere.com,9200091153,Yes
EMP000158,ST0123,Pranav Narayan,Male,Customer Support,Associate,31521,2024-04-16,Full-Time,Night,emp000158@retailsphere.com,9644196585,Yes
EMP000159,ST0096,Jalsa Sane,Female,Security,Associate,23486,2017-12-01,Full-Time,Evening,emp000159@retailsphere.com,9111397382,Yes
EMP000160,ST0053,Shravya Shroff,Female,Sales,Supervisor,51038,2023-04-20,Full-Time,Morning,emp000160@retailsphere.com,9468373341,Yes
EMP000161,ST0061,Umang Bhat,Male,Sales,Associate,25283,2026-07-08,Full-Time,Morning,emp000161@retailsphere.com,9317230310,No
EMP000162,ST0013,Ranveer Shanker,Male,Sales,Associate,24148,2017-03-06,Full-Time,Morning,emp000162@retailsphere.com,9315436507,Yes
EMP000163,ST0041,Brinda Loyal,Female,Billing,Supervisor,47545,2022-12-14,Full-Time,Evening,emp000163@retailsphere.com,9771239143,Yes
EMP000164,ST0044,Saksham Ganesh,Male,HR,Associate,22025,2016-02-18,Full-Time,Morning,emp000164@retailsphere.com,9783523065,Yes
EMP000165,ST0022,Maanas Tara,Male,Customer Support,Senior Associate,40424,2016-03-10,Full-Time,Night,emp000165@retailsphere.com,9637905507,Yes
EMP000166,ST0120,Neel Ben,Male,Sales,Senior Associate,37419,2020-06-12,Full-Time,Evening,emp000166@retailsphere.com,9158004128,Yes
EMP000167,ST0189,Waida Pingle,Female,Sales,Associate,30752,2023-09-15,Full-Time,Evening,emp000167@retailsphere.com,9946584966,Yes
EMP000168,ST0191,Nidhi Gade,Female,Billing,Associate,25293,2025-09-24,Full-Time,Evening,emp000168@retailsphere.com,9251406347,Yes
EMP000169,ST0019,Vinaya Dewan,Female,Sales,Senior Associate,42243,2012-12-31,Full-Time,Morning,emp000169@retailsphere.com,9794265246,Yes
EMP000170,ST0139,Nitesh Sahni,Male,Sales,Associate,29547,2017-07-06,Contract,Evening,emp000170@retailsphere.com,9907015185,Yes
EMP000171,ST0068,Eesha Murty,Female,Sales,Associate,27967,2014-07-14,Full-Time,Night,emp000171@retailsphere.com,9895311904,Yes
EMP000172,ST0113,Sudiksha Chahal,Female,Sales,Associate,26258,2019-09-06,Full-Time,Evening,emp000172@retailsphere.com,9517155418,Yes
EMP000173,ST0085,Ekani Hora,Female,Sales,Senior Associate,42689,2018-07-29,Full-Time,Morning,emp000173@retailsphere.com,9557983369,Yes
EMP000174,ST0140,Oviya Seshadri,Female,Customer Support,Supervisor,47742,2013-05-17,Full-Time,Evening,emp000174@retailsphere.com,9585427190,Yes
EMP000175,ST0098,Avi Puri,Male,Inventory,Associate,26232,2025-11-23,Full-Time,Evening,emp000175@retailsphere.com,9980165243,Yes
EMP000176,ST0113,Aarav Sagar,Male,Sales,Associate,23383,2022-11-07,Full-Time,Evening,emp000176@retailsphere.com,9669033967,Yes
EMP000177,ST0067,Dakshesh Peri,Male,Security,Associate,27166,2024-04-24,Full-Time,Evening,emp000177@retailsphere.com,9136485964,Yes
EMP000178,ST0138,Vansha Sane,Female,Sales,Associate,28857,2024-07-20,Full-Time,Evening,emp000178@retailsphere.com,9388325354,Yes
EMP000179,ST0091,Watika Mahal,Female,Sales,Supervisor,52747,2021-06-08,Full-Time,Night,emp000179@retailsphere.com,9723592895,Yes
EMP000180,ST0005,Patrick Lal,Male,Billing,Associate,23397,2020-06-16,Full-Time,Morning,emp000180@retailsphere.com,9668725999,Yes
EMP000181,ST0150,Lohit Mittal,Male,Security,Senior Associate,36717,2022-06-21,Full-Time,Night,emp000181@retailsphere.com,9474230082,Yes
EMP000182,ST0077,Ojasvi Manda,Female,Billing,Associate,24278,2018-02-14,Full-Time,Morning,emp000182@retailsphere.com,9457705877,Yes
EMP000183,ST0144,Jagdish Toor,Male,Billing,Senior Associate,33319,2026-07-18,Full-Time,Morning,emp000183@retailsphere.com,9284047609,Yes
EMP000184,ST0196,Watika Wason,Female,Security,Associate,31507,2012-11-11,Full-Time,Evening,emp000184@retailsphere.com,9409717439,Yes
EMP000185,ST0158,Onkar Soni,Male,Billing,Supervisor,60625,2019-06-11,Full-Time,Evening,emp000185@retailsphere.com,9567638038,Yes
EMP000186,ST0092,Riya Bawa,Female,Inventory,Associate,22110,2022-12-17,Full-Time,Evening,emp000186@retailsphere.com,9428064533,Yes
EMP000187,ST0023,Radhika Khanna,Female,Inventory,Associate,22356,2014-12-13,Full-Time,Morning,emp000187@retailsphere.com,9332406734,Yes
EMP000188,ST0040,Widisha Yogi,Female,Inventory,Supervisor,64936,2014-07-02,Part-Time,Evening,emp000188@retailsphere.com,9381180871,Yes
EMP000189,ST0010,Kabir Sunder,Male,Billing,Associate,25626,2023-03-04,Full-Time,Night,emp000189@retailsphere.com,9742734076,Yes
EMP000190,ST0113,Sanaya Krish,Female,Security,Supervisor,48709,2013-05-10,Full-Time,Morning,emp000190@retailsphere.com,9575232461,Yes
EMP000191,ST0145,Bhavini Kanda,Female,Inventory,Manager,138002,2021-01-10,Full-Time,Morning,emp000191@retailsphere.com,9799383172,Yes
EMP000192,ST0064,Ekta Chakraborty,Female,Sales,Associate,27512,2022-06-03,Full-Time,Evening,emp000192@retailsphere.com,9644295669,Yes
EMP000193,ST0152,Ekalinga Sunder,Male,Inventory,Associate,25723,2024-03-05,Full-Time,Morning,emp000193@retailsphere.com,9400914903,Yes
EMP000194,ST0084,Januja Mahal,Female,Sales,Associate,28404,2014-11-27,Full-Time,Morning,emp000194@retailsphere.com,9563216298,Yes
EMP000195,ST0200,Gunbir D’Alia,Male,Sales,Manager,101339,2016-01-15,Full-Time,Evening,emp000195@retailsphere.com,9429838521,Yes
EMP000196,ST0130,Chatura Nadkarni,Male,HR,Associate,26475,2017-06-21,Full-Time,Morning,emp000196@retailsphere.com,9916271203,Yes
EMP000197,ST0023,Tamanna Ramesh,Female,Inventory,Associate,28882,2023-05-28,Full-Time,Morning,emp000197@retailsphere.com,9773303171,Yes
EMP000198,ST0084,Gunbir Yohannan,Male,Security,Associate,31827,2020-11-27,Part-Time,Morning,emp000198@retailsphere.com,9728927831,Yes
EMP000199,ST0149,Girindra Oza,Male,HR,Associate,29307,2021-12-24,Full-Time,Morning,emp000199@retailsphere.com,9830531561,Yes
EMP000200,ST0079,Finn Sachdeva,Male,Sales,Associate,22678,2023-01-07,Full-Time,Evening,emp000200@retailsphere.com,9986987868,Yes
EMP000201,ST0022,Balvan Saini,Male,Inventory,Manager,123602,2021-03-02,Full-Time,Evening,emp000201@retailsphere.com,9839126023,Yes
EMP000202,ST0109,Avni Dubey,Female,Sales,Supervisor,58538,2018-12-11,Full-Time,Morning,emp000202@retailsphere.com,9215014932,Yes
EMP000203,ST0008,Nirja Behl,Female,Security,Senior Associate,40512,2012-06-27,Full-Time,Evening,emp000203@retailsphere.com,9518923231,Yes
EMP000204,ST0080,Ikshita Nagar,Female,Sales,Assistant Manager,71343,2021-06-18,Full-Time,Evening,emp000204@retailsphere.com,9491269051,Yes
EMP000205,ST0175,Devansh Chahal,Male,Billing,Associate,30565,2019-04-03,Full-Time,Morning,emp000205@retailsphere.com,9124745139,Yes
EMP000206,ST0058,Ishanvi More,Female,Inventory,Associate,29412,2019-04-04,Full-Time,Morning,emp000206@retailsphere.com,9203411130,Yes
EMP000207,ST0091,Yachana Gupta,Female,Billing,Associate,27245,2020-12-07,Full-Time,Night,emp000207@retailsphere.com,9148168491,Yes
EMP000208,ST0101,Lakshit Kibe,Male,Inventory,Associate,25377,2012-10-29,Full-Time,Night,emp000208@retailsphere.com,9398327861,Yes
EMP000209,ST0159,Laban Ratti,Male,Security,Associate,26900,2013-12-25,Full-Time,Morning,emp000209@retailsphere.com,9266393406,Yes
EMP000210,ST0083,Pallavi Natarajan,Female,HR,Supervisor,51371,2023-08-17,Full-Time,Night,emp000210@retailsphere.com,9311478782,Yes
EMP000211,ST0131,Andrew Saha,Male,Sales,Associate,23704,2017-01-22,Full-Time,Morning,emp000211@retailsphere.com,9869666460,Yes
EMP000212,ST0003,Gabriel Thaker,Male,Sales,Associate,24515,2023-05-26,Contract,Morning,emp000212@retailsphere.com,9932624555,Yes
EMP000213,ST0129,Christopher Wadhwa,Male,Inventory,Manager,136491,2026-06-07,Full-Time,Evening,emp000213@retailsphere.com,9620949039,Yes
EMP000214,ST0011,Reyansh Loyal,Male,Sales,Associate,22286,2019-08-07,Full-Time,Evening,emp000214@retailsphere.com,9362775415,Yes
EMP000215,ST0048,Mitali Sen,Female,Billing,Associate,25134,2017-02-06,Full-Time,Morning,emp000215@retailsphere.com,9878156923,Yes
EMP000216,ST0047,Damini Kale,Female,Sales,Associate,31611,2018-09-29,Full-Time,Evening,emp000216@retailsphere.com,9298874401,Yes
EMP000217,ST0160,Aachal Shukla,Female,Sales,Associate,29102,2021-07-21,Full-Time,Evening,emp000217@retailsphere.com,9760948001,Yes
EMP000218,ST0059,Jalsa Mittal,Female,Security,Associate,30038,2024-07-06,Full-Time,Evening,emp000218@retailsphere.com,9983058685,Yes
EMP000219,ST0149,Hemani Chandra,Female,Inventory,Associate,25375,2017-10-22,Full-Time,Evening,emp000219@retailsphere.com,9840994311,Yes
EMP000220,ST0200,Yashvi Dani,Female,Security,Associate,25096,2023-08-30,Full-Time,Evening,emp000220@retailsphere.com,9855930490,Yes
EMP000221,ST0112,Avni Gulati,Female,Billing,Associate,30035,2017-08-22,Full-Time,Evening,emp000221@retailsphere.com,9179635918,Yes
EMP000222,ST0083,Nidra Vaidya,Female,Inventory,Associate,31717,2017-10-27,Full-Time,Evening,emp000222@retailsphere.com,9376669412,Yes
EMP000223,ST0002,Mugdha Nadkarni,Female,Sales,Assistant Manager,70581,2025-02-23,Full-Time,Morning,emp000223@retailsphere.com,9435171640,Yes
EMP000224,ST0092,Dominic Patla,Male,Sales,Associate,23700,2013-01-30,Full-Time,Morning,emp000224@retailsphere.com,9399915579,Yes
EMP000225,ST0150,Anirudh Misra,Male,Billing,Associate,30748,2011-10-01,Full-Time,Evening,emp000225@retailsphere.com,9458840811,Yes
EMP000226,ST0128,Oliver Chatterjee,Male,Sales,Senior Associate,40122,2024-01-04,Full-Time,Night,emp000226@retailsphere.com,9483622432,Yes
EMP000227,ST0032,Bhanumati Tara,Female,Customer Support,Supervisor,55776,2020-10-24,Full-Time,Evening,emp000227@retailsphere.com,9352373044,Yes
EMP000228,ST0050,Bhanumati Taneja,Female,Inventory,Assistant Manager,73636,2022-09-09,Contract,Night,emp000228@retailsphere.com,9434367400,Yes
EMP000229,ST0160,Ishaan Kadakia,Male,Sales,Associate,24688,2012-08-10,Full-Time,Night,emp000229@retailsphere.com,9714808839,Yes
EMP000230,ST0008,Karan Bhandari,Male,Billing,Associate,25279,2012-08-11,Full-Time,Morning,emp000230@retailsphere.com,9233011727,Yes
EMP000231,ST0026,Watika Joshi,Female,Security,Associate,29230,2020-06-10,Full-Time,Evening,emp000231@retailsphere.com,9508364286,Yes
EMP000232,ST0143,Ati Sha,Female,HR,Supervisor,57166,2012-03-15,Full-Time,Morning,emp000232@retailsphere.com,9431570203,Yes
EMP000233,ST0033,Amruta Bose,Female,Customer Support,Supervisor,64904,2020-11-10,Full-Time,Evening,emp000233@retailsphere.com,9832128942,Yes
EMP000234,ST0195,Prisha Hans,Female,Sales,Supervisor,59711,2013-11-12,Full-Time,Morning,emp000234@retailsphere.com,9889978410,Yes
EMP000235,ST0115,Pallavi Kala,Female,Billing,Senior Associate,40958,2017-08-31,Full-Time,Evening,emp000235@retailsphere.com,9913604720,Yes
EMP000236,ST0187,Arunima Karnik,Female,Sales,Senior Associate,32582,2019-06-01,Contract,Morning,emp000236@retailsphere.com,9753592464,Yes
EMP000237,ST0097,Chandani Bahl,Female,Billing,Senior Associate,35463,2015-04-23,Full-Time,Morning,emp000237@retailsphere.com,9554512213,Yes
EMP000238,ST0063,Shivani Krishna,Female,Billing,Supervisor,52113,2017-10-27,Full-Time,Night,emp000238@retailsphere.com,9607590626,Yes
EMP000239,ST0109,Vaishnavi Goel,Female,Sales,Associate,26410,2025-02-21,Full-Time,Morning,emp000239@retailsphere.com,9293414382,Yes
EMP000240,ST0004,Hemangini Grover,Female,Billing,Senior Associate,36059,2012-10-13,Full-Time,Evening,emp000240@retailsphere.com,9600098711,Yes
EMP000241,ST0095,Udyati Saran,Female,Customer Support,Associate,27684,2019-06-19,Part-Time,Morning,emp000241@retailsphere.com,9423487062,Yes
EMP000242,ST0026,Advaith Sangha,Male,Billing,Supervisor,50439,2011-12-24,Full-Time,Evening,emp000242@retailsphere.com,9731982633,Yes
EMP000243,ST0031,Keya Panchal,Female,Customer Support,Associate,22557,2020-08-06,Full-Time,Evening,emp000243@retailsphere.com,9913769321,Yes
EMP000244,ST0032,Ekani Issac,Female,Security,Associate,30484,2025-10-15,Full-Time,Evening,emp000244@retailsphere.com,9159305219,Yes
EMP000245,ST0025,Vasudha Mammen,Female,Billing,Associate,25234,2023-02-18,Full-Time,Morning,emp000245@retailsphere.com,9393684214,Yes
EMP000246,ST0038,Kabir Chatterjee,Male,Billing,Senior Associate,38223,2017-05-06,Full-Time,Evening,emp000246@retailsphere.com,9683609153,Yes
EMP000247,ST0020,Watika Salvi,Female,Inventory,Associate,24506,2014-07-29,Full-Time,Morning,emp000247@retailsphere.com,9591966951,Yes
EMP000248,ST0168,Ojas Kumar,Male,Sales,Associate,30629,2019-11-05,Part-Time,Evening,emp000248@retailsphere.com,9698870748,Yes
EMP000249,ST0177,Gavin Parikh,Male,Sales,Associate,30564,2020-12-26,Full-Time,Morning,emp000249@retailsphere.com,9731204038,Yes
EMP000250,ST0076,Yug Shan,Male,Inventory,Associate,27384,2022-02-21,Full-Time,Morning,emp000250@retailsphere.com,9525175947,Yes
EMP000251,ST0066,Chandran Kala,Male,Customer Support,Associate,27647,2024-06-24,Contract,Morning,emp000251@retailsphere.com,9816767570,Yes
EMP000252,ST0076,Eta Shenoy,Female,Customer Support,Assistant Manager,81652,2013-03-17,Full-Time,Evening,emp000252@retailsphere.com,9700269862,Yes
EMP000253,ST0142,Yuvraj Dixit,Male,Sales,Associate,27536,2023-11-24,Full-Time,Night,emp000253@retailsphere.com,9994986813,Yes
EMP000254,ST0177,Gaurav Wadhwa,Male,Billing,Associate,24003,2016-06-08,Full-Time,Evening,emp000254@retailsphere.com,9560028046,Yes
EMP000255,ST0044,Ojasvi Bajwa,Female,Inventory,Associate,24239,2012-01-05,Full-Time,Evening,emp000255@retailsphere.com,9111434409,Yes
EMP000256,ST0013,Zehaan Nath,Male,Sales,Associate,30875,2026-04-22,Full-Time,Morning,emp000256@retailsphere.com,9449761583,Yes
EMP000257,ST0067,Faras Bhat,Male,Inventory,Associate,28799,2021-08-27,Full-Time,Morning,emp000257@retailsphere.com,9480604540,Yes
EMP000258,ST0143,Nakul Gour,Male,Security,Associate,30790,2012-03-15,Full-Time,Morning,emp000258@retailsphere.com,9546904855,Yes
EMP000259,ST0085,Jeet Dey,Male,Security,Senior Associate,32896,2012-08-01,Full-Time,Evening,emp000259@retailsphere.com,9513365690,Yes
EMP000260,ST0060,Eshana Kumar,Female,Inventory,Associate,22074,2016-11-14,Full-Time,Morning,emp000260@retailsphere.com,9874771760,Yes
EMP000261,ST0087,Nitesh Bala,Male,Customer Support,Associate,22494,2024-09-27,Full-Time,Morning,emp000261@retailsphere.com,9914239724,Yes
EMP000262,ST0147,Qabil Barad,Male,Inventory,Associate,30202,2017-11-18,Full-Time,Night,emp000262@retailsphere.com,9548964960,Yes
EMP000263,ST0143,Netra Apte,Female,Sales,Senior Associate,39619,2015-03-31,Full-Time,Evening,emp000263@retailsphere.com,9608801290,Yes
EMP000264,ST0116,Onkar Datta,Male,Customer Support,Assistant Manager,65888,2017-10-09,Full-Time,Night,emp000264@retailsphere.com,9455797536,Yes
EMP000265,ST0010,Kamala Bakshi,Female,Security,Associate,25788,2014-08-03,Full-Time,Morning,emp000265@retailsphere.com,9158536828,Yes
EMP000266,ST0010,Dipta Kota,Female,Sales,Senior Associate,44401,2013-07-19,Full-Time,Evening,emp000266@retailsphere.com,9921904457,Yes
EMP000267,ST0099,Jagat Shere,Male,Sales,Associate,25248,2016-06-28,Full-Time,Morning,emp000267@retailsphere.com,9832178938,Yes
EMP000268,ST0173,Ekalinga Khatri,Male,Billing,Associate,22386,2016-01-22,Full-Time,Evening,emp000268@retailsphere.com,9137013641,Yes
EMP000269,ST0120,Isaac Mani,Male,Inventory,Associate,29726,2021-05-19,Full-Time,Morning,emp000269@retailsphere.com,9968818630,Yes
EMP000270,ST0162,Nitara Morar,Female,Sales,Senior Associate,44120,2019-09-30,Full-Time,Evening,emp000270@retailsphere.com,9466073106,Yes
EMP000271,ST0167,Sanaya Dass,Female,Sales,Supervisor,54282,2025-05-09,Full-Time,Morning,emp000271@retailsphere.com,9289466855,Yes
EMP000272,ST0066,Harsh Nair,Male,Sales,Associate,23600,2020-03-09,Full-Time,Evening,emp000272@retailsphere.com,9978821647,Yes
EMP000273,ST0086,Arin Manda,Male,Sales,Assistant Manager,75509,2020-12-29,Full-Time,Morning,emp000273@retailsphere.com,9956462543,Yes
EMP000274,ST0049,Isaiah Behl,Male,Customer Support,Senior Associate,40198,2023-01-22,Part-Time,Morning,emp000274@retailsphere.com,9299820892,Yes
EMP000275,ST0159,Girik Comar,Male,Billing,Associate,22201,2016-01-10,Full-Time,Morning,emp000275@retailsphere.com,9993382401,Yes
EMP000276,ST0033,Tanish Narasimhan,Male,Billing,Senior Associate,38891,2016-01-04,Part-Time,Morning,emp000276@retailsphere.com,9639593833,Yes
EMP000277,ST0141,Tristan Badami,Male,Sales,Associate,25929,2026-01-27,Full-Time,Morning,emp000277@retailsphere.com,9892635521,Yes
EMP000278,ST0125,Darsh Minhas,Male,Inventory,Supervisor,51984,2020-12-17,Full-Time,Morning,emp000278@retailsphere.com,9368573926,Yes
EMP000279,ST0154,Ati Cheema,Female,HR,Associate,23197,2021-07-09,Contract,Evening,emp000279@retailsphere.com,9329678626,Yes
EMP000280,ST0038,Ucchal Bhalla,Female,Security,Associate,24343,2017-12-21,Full-Time,Evening,emp000280@retailsphere.com,9589336094,Yes
EMP000281,ST0128,Bhavya Tripathi,Female,Sales,Associate,26527,2017-12-13,Full-Time,Morning,emp000281@retailsphere.com,9339712083,Yes
EMP000282,ST0134,Advika Dugar,Female,HR,Manager,137527,2023-07-17,Full-Time,Morning,emp000282@retailsphere.com,9147300278,Yes
EMP000283,ST0181,Ladli Barman,Female,Sales,Manager,115080,2013-01-04,Full-Time,Evening,emp000283@retailsphere.com,9372988201,Yes
EMP000284,ST0182,Yatin Saxena,Male,HR,Associate,31634,2013-07-18,Full-Time,Night,emp000284@retailsphere.com,9529584856,Yes
EMP000285,ST0114,Chaitanya Gupta,Male,Inventory,Senior Associate,40373,2020-04-20,Part-Time,Evening,emp000285@retailsphere.com,9933300304,Yes
EMP000286,ST0160,Gopal Salvi,Male,Sales,Associate,23500,2016-05-17,Full-Time,Morning,emp000286@retailsphere.com,9400045268,Yes
EMP000287,ST0159,Maanav Om,Male,Sales,Associate,27053,2016-07-22,Full-Time,Morning,emp000287@retailsphere.com,9415310173,Yes
EMP000288,ST0054,Guneet Din,Male,Sales,Associate,28996,2012-06-20,Full-Time,Morning,emp000288@retailsphere.com,9108798540,Yes
EMP000289,ST0136,Dipta Balasubramanian,Female,Customer Support,Senior Associate,33516,2026-01-27,Full-Time,Evening,emp000289@retailsphere.com,9993097597,Yes
EMP000290,ST0091,Nachiket Sengupta,Male,Customer Support,Associate,30551,2023-06-20,Full-Time,Night,emp000290@retailsphere.com,9508248549,Yes
EMP000291,ST0129,Lekha Murthy,Female,Sales,Associate,30170,2017-07-25,Contract,Morning,emp000291@retailsphere.com,9662637250,Yes
EMP000292,ST0135,Vincent Khalsa,Male,Billing,Associate,29612,2021-11-21,Full-Time,Morning,emp000292@retailsphere.com,9129322032,Yes
EMP000293,ST0184,Urmi Muni,Female,Inventory,Associate,31074,2026-05-28,Full-Time,Morning,emp000293@retailsphere.com,9585712896,Yes
EMP000294,ST0103,Laban Barad,Male,Customer Support,Associate,29606,2012-04-14,Full-Time,Evening,emp000294@retailsphere.com,9311458064,Yes
EMP000295,ST0185,Girindra Singhal,Male,Security,Associate,25803,2012-12-19,Full-Time,Morning,emp000295@retailsphere.com,9782981886,Yes
EMP000296,ST0045,Madhavi Balakrishnan,Female,Inventory,Associate,24288,2015-03-25,Contract,Evening,emp000296@retailsphere.com,9880939898,Yes
EMP000297,ST0166,Tristan Viswanathan,Male,Sales,Supervisor,49300,2025-03-30,Full-Time,Morning,emp000297@retailsphere.com,9319919819,Yes
EMP000298,ST0034,Tanay Nigam,Male,Customer Support,Associate,23231,2015-04-25,Full-Time,Morning,emp000298@retailsphere.com,9572706727,Yes
EMP000299,ST0168,Dhriti Dugal,Female,Sales,Assistant Manager,77399,2014-10-14,Full-Time,Night,emp000299@retailsphere.com,9222140490,Yes
EMP000300,ST0182,Jonathan Vig,Male,Sales,Senior Associate,36289,2026-03-13,Full-Time,Morning,emp000300@retailsphere.com,9150882785,Yes
EMP000301,ST0105,Raagini Sodhi,Female,Sales,Associate,30047,2013-07-05,Full-Time,Morning,emp000301@retailsphere.com,9550221507,Yes
EMP000302,ST0011,Ekanta Majumdar,Female,Sales,Associate,25051,2012-11-17,Full-Time,Night,emp000302@retailsphere.com,9265518070,Yes
EMP000303,ST0148,Vasana Thaman,Female,Billing,Associate,27999,2026-07-25,Part-Time,Evening,emp000303@retailsphere.com,9486247290,Yes
EMP000304,ST0045,Charan Choudhury,Male,Security,Senior Associate,40125,2012-09-17,Full-Time,Night,emp000304@retailsphere.com,9695010549,Yes
EMP000305,ST0014,Jeevika Brar,Female,Sales,Supervisor,58957,2018-05-14,Full-Time,Morning,emp000305@retailsphere.com,9286358989,Yes
EMP000306,ST0107,Aadhya Zachariah,Female,Sales,Associate,29464,2011-09-20,Full-Time,Morning,emp000306@retailsphere.com,9901633813,Yes
EMP000307,ST0111,Azaan Ben,Male,Sales,Assistant Manager,76309,2012-12-10,Full-Time,Morning,emp000307@retailsphere.com,9729414197,Yes
EMP000308,ST0078,Bishakha Vig,Female,HR,Associate,29943,2018-02-09,Full-Time,Evening,emp000308@retailsphere.com,9593432800,Yes
EMP000309,ST0112,Jai Khatri,Male,Billing,Associate,26273,2022-06-15,Full-Time,Evening,emp000309@retailsphere.com,9624140983,Yes
EMP000310,ST0054,Rajeshri Nazareth,Female,Inventory,Associate,27584,2015-03-02,Full-Time,Morning,emp000310@retailsphere.com,9414141830,Yes
EMP000311,ST0083,Peter Bose,Male,Billing,Senior Associate,33923,2021-02-26,Part-Time,Evening,emp000311@retailsphere.com,9202189349,Yes
EMP000312,ST0155,Veda Kadakia,Female,Sales,Associate,29680,2018-05-23,Full-Time,Morning,emp000312@retailsphere.com,9545979746,Yes
EMP000313,ST0086,Faqid Aggarwal,Male,Sales,Supervisor,57068,2015-06-12,Full-Time,Morning,emp000313@retailsphere.com,9941575851,Yes
EMP000314,ST0041,Daniel Grover,Male,Billing,Associate,26896,2023-02-16,Full-Time,Morning,emp000314@retailsphere.com,9912334179,Yes
EMP000315,ST0016,Girik Barad,Male,Billing,Senior Associate,34614,2016-10-11,Full-Time,Night,emp000315@retailsphere.com,9281362493,Yes
EMP000316,ST0056,Jagdish Mangat,Male,Sales,Supervisor,64218,2015-09-29,Part-Time,Morning,emp000316@retailsphere.com,9926147592,Yes
EMP000317,ST0167,Leela Kade,Female,Sales,Associate,30802,2019-08-06,Full-Time,Evening,emp000317@retailsphere.com,9695674926,Yes
EMP000318,ST0159,Abeer Sehgal,Male,Sales,Manager,102202,2024-08-14,Full-Time,Evening,emp000318@retailsphere.com,9671494323,Yes
EMP000319,ST0188,Dominic Aggarwal,Male,Sales,Supervisor,50212,2016-03-21,Full-Time,Evening,emp000319@retailsphere.com,9865814559,Yes
EMP000320,ST0193,Charvi Mutti,Female,Inventory,Associate,24504,2024-03-14,Part-Time,Morning,emp000320@retailsphere.com,9252939144,Yes
EMP000321,ST0117,Max Kota,Male,Customer Support,Associate,26893,2023-03-13,Full-Time,Morning,emp000321@retailsphere.com,9919009380,Yes
EMP000322,ST0148,Kiaan Roy,Male,Billing,Associate,30311,2012-10-23,Full-Time,Evening,emp000322@retailsphere.com,9174247218,Yes
EMP000323,ST0161,Jason Bhasin,Male,Billing,Associate,23542,2025-10-29,Full-Time,Morning,emp000323@retailsphere.com,9279491556,Yes
EMP000324,ST0084,Ganga Munshi,Female,Billing,Manager,94974,2018-11-13,Full-Time,Evening,emp000324@retailsphere.com,9855776901,Yes
EMP000325,ST0143,Chakradev Rai,Male,Sales,Senior Associate,41458,2012-04-22,Full-Time,Morning,emp000325@retailsphere.com,9419723846,Yes
EMP000326,ST0155,Samuel Sanghvi,Male,Billing,Senior Associate,39805,2014-11-23,Full-Time,Night,emp000326@retailsphere.com,9287506049,Yes
EMP000327,ST0015,Vasana Bhatt,Female,Sales,Supervisor,48634,2017-05-03,Full-Time,Evening,emp000327@retailsphere.com,9708240279,Yes
EMP000328,ST0044,Wyatt Gola,Male,Billing,Senior Associate,34771,2014-07-03,Full-Time,Evening,emp000328@retailsphere.com,9563501389,Yes
EMP000329,ST0011,Girish Kothari,Male,Inventory,Associate,30492,2023-02-16,Full-Time,Evening,emp000329@retailsphere.com,9522202022,Yes
EMP000330,ST0130,Tanvi Rastogi,Female,Sales,Supervisor,64372,2022-06-26,Full-Time,Evening,emp000330@retailsphere.com,9464025687,Yes
EMP000331,ST0154,Tristan Desai,Male,Billing,Associate,27210,2018-03-16,Full-Time,Morning,emp000331@retailsphere.com,9525976322,Yes
EMP000332,ST0122,Tamanna Goda,Female,Inventory,Supervisor,45783,2015-07-03,Full-Time,Evening,emp000332@retailsphere.com,9256417001,Yes
EMP000333,ST0020,Yug Jani,Male,Billing,Associate,25475,2019-04-23,Full-Time,Morning,emp000333@retailsphere.com,9840582271,Yes
EMP000334,ST0003,Jacob Sane,Male,Sales,Senior Associate,39203,2024-10-27,Full-Time,Night,emp000334@retailsphere.com,9955900851,Yes
EMP000335,ST0045,Xavier Mittal,Male,Sales,Associate,31645,2020-03-09,Full-Time,Morning,emp000335@retailsphere.com,9835135540,No
EMP000336,ST0078,Azad Sankar,Male,Inventory,Associate,25203,2015-02-12,Part-Time,Evening,emp000336@retailsphere.com,9753310895,Yes
EMP000337,ST0041,Januja Sani,Female,Sales,Supervisor,52104,2014-07-21,Full-Time,Evening,emp000337@retailsphere.com,9869878471,Yes
EMP000338,ST0144,Gautam Kade,Male,Sales,Associate,31220,2016-08-29,Full-Time,Morning,emp000338@retailsphere.com,9824980823,Yes
EMP000339,ST0128,Tejas Biswas,Male,Inventory,Associate,27405,2018-05-28,Full-Time,Evening,emp000339@retailsphere.com,9964060200,Yes
EMP000340,ST0174,Ria Narain,Female,Sales,Senior Associate,40122,2016-12-02,Full-Time,Evening,emp000340@retailsphere.com,9466155310,Yes
EMP000341,ST0095,Atharv Bhavsar,Male,Security,Senior Associate,34684,2022-09-15,Part-Time,Evening,emp000341@retailsphere.com,9808226852,Yes
EMP000342,ST0193,Dev Singh,Male,Customer Support,Supervisor,57496,2025-01-10,Full-Time,Morning,emp000342@retailsphere.com,9213374571,Yes
EMP000343,ST0111,Guneet Das,Male,Billing,Supervisor,52469,2025-11-20,Full-Time,Morning,emp000343@retailsphere.com,9797782487,Yes
EMP000344,ST0103,Chameli Jain,Female,Sales,Associate,24876,2026-02-14,Full-Time,Morning,emp000344@retailsphere.com,9108515397,Yes
EMP000345,ST0121,Radha Chhabra,Female,Sales,Supervisor,61983,2013-06-21,Full-Time,Morning,emp000345@retailsphere.com,9994430809,Yes
EMP000346,ST0029,Shaurya Ramakrishnan,Male,HR,Associate,28903,2023-08-08,Part-Time,Night,emp000346@retailsphere.com,9793964654,Yes
EMP000347,ST0068,Darsh Panchal,Male,Sales,Associate,29560,2022-12-18,Full-Time,Morning,emp000347@retailsphere.com,9205180692,Yes
EMP000348,ST0085,Abdul Natarajan,Male,Inventory,Associate,28540,2016-09-02,Full-Time,Evening,emp000348@retailsphere.com,9120162537,Yes
EMP000349,ST0172,Rachit Peri,Male,Sales,Associate,24463,2017-11-13,Full-Time,Night,emp000349@retailsphere.com,9268183829,Yes
EMP000350,ST0060,Devika Yogi,Female,Sales,Associate,22759,2021-07-11,Full-Time,Evening,emp000350@retailsphere.com,9497303764,Yes
EMP000351,ST0106,Aryan Mann,Male,Security,Associate,24096,2017-08-14,Full-Time,Evening,emp000351@retailsphere.com,9888929084,Yes
EMP000352,ST0120,Pooja Prakash,Female,HR,Senior Associate,41319,2022-08-04,Part-Time,Morning,emp000352@retailsphere.com,9896442472,Yes
EMP000353,ST0043,Chaitanya Parmar,Male,Sales,Associate,25852,2024-09-26,Full-Time,Morning,emp000353@retailsphere.com,9220066895,Yes
EMP000354,ST0042,Rehaan Kamdar,Male,Billing,Associate,22061,2025-01-23,Full-Time,Night,emp000354@retailsphere.com,9663437486,Yes
EMP000355,ST0002,Nisha Som,Female,Inventory,Associate,26345,2015-09-03,Full-Time,Morning,emp000355@retailsphere.com,9364801806,Yes
EMP000356,ST0182,Varsha Sibal,Female,Billing,Associate,22304,2021-03-14,Part-Time,Evening,emp000356@retailsphere.com,9429927689,Yes
EMP000357,ST0134,Patrick Lad,Male,Inventory,Associate,26618,2022-06-29,Full-Time,Evening,emp000357@retailsphere.com,9820512057,Yes
EMP000358,ST0053,Isaiah Lad,Male,Billing,Associate,27826,2019-03-22,Full-Time,Morning,emp000358@retailsphere.com,9511091010,Yes
EMP000359,ST0197,Mitali Morar,Female,Sales,Supervisor,47522,2011-09-21,Full-Time,Evening,emp000359@retailsphere.com,9537422073,Yes
EMP000360,ST0161,Lucky Magar,Male,Inventory,Supervisor,56467,2026-05-24,Full-Time,Morning,emp000360@retailsphere.com,9851558375,Yes
EMP000361,ST0063,Panini Bhargava,Female,Inventory,Associate,23162,2019-10-10,Full-Time,Evening,emp000361@retailsphere.com,9673834417,Yes
EMP000362,ST0154,Dayita Mukhopadhyay,Female,Security,Manager,107757,2021-09-13,Full-Time,Evening,emp000362@retailsphere.com,9730189601,Yes
EMP000363,ST0048,Garima Arora,Female,Customer Support,Associate,25007,2017-06-16,Full-Time,Morning,emp000363@retailsphere.com,9365977440,Yes
EMP000364,ST0101,Elijah Tiwari,Male,Sales,Associate,26401,2012-01-24,Part-Time,Morning,emp000364@retailsphere.com,9578005819,Yes
EMP000365,ST0007,Pavani Virk,Female,Inventory,Associate,27550,2015-07-01,Full-Time,Morning,emp000365@retailsphere.com,9541512911,Yes
EMP000366,ST0189,Anthony Sankar,Male,Customer Support,Associate,28428,2019-06-17,Full-Time,Evening,emp000366@retailsphere.com,9403819244,Yes
EMP000367,ST0016,Falan Chakrabarti,Male,Sales,Associate,31951,2026-06-25,Full-Time,Morning,emp000367@retailsphere.com,9460085108,Yes
EMP000368,ST0094,Leena Saini,Female,Billing,Associate,24946,2011-12-02,Full-Time,Evening,emp000368@retailsphere.com,9962856609,Yes
EMP000369,ST0011,Joshua Soni,Male,Security,Senior Associate,41139,2018-09-18,Full-Time,Evening,emp000369@retailsphere.com,9619005204,Yes
EMP000370,ST0198,Wishi Bajwa,Female,Inventory,Associate,24024,2024-02-29,Full-Time,Evening,emp000370@retailsphere.com,9992170733,Yes
EMP000371,ST0046,Sarthak Upadhyay,Male,Billing,Associate,27097,2023-10-25,Full-Time,Evening,emp000371@retailsphere.com,9113069086,Yes
EMP000372,ST0075,Peter Natt,Male,Customer Support,Senior Associate,41200,2021-08-26,Full-Time,Evening,emp000372@retailsphere.com,9703050673,Yes
EMP000373,ST0016,Radhika Yogi,Female,Security,Associate,31222,2025-02-14,Full-Time,Evening,emp000373@retailsphere.com,9773498515,Yes
EMP000374,ST0057,Gauri Toor,Female,Security,Senior Associate,32542,2018-07-22,Contract,Morning,emp000374@retailsphere.com,9672200961,Yes
EMP000375,ST0014,Jack Deshmukh,Male,Inventory,Associate,27223,2014-05-06,Full-Time,Evening,emp000375@retailsphere.com,9391276714,Yes
EMP000376,ST0180,Onveer Anand,Male,Sales,Associate,31975,2013-01-02,Full-Time,Morning,emp000376@retailsphere.com,9241982404,Yes
EMP000377,ST0098,Bishakha Brahmbhatt,Female,Inventory,Senior Associate,37168,2025-05-04,Full-Time,Morning,emp000377@retailsphere.com,9917991224,Yes
EMP000378,ST0006,Max Mann,Male,HR,Associate,24543,2024-08-18,Full-Time,Morning,emp000378@retailsphere.com,9830423855,Yes
EMP000379,ST0174,Rajeshri Cherian,Female,Inventory,Associate,27765,2021-06-10,Full-Time,Morning,emp000379@retailsphere.com,9529939791,Yes
EMP000380,ST0156,Ayushman Merchant,Male,Customer Support,Associate,24417,2014-10-02,Full-Time,Morning,emp000380@retailsphere.com,9989874576,Yes
EMP000381,ST0060,Sathvik Pant,Male,Billing,Supervisor,49811,2012-09-29,Part-Time,Morning,emp000381@retailsphere.com,9710142567,Yes
EMP000382,ST0105,Ishani Kaul,Female,Sales,Supervisor,64505,2021-07-30,Full-Time,Morning,emp000382@retailsphere.com,9302229073,Yes
EMP000383,ST0184,Bahadurjit Biswas,Male,Security,Associate,30144,2025-04-28,Full-Time,Evening,emp000383@retailsphere.com,9792485652,Yes
EMP000384,ST0039,Amol Soman,Male,Customer Support,Associate,26073,2019-08-23,Full-Time,Evening,emp000384@retailsphere.com,9752854908,Yes
EMP000385,ST0106,Om Bera,Male,Billing,Supervisor,55500,2020-05-24,Full-Time,Morning,emp000385@retailsphere.com,9902525514,Yes
EMP000386,ST0005,Aradhana Sem,Female,Billing,Associate,25802,2021-12-13,Full-Time,Morning,emp000386@retailsphere.com,9524672699,Yes
EMP000387,ST0067,Farhan Parekh,Male,Sales,Associate,29589,2023-01-09,Full-Time,Morning,emp000387@retailsphere.com,9689928513,Yes
EMP000388,ST0025,Qabil Kumar,Male,Sales,Supervisor,63427,2016-07-31,Full-Time,Evening,emp000388@retailsphere.com,9675731641,Yes
EMP000389,ST0104,Wridesh Parsa,Male,Sales,Senior Associate,40784,2013-02-16,Full-Time,Evening,emp000389@retailsphere.com,9195483352,Yes
EMP000390,ST0034,Umang Konda,Male,Security,Senior Associate,41768,2016-04-05,Contract,Evening,emp000390@retailsphere.com,9332599549,Yes
EMP000391,ST0044,Chameli Wagle,Female,Sales,Associate,22733,2022-05-13,Part-Time,Evening,emp000391@retailsphere.com,9624278080,Yes
EMP000392,ST0055,Rachita Manne,Female,Sales,Associate,22025,2012-10-05,Full-Time,Morning,emp000392@retailsphere.com,9485383706,Yes
EMP000393,ST0054,Yahvi Nair,Female,Sales,Associate,31665,2023-09-07,Full-Time,Morning,emp000393@retailsphere.com,9391228240,Yes
EMP000394,ST0140,Wahab Tank,Male,Security,Supervisor,61357,2017-08-25,Full-Time,Evening,emp000394@retailsphere.com,9378773755,Yes
EMP000395,ST0167,Eesha Bhalla,Female,Sales,Associate,24381,2017-05-07,Full-Time,Evening,emp000395@retailsphere.com,9816165685,Yes
EMP000396,ST0127,Anusha Prasad,Female,Inventory,Associate,22213,2023-09-05,Full-Time,Evening,emp000396@retailsphere.com,9600318875,Yes
EMP000397,ST0197,Vrinda Prasad,Female,Sales,Supervisor,50296,2026-05-09,Full-Time,Evening,emp000397@retailsphere.com,9654395252,Yes
EMP000398,ST0196,Rajeshri Yadav,Female,Sales,Supervisor,62379,2014-06-16,Full-Time,Morning,emp000398@retailsphere.com,9560920199,Yes
EMP000399,ST0011,Frado Khare,Male,Sales,Supervisor,61771,2011-11-08,Full-Time,Morning,emp000399@retailsphere.com,9460979249,Yes
EMP000400,ST0078,Guneet Biswas,Male,Inventory,Supervisor,52759,2013-12-27,Full-Time,Evening,emp000400@retailsphere.com,9547734920,Yes
EMP000401,ST0073,Faraj Uppal,Male,HR,Associate,24813,2012-10-23,Full-Time,Evening,emp000401@retailsphere.com,9941830315,Yes
EMP000402,ST0129,Devansh Deshmukh,Male,Security,Senior Associate,37276,2020-04-15,Full-Time,Night,emp000402@retailsphere.com,9438637710,Yes
EMP000403,ST0087,Veda Narayan,Female,Sales,Supervisor,54207,2020-04-29,Full-Time,Evening,emp000403@retailsphere.com,9282144423,Yes
EMP000404,ST0151,Ayaan Issac,Male,Sales,Associate,24819,2024-05-06,Full-Time,Morning,emp000404@retailsphere.com,9713097355,Yes
EMP000405,ST0100,Ekta Dara,Female,Inventory,Senior Associate,41915,2022-04-16,Full-Time,Morning,emp000405@retailsphere.com,9667867683,Yes
EMP000406,ST0025,Onkar Peri,Male,Sales,Associate,23935,2022-12-08,Part-Time,Morning,emp000406@retailsphere.com,9174253864,Yes
EMP000407,ST0116,Nicholas Atwal,Male,Sales,Supervisor,52392,2012-01-08,Full-Time,Morning,emp000407@retailsphere.com,9883909758,Yes
EMP000408,ST0127,Falak Mann,Female,Billing,Assistant Manager,65057,2016-09-09,Full-Time,Morning,emp000408@retailsphere.com,9423696437,Yes
EMP000409,ST0058,Pratyush Banik,Male,Inventory,Senior Associate,33626,2020-02-20,Full-Time,Morning,emp000409@retailsphere.com,9665237882,Yes
EMP000410,ST0173,Harshil Loke,Male,Sales,Associate,27580,2012-12-12,Full-Time,Morning,emp000410@retailsphere.com,9166468928,Yes
EMP000411,ST0057,Ayushman Shroff,Male,Sales,Associate,30195,2015-10-09,Full-Time,Evening,emp000411@retailsphere.com,9646499858,Yes
EMP000412,ST0067,Qasim Dhar,Male,Sales,Senior Associate,32741,2012-02-15,Full-Time,Night,emp000412@retailsphere.com,9344342214,Yes
EMP000413,ST0147,Pratyush Yogi,Male,Security,Associate,23932,2023-06-08,Full-Time,Morning,emp000413@retailsphere.com,9696362539,Yes
EMP000414,ST0177,Yashica Sha,Female,Security,Senior Associate,34275,2012-11-03,Part-Time,Evening,emp000414@retailsphere.com,9726319944,Yes
EMP000415,ST0161,Ekta Bedi,Female,Billing,Supervisor,47112,2025-07-19,Full-Time,Morning,emp000415@retailsphere.com,9246787409,Yes
EMP000416,ST0071,Barkha Sathe,Female,Sales,Senior Associate,37582,2026-02-08,Full-Time,Evening,emp000416@retailsphere.com,9821593253,Yes
EMP000417,ST0078,Yahvi Korpal,Female,Billing,Supervisor,64833,2025-01-28,Full-Time,Morning,emp000417@retailsphere.com,9417262960,Yes
EMP000418,ST0011,Aashi Yadav,Female,Sales,Senior Associate,42469,2017-03-30,Contract,Night,emp000418@retailsphere.com,9811408532,Yes
EMP000419,ST0178,Girindra Singh,Male,Customer Support,Associate,29221,2012-10-04,Full-Time,Evening,emp000419@retailsphere.com,9144875612,Yes
EMP000420,ST0161,Harini Wason,Female,Sales,Associate,26421,2021-10-02,Full-Time,Evening,emp000420@retailsphere.com,9323101987,Yes
EMP000421,ST0013,George Bains,Male,Sales,Associate,24202,2026-01-01,Full-Time,Evening,emp000421@retailsphere.com,9593434520,Yes
EMP000422,ST0069,Daniel Deshpande,Male,Sales,Senior Associate,39892,2023-12-16,Full-Time,Morning,emp000422@retailsphere.com,9316065921,Yes
EMP000423,ST0104,Janaki Srivastava,Female,Sales,Associate,25289,2016-05-18,Part-Time,Morning,emp000423@retailsphere.com,9797882585,Yes
EMP000424,ST0190,Rachana Dada,Female,Sales,Assistant Manager,89509,2013-05-18,Full-Time,Morning,emp000424@retailsphere.com,9744711556,Yes
EMP000425,ST0188,Upkaar Sinha,Male,Sales,Associate,31113,2020-05-25,Part-Time,Morning,emp000425@retailsphere.com,9298523784,Yes
EMP000426,ST0178,Yug Merchant,Male,Sales,Associate,24365,2017-05-08,Full-Time,Morning,emp000426@retailsphere.com,9201265476,Yes
EMP000427,ST0183,Qabil Salvi,Male,Sales,Associate,31777,2023-07-29,Part-Time,Morning,emp000427@retailsphere.com,9615505526,Yes
EMP000428,ST0149,Henry Sharaf,Male,HR,Associate,27618,2021-03-11,Full-Time,Morning,emp000428@retailsphere.com,9820939746,Yes
EMP000429,ST0045,Aarush Pillay,Male,Sales,Senior Associate,41679,2011-10-31,Full-Time,Morning,emp000429@retailsphere.com,9265675415,Yes
EMP000430,ST0063,Ekantika Ahuja,Female,Security,Manager,104422,2012-12-02,Full-Time,Morning,emp000430@retailsphere.com,9828425427,Yes
EMP000431,ST0178,Kevin Bhatia,Male,Sales,Associate,27982,2012-08-19,Full-Time,Morning,emp000431@retailsphere.com,9456033551,Yes
EMP000432,ST0128,Omisha Dass,Female,Sales,Associate,26280,2012-06-15,Full-Time,Night,emp000432@retailsphere.com,9277747227,Yes
EMP000433,ST0064,Gavin Malhotra,Male,Inventory,Associate,29906,2011-11-04,Full-Time,Evening,emp000433@retailsphere.com,9935218272,Yes
EMP000434,ST0017,Wakeeta Divan,Female,Sales,Senior Associate,36076,2021-06-26,Full-Time,Evening,emp000434@retailsphere.com,9940225922,Yes
EMP000435,ST0100,Nandini Kurian,Female,Billing,Associate,28074,2013-04-25,Full-Time,Evening,emp000435@retailsphere.com,9183834187,Yes
EMP000436,ST0010,Vanya Sule,Female,Billing,Associate,24450,2020-08-30,Full-Time,Morning,emp000436@retailsphere.com,9182486467,Yes
EMP000437,ST0173,Simon Badami,Male,Security,Associate,25532,2025-10-11,Full-Time,Evening,emp000437@retailsphere.com,9844637161,Yes
EMP000438,ST0137,Rishi Raghavan,Male,Sales,Supervisor,60596,2021-06-12,Contract,Evening,emp000438@retailsphere.com,9391383299,Yes
EMP000439,ST0170,Idika Parmer,Female,Sales,Assistant Manager,87955,2024-11-10,Full-Time,Evening,emp000439@retailsphere.com,9281103288,Yes
EMP000440,ST0070,Nimrat Parmar,Female,Security,Associate,29376,2026-06-10,Full-Time,Morning,emp000440@retailsphere.com,9339131580,Yes
EMP000441,ST0001,Anya Bhalla,Female,Billing,Associate,24916,2020-05-20,Part-Time,Morning,emp000441@retailsphere.com,9762640905,Yes
EMP000442,ST0048,Vansha Panchal,Female,Sales,Associate,26229,2015-02-04,Full-Time,Evening,emp000442@retailsphere.com,9700366356,Yes
EMP000443,ST0065,Atharv Garg,Male,Sales,Senior Associate,37165,2018-02-14,Full-Time,Morning,emp000443@retailsphere.com,9893817299,Yes
EMP000444,ST0058,Upasna Lanka,Female,Inventory,Associate,31405,2016-06-27,Full-Time,Night,emp000444@retailsphere.com,9582041213,Yes
EMP000445,ST0141,Omkaar Merchant,Male,Inventory,Associate,27054,2015-09-19,Full-Time,Morning,emp000445@retailsphere.com,9954307190,Yes
EMP000446,ST0078,Anvi Bail,Female,Billing,Senior Associate,41660,2016-08-07,Full-Time,Evening,emp000446@retailsphere.com,9908805861,Yes
EMP000447,ST0093,Tanay Om,Male,Sales,Associate,29372,2026-05-05,Full-Time,Evening,emp000447@retailsphere.com,9629958127,Yes
EMP000448,ST0035,Vinaya Samra,Female,Security,Senior Associate,42628,2019-11-29,Full-Time,Morning,emp000448@retailsphere.com,9613689561,Yes
EMP000449,ST0094,Yashodhara Modi,Female,Billing,Senior Associate,41190,2014-03-12,Contract,Morning,emp000449@retailsphere.com,9505636475,Yes
EMP000450,ST0038,Lakshmi Bail,Female,Sales,Senior Associate,44663,2025-09-30,Full-Time,Morning,emp000450@retailsphere.com,9551536838,Yes
EMP000451,ST0013,Girindra Kothari,Male,Billing,Associate,23193,2023-10-27,Part-Time,Evening,emp000451@retailsphere.com,9368290452,Yes
EMP000452,ST0155,Farhan Kata,Male,Customer Support,Associate,30688,2016-04-22,Full-Time,Morning,emp000452@retailsphere.com,9134490822,Yes
EMP000453,ST0111,Dev Varma,Male,Sales,Senior Associate,32568,2025-05-05,Full-Time,Evening,emp000453@retailsphere.com,9831407210,Yes
EMP000454,ST0106,Girik Kadakia,Male,Sales,Associate,23412,2012-05-13,Part-Time,Evening,emp000454@retailsphere.com,9504224033,Yes
EMP000455,ST0110,Arunima Luthra,Female,Sales,Assistant Manager,86811,2024-06-21,Full-Time,Evening,emp000455@retailsphere.com,9750111935,Yes
EMP000456,ST0102,Azad Morar,Male,Sales,Associate,23713,2014-11-09,Part-Time,Night,emp000456@retailsphere.com,9478451914,Yes
EMP000457,ST0164,Rajeshri Kanda,Female,Sales,Associate,23239,2016-04-25,Full-Time,Morning,emp000457@retailsphere.com,9487066290,Yes
EMP000458,ST0088,Elijah Om,Male,Sales,Associate,31264,2021-07-17,Full-Time,Morning,emp000458@retailsphere.com,9541454382,Yes
EMP000459,ST0132,Banjeet Mangal,Male,Sales,Associate,24874,2022-05-27,Full-Time,Evening,emp000459@retailsphere.com,9640159502,Yes
EMP000460,ST0091,Eta Bhardwaj,Female,Billing,Associate,22679,2014-10-09,Full-Time,Evening,emp000460@retailsphere.com,9205319373,Yes
EMP000461,ST0074,Aarnav Nayak,Male,Sales,Associate,25656,2014-10-24,Contract,Evening,emp000461@retailsphere.com,9313574568,Yes
EMP000462,ST0178,Ishaan Jaggi,Male,Security,Senior Associate,43388,2011-08-03,Full-Time,Morning,emp000462@retailsphere.com,9563019499,Yes
EMP000463,ST0064,Warinder Singh,Male,Security,Associate,27004,2022-08-28,Contract,Morning,emp000463@retailsphere.com,9288680835,Yes
EMP000464,ST0003,Varenya Sundaram,Female,Customer Support,Associate,28263,2023-12-09,Full-Time,Evening,emp000464@retailsphere.com,9952868540,Yes
EMP000465,ST0087,Utkarsh Mohanty,Male,Sales,Senior Associate,40041,2024-03-06,Part-Time,Evening,emp000465@retailsphere.com,9441441794,Yes
EMP000466,ST0120,Vaishnavi Bajaj,Female,Sales,Senior Associate,42637,2013-11-24,Full-Time,Morning,emp000466@retailsphere.com,9890857679,Yes
EMP000467,ST0116,Teerth Mistry,Male,Billing,Supervisor,45511,2020-06-20,Full-Time,Night,emp000467@retailsphere.com,9671415713,Yes
EMP000468,ST0191,Naksh Chatterjee,Male,Sales,Assistant Manager,69331,2023-09-17,Full-Time,Evening,emp000468@retailsphere.com,9164539769,Yes
EMP000469,ST0147,Sarthak Sandhu,Male,Billing,Supervisor,58296,2017-02-27,Full-Time,Morning,emp000469@retailsphere.com,9316150250,Yes
EMP000470,ST0141,Champak Narayan,Male,Sales,Associate,31652,2017-11-20,Full-Time,Night,emp000470@retailsphere.com,9752725628,Yes
EMP000471,ST0054,Turvi Krishnan,Female,Billing,Associate,31998,2014-01-29,Full-Time,Morning,emp000471@retailsphere.com,9272381372,Yes
EMP000472,ST0001,Vrinda Lalla,Female,Billing,Associate,29325,2023-07-11,Full-Time,Night,emp000472@retailsphere.com,9412425803,Yes
EMP000473,ST0006,Sara Yogi,Female,Sales,Associate,28102,2013-12-28,Full-Time,Night,emp000473@retailsphere.com,9633077191,Yes
EMP000474,ST0074,Ekanta Singh,Female,Security,Associate,23505,2023-07-09,Contract,Morning,emp000474@retailsphere.com,9162475088,Yes
EMP000475,ST0108,Fariq Bala,Male,Sales,Senior Associate,39971,2017-06-07,Full-Time,Evening,emp000475@retailsphere.com,9657386805,Yes
EMP000476,ST0168,Radhika Jhaveri,Female,Inventory,Associate,24990,2017-01-20,Full-Time,Evening,emp000476@retailsphere.com,9113884751,Yes
EMP000477,ST0040,Aahana Thaker,Female,Sales,Supervisor,55641,2022-02-28,Full-Time,Morning,emp000477@retailsphere.com,9145986459,Yes
EMP000478,ST0146,Nitara Divan,Female,Security,Associate,25939,2018-07-09,Full-Time,Night,emp000478@retailsphere.com,9357487484,No
EMP000479,ST0080,Shaurya Kanda,Male,HR,Associate,27665,2012-06-06,Full-Time,Night,emp000479@retailsphere.com,9513477579,Yes
EMP000480,ST0064,Libni Rastogi,Female,Sales,Senior Associate,33193,2018-06-30,Full-Time,Morning,emp000480@retailsphere.com,9550184813,Yes
EMP000481,ST0002,Bhanumati Bhavsar,Female,Customer Support,Associate,25569,2025-06-13,Part-Time,Morning,emp000481@retailsphere.com,9137242317,Yes
EMP000482,ST0014,Jagdish Sastry,Male,Billing,Senior Associate,36114,2022-01-04,Full-Time,Evening,emp000482@retailsphere.com,9967694100,Yes
EMP000483,ST0055,Abeer Seshadri,Male,Inventory,Supervisor,63697,2020-03-13,Full-Time,Evening,emp000483@retailsphere.com,9788597691,Yes
EMP000484,ST0080,Neha Verma,Female,Sales,Associate,23896,2017-12-16,Full-Time,Morning,emp000484@retailsphere.com,9396191765,Yes
EMP000485,ST0130,Osha Kuruvilla,Female,Sales,Senior Associate,33234,2012-12-14,Full-Time,Evening,emp000485@retailsphere.com,9221652032,Yes
EMP000486,ST0034,Zayan Sundaram,Male,Sales,Assistant Manager,69732,2018-12-11,Contract,Evening,emp000486@retailsphere.com,9430519872,Yes
EMP000487,ST0012,Raksha Nath,Female,Sales,Associate,23601,2013-05-23,Part-Time,Morning,emp000487@retailsphere.com,9466821836,Yes
EMP000488,ST0039,Yug Choudhury,Male,Billing,Associate,27392,2016-04-28,Full-Time,Evening,emp000488@retailsphere.com,9723442432,No
EMP000489,ST0052,Sathvik Ganguly,Male,Billing,Associate,30863,2013-09-22,Full-Time,Morning,emp000489@retailsphere.com,9597936549,Yes
EMP000490,ST0113,Ikbal Pandya,Male,Security,Senior Associate,34001,2024-09-03,Full-Time,Evening,emp000490@retailsphere.com,9208831570,Yes
EMP000491,ST0148,Waida Soni,Female,Billing,Associate,26044,2014-08-14,Full-Time,Morning,emp000491@retailsphere.com,9214533645,Yes
EMP000492,ST0089,Falan Pall,Male,Security,Supervisor,54848,2022-05-25,Full-Time,Evening,emp000492@retailsphere.com,9922506589,Yes
EMP000493,ST0066,Yachana Sandal,Female,Sales,Senior Associate,41355,2012-03-07,Full-Time,Morning,emp000493@retailsphere.com,9696710208,Yes
EMP000494,ST0025,Dakshesh Puri,Male,Sales,Senior Associate,40166,2018-10-07,Full-Time,Morning,emp000494@retailsphere.com,9454795846,Yes
EMP000495,ST0184,Leena Raj,Female,Inventory,Supervisor,58446,2022-03-19,Full-Time,Evening,emp000495@retailsphere.com,9818821493,Yes
EMP000496,ST0016,Triveni Badal,Female,Sales,Manager,129226,2013-09-04,Full-Time,Evening,emp000496@retailsphere.com,9218716219,Yes
EMP000497,ST0192,Bhavna Chand,Female,Sales,Assistant Manager,85018,2021-08-17,Full-Time,Morning,emp000497@retailsphere.com,9183735374,Yes
EMP000498,ST0011,Zehaan Nadkarni,Male,HR,Senior Associate,32953,2022-09-27,Full-Time,Night,emp000498@retailsphere.com,9608435482,Yes
EMP000499,ST0118,Upadhriti Dani,Female,Customer Support,Associate,24137,2020-03-06,Part-Time,Morning,emp000499@retailsphere.com,9115368244,Yes
EMP000500,ST0076,Chaman Shankar,Female,Sales,Associate,27747,2022-06-08,Full-Time,Morning,emp000500@retailsphere.com,9979335042,Yes
EMP000501,ST0065,Oliver Ramakrishnan,Male,Sales,Supervisor,54180,2017-08-16,Full-Time,Morning,emp000501@retailsphere.com,9542174334,Yes
EMP000502,ST0182,Rachit Bedi,Male,Customer Support,Manager,111877,2017-10-04,Full-Time,Evening,emp000502@retailsphere.com,9583332504,Yes
EMP000503,ST0135,Mugdha Bhat,Female,Billing,Senior Associate,41861,2026-02-24,Full-Time,Night,emp000503@retailsphere.com,9273387269,Yes
EMP000504,ST0071,Ira Borra,Female,HR,Assistant Manager,76399,2019-12-13,Full-Time,Morning,emp000504@retailsphere.com,9593511349,Yes
EMP000505,ST0123,Agastya Mohanty,Male,Billing,Associate,30212,2020-02-03,Full-Time,Morning,emp000505@retailsphere.com,9135181908,Yes
EMP000506,ST0088,Unni Sura,Female,Sales,Associate,23135,2011-11-17,Full-Time,Evening,emp000506@retailsphere.com,9673515586,Yes
EMP000507,ST0197,Azad Krishna,Male,Customer Support,Associate,29708,2024-05-18,Full-Time,Evening,emp000507@retailsphere.com,9317843747,No
EMP000508,ST0156,Frederick Zachariah,Male,Inventory,Supervisor,56246,2024-12-25,Full-Time,Evening,emp000508@retailsphere.com,9256241609,Yes
EMP000509,ST0177,Jagvi Pillay,Female,Customer Support,Associate,22589,2023-05-30,Full-Time,Evening,emp000509@retailsphere.com,9178443198,Yes
EMP000510,ST0100,Chandani Naik,Female,Sales,Supervisor,48219,2012-07-17,Full-Time,Morning,emp000510@retailsphere.com,9132828381,Yes
EMP000511,ST0028,Rehaan Aurora,Male,Inventory,Associate,26487,2017-10-15,Full-Time,Morning,emp000511@retailsphere.com,9719302244,Yes
EMP000512,ST0055,Nirja Soni,Female,Billing,Associate,27678,2013-11-29,Full-Time,Morning,emp000512@retailsphere.com,9180190738,Yes
EMP000513,ST0162,Bakhshi Sule,Male,Sales,Associate,30071,2021-08-14,Full-Time,Morning,emp000513@retailsphere.com,9846718768,Yes
EMP000514,ST0064,Rehaan Vora,Male,Sales,Associate,22355,2017-08-01,Full-Time,Morning,emp000514@retailsphere.com,9175504956,Yes
EMP000515,ST0110,Ridhi Krishnamurthy,Female,Sales,Supervisor,52132,2023-08-23,Contract,Evening,emp000515@retailsphere.com,9488467904,Yes
EMP000516,ST0102,Shivansh Hayre,Male,Billing,Associate,22649,2018-03-12,Full-Time,Morning,emp000516@retailsphere.com,9767697663,Yes
EMP000517,ST0002,Andrew Mammen,Male,Security,Assistant Manager,81733,2022-12-22,Full-Time,Morning,emp000517@retailsphere.com,9588436813,Yes
EMP000518,ST0161,Yochana Aggarwal,Female,Security,Associate,27246,2012-06-15,Full-Time,Night,emp000518@retailsphere.com,9365979596,Yes
EMP000519,ST0022,Ganga Sundaram,Female,Inventory,Associate,27073,2012-01-28,Full-Time,Evening,emp000519@retailsphere.com,9631564884,Yes
EMP000520,ST0090,Theodore Nigam,Male,Billing,Associate,28963,2014-05-04,Full-Time,Evening,emp000520@retailsphere.com,9393025553,Yes
EMP000521,ST0027,Siddharth Dani,Male,Inventory,Associate,27723,2020-11-28,Full-Time,Evening,emp000521@retailsphere.com,9511028445,Yes
EMP000522,ST0096,Ishita Krishna,Female,Billing,Associate,30158,2011-11-11,Full-Time,Night,emp000522@retailsphere.com,9355571282,Yes
EMP000523,ST0112,Aahana Shanker,Female,Customer Support,Senior Associate,36378,2019-07-11,Full-Time,Evening,emp000523@retailsphere.com,9617561593,Yes
EMP000524,ST0105,Januja Sethi,Female,Customer Support,Associate,30972,2026-04-25,Full-Time,Evening,emp000524@retailsphere.com,9691114317,No
EMP000525,ST0003,Gaurika Sahni,Female,Sales,Associate,24706,2021-05-09,Full-Time,Night,emp000525@retailsphere.com,9385416390,Yes
EMP000526,ST0022,Parth Tank,Male,Sales,Supervisor,50632,2026-02-20,Part-Time,Evening,emp000526@retailsphere.com,9176000805,Yes
EMP000527,ST0123,Saksham Kaul,Male,Sales,Senior Associate,35798,2017-08-27,Full-Time,Evening,emp000527@retailsphere.com,9504027142,Yes
EMP000528,ST0200,Manya Buch,Female,Sales,Associate,31639,2020-01-03,Full-Time,Evening,emp000528@retailsphere.com,9934300918,Yes
EMP000529,ST0025,Michael Oza,Male,Sales,Associate,22953,2022-11-09,Contract,Morning,emp000529@retailsphere.com,9402564628,Yes
EMP000530,ST0063,Warhi Chatterjee,Female,Billing,Associate,24621,2025-05-28,Full-Time,Evening,emp000530@retailsphere.com,9773283187,Yes
EMP000531,ST0076,Sathvik Balay,Male,Sales,Manager,90308,2015-12-24,Full-Time,Evening,emp000531@retailsphere.com,9209373830,Yes
EMP000532,ST0080,Sanaya Sodhi,Female,Customer Support,Associate,25639,2011-11-07,Full-Time,Morning,emp000532@retailsphere.com,9597875096,Yes
EMP000533,ST0050,Aarna Chakraborty,Female,Security,Associate,26416,2025-01-27,Full-Time,Morning,emp000533@retailsphere.com,9277136814,Yes
EMP000534,ST0192,Mugdha Dey,Female,Security,Associate,27201,2022-02-17,Full-Time,Morning,emp000534@retailsphere.com,9436802363,Yes
EMP000535,ST0138,Girish Kakar,Male,Sales,Associate,31253,2023-03-10,Part-Time,Evening,emp000535@retailsphere.com,9616522672,Yes
EMP000536,ST0153,Kevin Yohannan,Male,Sales,Associate,25610,2023-06-29,Full-Time,Evening,emp000536@retailsphere.com,9160049043,Yes
EMP000537,ST0164,Theodore Sood,Male,Customer Support,Associate,31769,2017-03-15,Full-Time,Morning,emp000537@retailsphere.com,9216669151,Yes
EMP000538,ST0056,Geetika Dani,Female,Billing,Associate,27264,2024-05-19,Full-Time,Evening,emp000538@retailsphere.com,9392209176,Yes
EMP000539,ST0173,Ekani Krishnamurthy,Female,Inventory,Manager,110774,2022-06-18,Full-Time,Morning,emp000539@retailsphere.com,9431730263,Yes
EMP000540,ST0026,Ojasvi Badal,Female,Sales,Senior Associate,44158,2015-01-08,Full-Time,Evening,emp000540@retailsphere.com,9337867440,Yes
EMP000541,ST0030,Baghyawati Sengupta,Female,Billing,Associate,25902,2021-09-08,Full-Time,Night,emp000541@retailsphere.com,9734908851,Yes
EMP000542,ST0133,Logan Malhotra,Male,Customer Support,Senior Associate,35900,2016-10-22,Full-Time,Night,emp000542@retailsphere.com,9281059388,Yes
EMP000543,ST0189,Diya Pandya,Female,Inventory,Manager,95542,2024-03-17,Full-Time,Morning,emp000543@retailsphere.com,9625094567,Yes
EMP000544,ST0036,Raagini Kibe,Female,Sales,Supervisor,48384,2025-05-01,Full-Time,Evening,emp000544@retailsphere.com,9998913476,Yes
EMP000545,ST0091,Mitali Panchal,Female,Sales,Associate,28463,2026-06-10,Full-Time,Morning,emp000545@retailsphere.com,9697543220,Yes
EMP000546,ST0166,Yutika Patil,Female,Sales,Associate,27733,2014-10-28,Full-Time,Evening,emp000546@retailsphere.com,9353168032,Yes
EMP000547,ST0136,Logan Bhargava,Male,Sales,Manager,110268,2017-01-16,Contract,Evening,emp000547@retailsphere.com,9978991931,Yes
EMP000548,ST0025,Yug Mall,Male,Customer Support,Senior Associate,32336,2025-04-11,Full-Time,Morning,emp000548@retailsphere.com,9225997400,Yes
EMP000549,ST0174,Girindra Shenoy,Male,Security,Supervisor,64946,2023-01-27,Full-Time,Morning,emp000549@retailsphere.com,9968957703,Yes
EMP000550,ST0081,Viraj Soman,Male,Sales,Associate,28739,2023-09-04,Full-Time,Evening,emp000550@retailsphere.com,9312265593,Yes
EMP000551,ST0033,Omya Bahl,Female,Security,Associate,25409,2020-08-08,Contract,Morning,emp000551@retailsphere.com,9937383237,Yes
EMP000552,ST0138,Suhani Mall,Female,Security,Associate,22379,2012-02-27,Full-Time,Morning,emp000552@retailsphere.com,9223535684,Yes
EMP000553,ST0066,Barkha Bajwa,Female,Sales,Associate,28565,2015-03-31,Full-Time,Evening,emp000553@retailsphere.com,9993425041,Yes
EMP000554,ST0001,Praneel Din,Male,Sales,Associate,26777,2011-11-07,Full-Time,Morning,emp000554@retailsphere.com,9542167493,Yes
EMP000555,ST0154,Nachiket Sharaf,Male,Billing,Associate,22905,2022-11-08,Full-Time,Evening,emp000555@retailsphere.com,9248701147,Yes
EMP000556,ST0033,Mahika Kibe,Female,Sales,Associate,29432,2022-07-03,Part-Time,Evening,emp000556@retailsphere.com,9358550820,Yes
EMP000557,ST0127,Xavier Mangat,Male,Customer Support,Senior Associate,41586,2023-01-25,Full-Time,Evening,emp000557@retailsphere.com,9969188600,Yes
EMP000558,ST0099,Gunbir Rastogi,Male,Security,Associate,29674,2013-02-01,Full-Time,Morning,emp000558@retailsphere.com,9633688784,Yes
EMP000559,ST0051,Eshana Dave,Female,Sales,Manager,125405,2025-02-20,Full-Time,Morning,emp000559@retailsphere.com,9725212915,Yes
EMP000560,ST0040,Rushil Kumer,Male,Billing,Associate,31271,2022-02-12,Part-Time,Evening,emp000560@retailsphere.com,9193827141,Yes
EMP000561,ST0116,Kashvi Reddy,Female,Sales,Associate,28785,2021-10-06,Full-Time,Morning,emp000561@retailsphere.com,9774385449,Yes
EMP000562,ST0147,Inaya Manda,Female,Sales,Associate,31492,2012-12-17,Full-Time,Night,emp000562@retailsphere.com,9688441833,Yes
EMP000563,ST0173,Gaurang Kota,Male,Billing,Senior Associate,42247,2019-02-17,Full-Time,Evening,emp000563@retailsphere.com,9439395380,Yes
EMP000564,ST0169,Shivansh Murty,Male,Security,Assistant Manager,77319,2018-12-01,Part-Time,Evening,emp000564@retailsphere.com,9570690828,Yes
EMP000565,ST0076,Arunima Mann,Female,Sales,Associate,29760,2015-02-12,Full-Time,Morning,emp000565@retailsphere.com,9252315144,Yes
EMP000566,ST0089,Charles Tella,Male,Billing,Associate,24277,2025-09-25,Contract,Evening,emp000566@retailsphere.com,9545952594,Yes
EMP000567,ST0118,Wridesh Sama,Male,Billing,Senior Associate,33852,2017-03-24,Full-Time,Night,emp000567@retailsphere.com,9419571492,Yes
EMP000568,ST0011,Benjamin Khosla,Male,Billing,Supervisor,51409,2019-10-07,Full-Time,Morning,emp000568@retailsphere.com,9535902915,Yes
EMP000569,ST0191,Christopher Grewal,Male,Billing,Associate,25530,2026-07-17,Full-Time,Evening,emp000569@retailsphere.com,9611010128,Yes
EMP000570,ST0109,Balvan Menon,Male,Customer Support,Senior Associate,33285,2023-02-12,Full-Time,Evening,emp000570@retailsphere.com,9602997517,Yes
EMP000571,ST0100,Tanveer Chaudry,Male,Sales,Associate,31423,2025-02-28,Part-Time,Evening,emp000571@retailsphere.com,9927641986,Yes
EMP000572,ST0197,Umang Kohli,Male,Sales,Associate,25209,2016-12-22,Full-Time,Evening,emp000572@retailsphere.com,9140769249,Yes
EMP000573,ST0102,Vasudha Uppal,Female,Sales,Senior Associate,34906,2013-06-05,Full-Time,Morning,emp000573@retailsphere.com,9149541122,Yes
EMP000574,ST0103,Frado Bumb,Male,Security,Associate,27182,2019-12-03,Full-Time,Evening,emp000574@retailsphere.com,9821689998,Yes
EMP000575,ST0026,Sathvik Handa,Male,Sales,Associate,31562,2023-10-15,Full-Time,Evening,emp000575@retailsphere.com,9962367522,Yes
EMP000576,ST0033,Maya Bandi,Female,Sales,Associate,23638,2014-03-10,Full-Time,Morning,emp000576@retailsphere.com,9308008602,Yes
EMP000577,ST0051,Qasim Deo,Male,Sales,Associate,23264,2024-02-16,Part-Time,Night,emp000577@retailsphere.com,9666804450,Yes
EMP000578,ST0119,Amruta Choudhary,Female,Inventory,Associate,22550,2023-11-15,Full-Time,Morning,emp000578@retailsphere.com,9245763923,Yes
EMP000579,ST0060,Ati Reddy,Female,Security,Associate,24244,2014-12-21,Part-Time,Evening,emp000579@retailsphere.com,9187824919,Yes
EMP000580,ST0110,Darpan Nori,Male,Sales,Associate,31534,2014-11-19,Full-Time,Morning,emp000580@retailsphere.com,9590926746,Yes
EMP000581,ST0037,Mahika Sane,Female,Customer Support,Associate,23716,2017-01-06,Full-Time,Morning,emp000581@retailsphere.com,9653502108,Yes
EMP000582,ST0061,Harish Panchal,Male,Inventory,Supervisor,48252,2012-09-17,Full-Time,Evening,emp000582@retailsphere.com,9781990380,Yes
EMP000583,ST0147,Kiaan Kohli,Male,Security,Assistant Manager,73726,2012-10-07,Full-Time,Morning,emp000583@retailsphere.com,9550205549,No
EMP000584,ST0003,Daksh Atwal,Male,Sales,Associate,29737,2025-07-26,Full-Time,Evening,emp000584@retailsphere.com,9860086275,Yes
EMP000585,ST0199,Anita Morar,Female,Customer Support,Senior Associate,36498,2024-11-29,Full-Time,Evening,emp000585@retailsphere.com,9954014633,Yes
EMP000586,ST0114,Rachit Sarraf,Male,Sales,Associate,22902,2022-01-27,Full-Time,Morning,emp000586@retailsphere.com,9816069772,Yes
EMP000587,ST0119,Daksha Borah,Female,Billing,Associate,22088,2016-12-17,Full-Time,Evening,emp000587@retailsphere.com,9945303286,Yes
EMP000588,ST0197,Ekaraj Dhar,Male,Inventory,Associate,25766,2017-03-19,Part-Time,Evening,emp000588@retailsphere.com,9807349551,Yes
EMP000589,ST0119,Girish Patla,Male,Sales,Senior Associate,40829,2020-08-28,Full-Time,Evening,emp000589@retailsphere.com,9152226921,Yes
EMP000590,ST0188,Charvi Rajan,Female,Inventory,Assistant Manager,82080,2021-06-08,Full-Time,Morning,emp000590@retailsphere.com,9564402307,Yes
EMP000591,ST0156,Omaja Behl,Female,Sales,Senior Associate,39830,2018-04-25,Full-Time,Morning,emp000591@retailsphere.com,9472663746,Yes
EMP000592,ST0018,Wriddhish Nayak,Male,Billing,Associate,22665,2015-06-17,Full-Time,Evening,emp000592@retailsphere.com,9876557327,Yes
EMP000593,ST0079,Onveer Toor,Male,Sales,Assistant Manager,74245,2013-11-26,Full-Time,Morning,emp000593@retailsphere.com,9150640310,Yes
EMP000594,ST0198,Amruta Bandi,Female,Sales,Associate,23267,2014-01-31,Full-Time,Evening,emp000594@retailsphere.com,9193297482,Yes
EMP000595,ST0156,Harini Sachdev,Female,Inventory,Associate,24060,2014-02-23,Contract,Evening,emp000595@retailsphere.com,9365072313,Yes
EMP000596,ST0115,Onveer Subramaniam,Male,Inventory,Associate,29765,2016-08-10,Full-Time,Morning,emp000596@retailsphere.com,9429282194,Yes
EMP000597,ST0124,Krishna Rama,Male,Inventory,Senior Associate,41690,2018-07-12,Full-Time,Evening,emp000597@retailsphere.com,9850751434,Yes
EMP000598,ST0121,Chameli Bhandari,Female,Sales,Associate,31933,2021-01-19,Full-Time,Evening,emp000598@retailsphere.com,9393976897,Yes
EMP000599,ST0012,Aahana Arya,Female,Security,Supervisor,52463,2014-08-18,Full-Time,Night,emp000599@retailsphere.com,9946095436,Yes
EMP000600,ST0067,Yamini Bandi,Female,Customer Support,Supervisor,60378,2012-12-08,Full-Time,Night,emp000600@retailsphere.com,9449742259,Yes
EMP000601,ST0152,Xiti Chand,Female,Billing,Associate,24879,2019-11-08,Full-Time,Morning,emp000601@retailsphere.com,9898903799,Yes
EMP000602,ST0033,Thomas Viswanathan,Male,Sales,Assistant Manager,88421,2015-11-03,Full-Time,Morning,emp000602@retailsphere.com,9224719248,Yes
EMP000603,ST0137,Sai Chakraborty,Female,Inventory,Supervisor,58181,2024-01-04,Full-Time,Evening,emp000603@retailsphere.com,9744933506,Yes
EMP000604,ST0061,Ishani Handa,Female,Sales,Supervisor,52021,2022-10-09,Contract,Evening,emp000604@retailsphere.com,9650830218,Yes
EMP000605,ST0033,Matthew Naidu,Male,Billing,Senior Associate,38160,2024-02-25,Full-Time,Evening,emp000605@retailsphere.com,9447168701,Yes
EMP000606,ST0128,Jairaj Solanki,Male,Security,Associate,26111,2015-05-27,Part-Time,Morning,emp000606@retailsphere.com,9117065403,Yes
EMP000607,ST0105,Tamanna Taneja,Female,Billing,Associate,22455,2014-06-21,Full-Time,Night,emp000607@retailsphere.com,9637236892,Yes
EMP000608,ST0142,Tripti Golla,Female,Sales,Associate,23568,2019-05-11,Full-Time,Morning,emp000608@retailsphere.com,9189720320,Yes
EMP000609,ST0131,Brinda Tata,Female,Inventory,Senior Associate,37828,2026-03-16,Full-Time,Morning,emp000609@retailsphere.com,9848697856,Yes
EMP000610,ST0097,Krisha Basak,Female,Security,Assistant Manager,73401,2020-07-20,Full-Time,Morning,emp000610@retailsphere.com,9931813647,Yes
EMP000611,ST0167,Pahal Nagarajan,Female,Sales,Senior Associate,32053,2016-11-14,Full-Time,Morning,emp000611@retailsphere.com,9772964210,Yes
EMP000612,ST0180,Hritik Khosla,Male,Billing,Associate,28714,2014-05-17,Full-Time,Night,emp000612@retailsphere.com,9948264853,Yes
EMP000613,ST0183,Yashawini Divan,Female,Inventory,Associate,23869,2026-05-04,Full-Time,Evening,emp000613@retailsphere.com,9705235498,Yes
EMP000614,ST0052,Zayyan Nigam,Male,Customer Support,Associate,24620,2021-09-14,Full-Time,Morning,emp000614@retailsphere.com,9829103167,Yes
EMP000615,ST0057,Vaishnavi Sundaram,Female,Sales,Associate,24455,2018-02-25,Full-Time,Evening,emp000615@retailsphere.com,9242265209,Yes
EMP000616,ST0019,Rishi Chaudhry,Male,Inventory,Associate,26385,2026-04-16,Full-Time,Morning,emp000616@retailsphere.com,9383419269,Yes
EMP000617,ST0093,Edhitha Misra,Female,Security,Associate,30816,2018-07-29,Full-Time,Morning,emp000617@retailsphere.com,9973405131,Yes
EMP000618,ST0118,Neha Singhal,Female,Sales,Associate,28571,2017-10-09,Full-Time,Morning,emp000618@retailsphere.com,9589725489,Yes
EMP000619,ST0153,Joshua Lalla,Male,Inventory,Associate,28585,2013-09-24,Full-Time,Evening,emp000619@retailsphere.com,9842476804,Yes
EMP000620,ST0152,Veda Saha,Female,Sales,Associate,28240,2012-06-01,Part-Time,Morning,emp000620@retailsphere.com,9953375730,Yes
EMP000621,ST0010,Dev Sekhon,Male,Billing,Associate,23268,2011-08-22,Full-Time,Evening,emp000621@retailsphere.com,9965077930,Yes
EMP000622,ST0061,Kai Viswanathan,Male,Billing,Associate,27241,2011-09-19,Full-Time,Morning,emp000622@retailsphere.com,9995621960,Yes
EMP000623,ST0046,Ansh Sangha,Male,HR,Associate,29487,2020-08-10,Full-Time,Night,emp000623@retailsphere.com,9779772052,Yes
EMP000624,ST0115,Pavani Puri,Female,Security,Associate,25861,2017-06-17,Full-Time,Evening,emp000624@retailsphere.com,9999192240,Yes
EMP000625,ST0015,Ishanvi Garg,Female,Sales,Senior Associate,41276,2017-12-15,Part-Time,Morning,emp000625@retailsphere.com,9805699610,Yes
EMP000626,ST0098,Kavya Wali,Female,HR,Associate,23497,2015-12-19,Full-Time,Morning,emp000626@retailsphere.com,9700658823,Yes
EMP000627,ST0180,Tripti Mutti,Female,Sales,Associate,30776,2019-07-09,Full-Time,Morning,emp000627@retailsphere.com,9695231120,Yes
EMP000628,ST0067,Jackson Naik,Male,Security,Supervisor,61310,2022-12-31,Part-Time,Morning,emp000628@retailsphere.com,9983524079,No
EMP000629,ST0127,Hema Soni,Female,Sales,Supervisor,59688,2018-10-01,Full-Time,Morning,emp000629@retailsphere.com,9877336672,Yes
EMP000630,ST0125,Maya Raval,Female,Billing,Supervisor,54571,2021-11-22,Full-Time,Evening,emp000630@retailsphere.com,9654111211,Yes
EMP000631,ST0159,Sai Taneja,Male,Sales,Associate,26326,2021-06-11,Full-Time,Morning,emp000631@retailsphere.com,9161482108,Yes
EMP000632,ST0036,Siya Sengupta,Female,Security,Associate,22414,2018-02-23,Full-Time,Morning,emp000632@retailsphere.com,9678236788,Yes
EMP000633,ST0010,Qushi Dara,Female,Sales,Associate,24422,2014-12-14,Full-Time,Night,emp000633@retailsphere.com,9178410331,Yes
EMP000634,ST0117,Avni Chaudhary,Female,Sales,Associate,22573,2025-10-02,Full-Time,Evening,emp000634@retailsphere.com,9400071747,Yes
EMP000635,ST0144,Varsha Nayar,Female,Billing,Supervisor,57690,2026-04-26,Full-Time,Morning,emp000635@retailsphere.com,9748487790,Yes
EMP000636,ST0062,Zarna Mukherjee,Female,Billing,Supervisor,59608,2015-03-09,Full-Time,Morning,emp000636@retailsphere.com,9250913615,Yes
EMP000637,ST0085,Zansi Iyer,Female,Inventory,Assistant Manager,88588,2022-11-02,Full-Time,Morning,emp000637@retailsphere.com,9671835774,Yes
EMP000638,ST0131,Joshua Ganesh,Male,Sales,Senior Associate,42199,2022-03-21,Full-Time,Morning,emp000638@retailsphere.com,9439410511,Yes
EMP000639,ST0107,Chatresh Mannan,Male,Billing,Senior Associate,38313,2014-07-26,Full-Time,Evening,emp000639@retailsphere.com,9610477604,Yes
EMP000640,ST0155,Naksh Dugar,Male,Billing,Senior Associate,40909,2013-10-25,Full-Time,Morning,emp000640@retailsphere.com,9434175416,Yes
EMP000641,ST0104,Shivansh Lata,Male,Billing,Associate,28520,2011-11-18,Full-Time,Morning,emp000641@retailsphere.com,9502918336,Yes
EMP000642,ST0199,Zehaan Apte,Male,Inventory,Associate,30501,2022-04-28,Full-Time,Night,emp000642@retailsphere.com,9950565136,Yes
EMP000643,ST0102,Gayathri Bhatt,Female,Customer Support,Associate,27113,2019-02-01,Full-Time,Night,emp000643@retailsphere.com,9637256524,Yes
EMP000644,ST0104,Akshay Magar,Male,Customer Support,Associate,24594,2025-10-15,Full-Time,Morning,emp000644@retailsphere.com,9916494088,Yes
EMP000645,ST0187,Logan Khare,Male,Sales,Assistant Manager,79328,2011-09-26,Full-Time,Evening,emp000645@retailsphere.com,9622029526,Yes
EMP000646,ST0087,Chameli Kibe,Female,Sales,Associate,25456,2024-03-02,Full-Time,Evening,emp000646@retailsphere.com,9831191108,Yes
EMP000647,ST0008,Manya Murty,Female,Security,Associate,26592,2020-08-25,Full-Time,Morning,emp000647@retailsphere.com,9336175688,Yes
EMP000648,ST0087,Yutika Narasimhan,Female,Sales,Senior Associate,43994,2014-06-29,Full-Time,Evening,emp000648@retailsphere.com,9356366441,Yes
EMP000649,ST0075,Radhika Gade,Female,Billing,Associate,30103,2024-11-09,Part-Time,Evening,emp000649@retailsphere.com,9447837800,Yes
EMP000650,ST0033,Zayan Chopra,Male,Sales,Senior Associate,43252,2020-11-01,Full-Time,Morning,emp000650@retailsphere.com,9649966331,Yes
EMP000651,ST0178,Vritti Merchant,Female,Sales,Supervisor,56564,2016-01-26,Full-Time,Morning,emp000651@retailsphere.com,9957879468,Yes
EMP000652,ST0120,Rayaan Thaman,Male,Customer Support,Senior Associate,43067,2018-08-05,Full-Time,Evening,emp000652@retailsphere.com,9365348001,Yes
EMP000653,ST0129,Damini Chowdhury,Female,Customer Support,Senior Associate,40836,2013-12-31,Full-Time,Morning,emp000653@retailsphere.com,9638747600,Yes
EMP000654,ST0084,Tejas Varghese,Male,Sales,Manager,92808,2025-10-07,Full-Time,Night,emp000654@retailsphere.com,9689793549,Yes
EMP000655,ST0159,Bhavini Varkey,Female,Security,Associate,28508,2019-06-18,Full-Time,Morning,emp000655@retailsphere.com,9817169054,Yes
EMP000656,ST0120,Vrinda Mukherjee,Female,Sales,Supervisor,53181,2017-04-02,Full-Time,Morning,emp000656@retailsphere.com,9333885949,Yes
EMP000657,ST0067,Anmol Ahluwalia,Male,Sales,Associate,26203,2021-10-06,Full-Time,Night,emp000657@retailsphere.com,9135884012,Yes
EMP000658,ST0034,Tamanna Sarin,Female,Inventory,Senior Associate,44929,2011-11-26,Full-Time,Evening,emp000658@retailsphere.com,9502837398,Yes
EMP000659,ST0053,Raksha Sood,Female,HR,Associate,27279,2019-01-18,Part-Time,Night,emp000659@retailsphere.com,9822805236,Yes
EMP000660,ST0080,Zashil Sengupta,Male,Customer Support,Associate,24842,2020-11-12,Full-Time,Night,emp000660@retailsphere.com,9986718477,Yes
EMP000661,ST0024,Yamini Patel,Female,Inventory,Senior Associate,37394,2018-04-14,Full-Time,Morning,emp000661@retailsphere.com,9152333269,Yes
EMP000662,ST0078,Kavya Devi,Female,Inventory,Senior Associate,39128,2011-08-31,Full-Time,Morning,emp000662@retailsphere.com,9128733086,Yes
EMP000663,ST0143,Ganga Baria,Female,Security,Associate,25137,2019-04-12,Full-Time,Evening,emp000663@retailsphere.com,9762251547,No
EMP000664,ST0096,Ikshita Agate,Female,Sales,Associate,29465,2017-10-29,Full-Time,Evening,emp000664@retailsphere.com,9165244588,Yes
EMP000665,ST0170,Tamanna Ahuja,Female,Sales,Associate,23574,2021-03-20,Full-Time,Morning,emp000665@retailsphere.com,9916393032,Yes
EMP000666,ST0038,Lila Nori,Female,Sales,Associate,23469,2019-12-08,Full-Time,Night,emp000666@retailsphere.com,9288862298,Yes
EMP000667,ST0052,Mahika Char,Female,Inventory,Associate,28822,2020-09-23,Part-Time,Morning,emp000667@retailsphere.com,9892436186,Yes
EMP000668,ST0022,Ayushman Butala,Male,Inventory,Assistant Manager,84955,2020-06-09,Part-Time,Evening,emp000668@retailsphere.com,9946040374,Yes
EMP000669,ST0138,Jeet Varty,Male,Security,Associate,22843,2021-11-03,Full-Time,Morning,emp000669@retailsphere.com,9508833654,Yes
EMP000670,ST0036,Triveni Krish,Female,Security,Associate,31104,2020-04-01,Part-Time,Morning,emp000670@retailsphere.com,9201715656,Yes
EMP000671,ST0036,Suhani Halder,Female,Sales,Associate,27544,2025-05-02,Full-Time,Evening,emp000671@retailsphere.com,9958365493,Yes
EMP000672,ST0064,Zilmil Halder,Female,Billing,Senior Associate,34406,2019-11-23,Full-Time,Morning,emp000672@retailsphere.com,9974615386,Yes
EMP000673,ST0197,Omkaar Gill,Male,Sales,Senior Associate,44903,2023-03-11,Full-Time,Morning,emp000673@retailsphere.com,9612690188,Yes
EMP000674,ST0179,Henry Thaman,Male,Billing,Senior Associate,39134,2025-05-08,Part-Time,Evening,emp000674@retailsphere.com,9572768811,Yes
EMP000675,ST0160,Indrajit Parsa,Male,Billing,Associate,26904,2014-05-24,Full-Time,Morning,emp000675@retailsphere.com,9608505529,Yes
EMP000676,ST0149,Bhavika Tank,Female,Security,Senior Associate,41156,2021-01-09,Full-Time,Morning,emp000676@retailsphere.com,9875952298,Yes
EMP000677,ST0173,Om Din,Male,Sales,Associate,28668,2017-01-06,Full-Time,Morning,emp000677@retailsphere.com,9586705739,Yes
EMP000678,ST0038,Ayush Solanki,Male,Sales,Senior Associate,34514,2019-01-03,Full-Time,Evening,emp000678@retailsphere.com,9185491928,Yes
EMP000679,ST0098,Onkar Nadkarni,Male,Sales,Assistant Manager,89151,2022-01-17,Full-Time,Morning,emp000679@retailsphere.com,9201802650,Yes
EMP000680,ST0031,Rayaan Natarajan,Male,Billing,Associate,26110,2021-06-23,Full-Time,Morning,emp000680@retailsphere.com,9909877545,Yes
EMP000681,ST0198,Radha Deep,Female,Billing,Associate,26419,2018-03-28,Full-Time,Morning,emp000681@retailsphere.com,9184528904,Yes
EMP000682,ST0128,Upkaar Lala,Male,Security,Assistant Manager,79781,2026-07-01,Full-Time,Morning,emp000682@retailsphere.com,9289444969,Yes
EMP000683,ST0091,Urvi Pandey,Female,Security,Associate,24941,2021-10-14,Full-Time,Night,emp000683@retailsphere.com,9513277122,Yes
EMP000684,ST0118,Geetika Majumdar,Female,Sales,Associate,30485,2013-07-27,Full-Time,Evening,emp000684@retailsphere.com,9867640067,Yes
EMP000685,ST0025,Girik Merchant,Male,HR,Supervisor,61593,2026-07-10,Full-Time,Evening,emp000685@retailsphere.com,9823756402,No
EMP000686,ST0184,Ikbal Chokshi,Male,Inventory,Associate,26401,2013-12-21,Full-Time,Evening,emp000686@retailsphere.com,9155546314,Yes
EMP000687,ST0043,Vansha Walla,Female,Security,Assistant Manager,83398,2018-06-25,Full-Time,Evening,emp000687@retailsphere.com,9965526576,Yes
EMP000688,ST0124,Harita Ratta,Female,Security,Senior Associate,32325,2017-04-21,Full-Time,Evening,emp000688@retailsphere.com,9808628384,Yes
EMP000689,ST0087,Nakul Varkey,Male,Billing,Senior Associate,42906,2020-11-12,Full-Time,Night,emp000689@retailsphere.com,9882263830,Yes
EMP000690,ST0191,Qadim Mahajan,Male,Sales,Associate,22789,2021-01-11,Full-Time,Evening,emp000690@retailsphere.com,9610816676,Yes
EMP000691,ST0083,Aahana Edwin,Female,Inventory,Senior Associate,39184,2020-01-28,Full-Time,Morning,emp000691@retailsphere.com,9364282159,Yes
EMP000692,ST0076,Pushti Ravi,Female,Sales,Associate,30066,2022-10-10,Full-Time,Evening,emp000692@retailsphere.com,9385384403,Yes
EMP000693,ST0200,Eiravati Chacko,Female,Inventory,Manager,103817,2019-11-24,Full-Time,Morning,emp000693@retailsphere.com,9159085158,Yes
EMP000694,ST0199,Anay Sarraf,Male,Billing,Senior Associate,42068,2023-05-06,Contract,Night,emp000694@retailsphere.com,9242545221,Yes
EMP000695,ST0111,Pushti Aggarwal,Female,Billing,Associate,29359,2024-08-15,Full-Time,Evening,emp000695@retailsphere.com,9553481981,Yes
EMP000696,ST0006,Nitara Ramanathan,Female,HR,Associate,25997,2025-05-10,Full-Time,Evening,emp000696@retailsphere.com,9557708026,Yes
EMP000697,ST0112,Yasti Dara,Female,Sales,Assistant Manager,73620,2012-01-08,Full-Time,Morning,emp000697@retailsphere.com,9753610886,Yes
EMP000698,ST0139,Naksh Walla,Male,Sales,Associate,31304,2016-11-14,Full-Time,Evening,emp000698@retailsphere.com,9788829175,Yes
EMP000699,ST0136,Rachita Dhar,Female,HR,Senior Associate,37665,2017-10-26,Full-Time,Morning,emp000699@retailsphere.com,9860664442,Yes
EMP000700,ST0014,Rajeshri Datta,Female,Customer Support,Senior Associate,38531,2024-09-25,Full-Time,Morning,emp000700@retailsphere.com,9940499673,Yes
EMP000701,ST0037,Benjamin Gokhale,Male,Billing,Associate,26173,2019-05-23,Part-Time,Morning,emp000701@retailsphere.com,9564605711,Yes
EMP000702,ST0124,Upkaar Anne,Male,Sales,Manager,101275,2021-11-02,Full-Time,Morning,emp000702@retailsphere.com,9584000298,Yes
EMP000703,ST0099,Vyanjana Mammen,Female,Sales,Senior Associate,40885,2020-12-05,Full-Time,Morning,emp000703@retailsphere.com,9290348434,Yes
EMP000704,ST0056,Mahika Sem,Female,Sales,Associate,22113,2016-06-04,Full-Time,Night,emp000704@retailsphere.com,9460816679,Yes
EMP000705,ST0196,Ijaya Samra,Female,Security,Associate,30241,2012-07-04,Full-Time,Morning,emp000705@retailsphere.com,9799893485,Yes
EMP000706,ST0179,Nathan Upadhyay,Male,Sales,Associate,26772,2015-02-04,Part-Time,Morning,emp000706@retailsphere.com,9490149514,Yes
EMP000707,ST0086,Nachiket Chand,Male,Sales,Manager,134546,2017-10-27,Part-Time,Morning,emp000707@retailsphere.com,9765398535,Yes
EMP000708,ST0100,Faris Oza,Male,Sales,Associate,27566,2012-03-20,Full-Time,Evening,emp000708@retailsphere.com,9994246536,Yes
EMP000709,ST0076,Sanaya Lall,Female,Sales,Supervisor,59455,2011-11-26,Full-Time,Morning,emp000709@retailsphere.com,9809577754,Yes
EMP000710,ST0173,Pallavi Ramanathan,Female,Security,Associate,23603,2012-04-07,Full-Time,Evening,emp000710@retailsphere.com,9103026841,Yes
EMP000711,ST0137,Abhimanyu Tank,Male,HR,Associate,24500,2019-05-04,Full-Time,Morning,emp000711@retailsphere.com,9711683607,Yes
EMP000712,ST0106,Leela Nadig,Female,Inventory,Associate,23128,2014-11-29,Full-Time,Evening,emp000712@retailsphere.com,9972428363,Yes
EMP000713,ST0140,Chasmum Kale,Female,Sales,Manager,135286,2023-05-08,Contract,Evening,emp000713@retailsphere.com,9246101504,Yes
EMP000714,ST0190,Charvi Minhas,Female,Sales,Supervisor,53053,2021-05-17,Full-Time,Morning,emp000714@retailsphere.com,9492222134,Yes
EMP000715,ST0146,Chandani Jani,Female,Customer Support,Associate,25156,2018-12-12,Full-Time,Morning,emp000715@retailsphere.com,9288494162,Yes
EMP000716,ST0162,Oscar Chana,Male,Sales,Supervisor,63815,2026-07-23,Full-Time,Night,emp000716@retailsphere.com,9962870663,Yes
EMP000717,ST0007,Harita Sekhon,Female,Customer Support,Manager,126401,2016-05-02,Full-Time,Morning,emp000717@retailsphere.com,9968574694,Yes
EMP000718,ST0200,Baljiwan Deo,Male,Billing,Associate,31392,2012-06-27,Full-Time,Morning,emp000718@retailsphere.com,9369284254,Yes
EMP000719,ST0114,Vritti Handa,Female,HR,Associate,24569,2020-05-09,Contract,Morning,emp000719@retailsphere.com,9379000262,Yes
EMP000720,ST0066,Rachit Agate,Male,Billing,Associate,23387,2024-08-12,Full-Time,Morning,emp000720@retailsphere.com,9347711515,Yes
EMP000721,ST0198,Ekbal Mallick,Male,Billing,Associate,28743,2018-04-16,Full-Time,Morning,emp000721@retailsphere.com,9800990478,Yes
EMP000722,ST0037,Rachana Chandra,Female,Sales,Associate,26887,2025-08-11,Full-Time,Evening,emp000722@retailsphere.com,9768266364,Yes
EMP000723,ST0077,Bishakha Goyal,Female,Sales,Supervisor,56764,2021-04-09,Part-Time,Evening,emp000723@retailsphere.com,9197889244,Yes
EMP000724,ST0174,Lipika Basak,Female,Billing,Associate,25042,2014-02-26,Full-Time,Evening,emp000724@retailsphere.com,9422514978,Yes
EMP000725,ST0116,Anamika Kade,Female,Sales,Senior Associate,34774,2019-08-12,Full-Time,Evening,emp000725@retailsphere.com,9396252820,Yes
EMP000726,ST0041,Veer Choudhary,Male,Inventory,Associate,31844,2025-09-10,Full-Time,Evening,emp000726@retailsphere.com,9115132124,Yes
EMP000727,ST0198,Diya Jani,Female,Sales,Supervisor,57568,2024-10-12,Full-Time,Evening,emp000727@retailsphere.com,9167483094,Yes
EMP000728,ST0130,Zilmil Pradhan,Female,Sales,Associate,31794,2015-12-23,Full-Time,Evening,emp000728@retailsphere.com,9504368696,Yes
EMP000729,ST0194,Bhavini Menon,Female,Security,Assistant Manager,76389,2024-09-08,Full-Time,Evening,emp000729@retailsphere.com,9993470043,Yes
EMP000730,ST0057,Saumya Cheema,Female,Inventory,Associate,29855,2018-05-16,Full-Time,Morning,emp000730@retailsphere.com,9357440332,Yes
EMP000731,ST0038,Jagat Dara,Male,Inventory,Associate,29617,2017-08-17,Full-Time,Morning,emp000731@retailsphere.com,9146701135,Yes
EMP000732,ST0007,Mahika Borde,Female,Security,Associate,23794,2018-09-19,Full-Time,Morning,emp000732@retailsphere.com,9760372221,Yes
EMP000733,ST0140,Lakshmi Bhardwaj,Female,Inventory,Supervisor,53238,2023-07-22,Full-Time,Morning,emp000733@retailsphere.com,9309992093,Yes
EMP000734,ST0012,Aryan Ganguly,Male,Billing,Associate,30381,2016-12-16,Contract,Evening,emp000734@retailsphere.com,9379980987,Yes
EMP000735,ST0064,Max Soman,Male,Sales,Assistant Manager,77539,2013-01-13,Full-Time,Morning,emp000735@retailsphere.com,9225985245,Yes
EMP000736,ST0031,Saanvi Gala,Female,Customer Support,Associate,30097,2017-10-16,Full-Time,Morning,emp000736@retailsphere.com,9576692799,Yes
EMP000737,ST0176,Manan Sehgal,Male,Customer Support,Associate,30910,2021-03-24,Full-Time,Morning,emp000737@retailsphere.com,9624464702,Yes
EMP000738,ST0192,Yutika Mall,Female,Billing,Associate,30584,2019-01-28,Full-Time,Morning,emp000738@retailsphere.com,9502076242,Yes
EMP000739,ST0068,Ranbir Bhagat,Male,Sales,Associate,24512,2020-08-15,Full-Time,Night,emp000739@retailsphere.com,9240435236,Yes
EMP000740,ST0179,Shivansh Vohra,Male,Sales,Senior Associate,44761,2019-04-01,Full-Time,Morning,emp000740@retailsphere.com,9860323442,Yes
EMP000741,ST0054,Farhan Chanda,Male,Billing,Senior Associate,33168,2017-07-24,Full-Time,Night,emp000741@retailsphere.com,9545994123,Yes
EMP000742,ST0112,Yashoda Soman,Female,Customer Support,Supervisor,53009,2014-06-07,Full-Time,Evening,emp000742@retailsphere.com,9739631736,Yes
EMP000743,ST0129,Baljiwan Shroff,Male,Sales,Associate,22768,2015-01-24,Full-Time,Morning,emp000743@retailsphere.com,9411442517,Yes
EMP000744,ST0103,Dayamai Bava,Female,Sales,Assistant Manager,68140,2020-11-28,Full-Time,Evening,emp000744@retailsphere.com,9525595178,Yes
EMP000745,ST0120,Theodore Bajwa,Male,Customer Support,Senior Associate,38069,2020-02-24,Full-Time,Morning,emp000745@retailsphere.com,9214010833,Yes
EMP000746,ST0094,Samaksh Padmanabhan,Male,Billing,Associate,29460,2021-04-21,Full-Time,Evening,emp000746@retailsphere.com,9614483835,Yes
EMP000747,ST0062,Ekaja Sharma,Female,Billing,Associate,29460,2015-08-31,Part-Time,Night,emp000747@retailsphere.com,9186861616,Yes
EMP000748,ST0059,Frederick Lall,Male,Inventory,Associate,26438,2025-05-05,Part-Time,Night,emp000748@retailsphere.com,9196972962,Yes
EMP000749,ST0188,Faqid Bajaj,Male,Sales,Associate,22310,2025-07-25,Full-Time,Morning,emp000749@retailsphere.com,9364573256,Yes
EMP000750,ST0168,Falan Varma,Male,Sales,Associate,24229,2026-03-31,Part-Time,Night,emp000750@retailsphere.com,9314362387,Yes
EMP000751,ST0178,Ekanta Devi,Female,Billing,Supervisor,47770,2015-03-25,Full-Time,Morning,emp000751@retailsphere.com,9318349224,Yes
EMP000752,ST0001,Mugdha Dora,Female,Sales,Associate,30536,2019-11-18,Part-Time,Evening,emp000752@retailsphere.com,9112608694,Yes
EMP000753,ST0053,Janya Sahni,Female,Billing,Senior Associate,32605,2018-06-04,Full-Time,Evening,emp000753@retailsphere.com,9993432084,Yes
EMP000754,ST0033,Saumya Nayar,Female,Billing,Associate,27453,2018-07-14,Full-Time,Night,emp000754@retailsphere.com,9123480111,Yes
EMP000755,ST0198,Prisha Kala,Female,Security,Senior Associate,41221,2015-03-19,Full-Time,Evening,emp000755@retailsphere.com,9947615076,Yes
EMP000756,ST0199,Nandini Sama,Female,Sales,Associate,30097,2019-05-01,Full-Time,Evening,emp000756@retailsphere.com,9974471998,Yes
EMP000757,ST0174,Ira Raval,Female,Sales,Associate,26127,2022-11-13,Contract,Morning,emp000757@retailsphere.com,9305740380,Yes
EMP000758,ST0134,Bishakha Brar,Female,Billing,Associate,27926,2020-08-06,Full-Time,Evening,emp000758@retailsphere.com,9868702897,Yes
EMP000759,ST0165,Pranit Gopal,Male,Security,Manager,105089,2019-12-20,Full-Time,Morning,emp000759@retailsphere.com,9830580829,Yes
EMP000760,ST0040,Caleb Lall,Male,Sales,Associate,27137,2024-05-02,Full-Time,Morning,emp000760@retailsphere.com,9470841439,Yes
EMP000761,ST0192,Nachiket Dash,Male,Sales,Associate,22475,2021-12-13,Part-Time,Morning,emp000761@retailsphere.com,9249301550,Yes
EMP000762,ST0146,Tarak Kumer,Male,Security,Associate,25986,2023-09-08,Full-Time,Evening,emp000762@retailsphere.com,9890987589,Yes
EMP000763,ST0124,Indali Gade,Female,Billing,Associate,29540,2020-06-29,Full-Time,Evening,emp000763@retailsphere.com,9103603449,Yes
EMP000764,ST0126,Jyoti Ravel,Female,Sales,Associate,22681,2022-01-28,Full-Time,Night,emp000764@retailsphere.com,9738569107,Yes
EMP000765,ST0056,Kamya Buch,Female,Customer Support,Manager,103177,2013-10-21,Part-Time,Evening,emp000765@retailsphere.com,9138285050,Yes
EMP000766,ST0180,Manthan Narang,Male,Billing,Associate,25246,2020-01-26,Full-Time,Night,emp000766@retailsphere.com,9298271445,Yes
EMP000767,ST0072,Anusha Saxena,Female,Security,Associate,27170,2017-11-17,Full-Time,Evening,emp000767@retailsphere.com,9986184644,Yes
EMP000768,ST0127,Siya Pandey,Female,Sales,Associate,30910,2022-05-17,Full-Time,Morning,emp000768@retailsphere.com,9521211848,Yes
EMP000769,ST0024,Avni Mander,Female,Billing,Associate,24356,2022-08-12,Full-Time,Morning,emp000769@retailsphere.com,9824738591,Yes
EMP000770,ST0131,Yauvani Keer,Female,Billing,Associate,31634,2017-08-02,Full-Time,Evening,emp000770@retailsphere.com,9700437413,Yes
EMP000771,ST0070,Mugdha Dave,Female,Sales,Senior Associate,40241,2018-03-08,Full-Time,Evening,emp000771@retailsphere.com,9519411133,Yes
EMP000772,ST0163,Eshana Lanka,Female,Sales,Senior Associate,35159,2015-08-14,Full-Time,Morning,emp000772@retailsphere.com,9454938014,Yes
EMP000773,ST0200,Anya Shenoy,Female,Sales,Associate,31996,2025-06-23,Part-Time,Morning,emp000773@retailsphere.com,9399468553,Yes
EMP000774,ST0151,Samaksh Gole,Male,Sales,Associate,31439,2012-11-07,Full-Time,Evening,emp000774@retailsphere.com,9768730711,Yes
EMP000775,ST0058,Tarak Parmar,Male,Inventory,Supervisor,56235,2022-02-25,Full-Time,Morning,emp000775@retailsphere.com,9525270581,Yes
EMP000776,ST0159,Raksha Chacko,Female,Inventory,Senior Associate,40956,2025-05-21,Part-Time,Evening,emp000776@retailsphere.com,9166912698,Yes
EMP000777,ST0121,Gautam Sood,Male,Customer Support,Associate,22538,2019-03-05,Contract,Morning,emp000777@retailsphere.com,9533784751,Yes
EMP000778,ST0040,Ishaan Anand,Male,Sales,Associate,24597,2011-09-22,Full-Time,Evening,emp000778@retailsphere.com,9260137362,Yes
EMP000779,ST0122,Geetika Dalal,Female,HR,Associate,24748,2019-09-05,Full-Time,Morning,emp000779@retailsphere.com,9655346508,Yes
EMP000780,ST0024,Chaitanya Sodhi,Male,Billing,Associate,31533,2014-10-29,Full-Time,Morning,emp000780@retailsphere.com,9408556475,Yes
EMP000781,ST0044,Jeet Nair,Male,Sales,Associate,28891,2012-01-06,Full-Time,Evening,emp000781@retailsphere.com,9148654541,Yes
EMP000782,ST0096,Chaitanya Kapur,Male,Sales,Associate,26548,2022-09-26,Full-Time,Morning,emp000782@retailsphere.com,9140888007,No
EMP000783,ST0056,Meera Palla,Female,Security,Associate,24721,2017-07-05,Full-Time,Morning,emp000783@retailsphere.com,9285812964,Yes
EMP000784,ST0152,Nitara Patel,Female,Billing,Supervisor,51938,2012-09-19,Full-Time,Morning,emp000784@retailsphere.com,9528792713,Yes
EMP000785,ST0176,Rohan Chanda,Male,HR,Associate,29355,2017-09-22,Full-Time,Night,emp000785@retailsphere.com,9557270839,Yes
EMP000786,ST0138,Nimrat Sinha,Female,Billing,Senior Associate,34608,2020-05-02,Full-Time,Morning,emp000786@retailsphere.com,9569858635,Yes
EMP000787,ST0127,Chakradhar Mani,Male,Security,Associate,28890,2020-07-23,Full-Time,Evening,emp000787@retailsphere.com,9483866557,Yes
EMP000788,ST0172,Zaitra Rajan,Female,Sales,Senior Associate,43411,2025-11-10,Part-Time,Evening,emp000788@retailsphere.com,9384677425,Yes
EMP000789,ST0083,Yug Shetty,Male,Billing,Associate,29052,2014-04-28,Full-Time,Evening,emp000789@retailsphere.com,9355275947,Yes
EMP000790,ST0088,Anirudh Iyengar,Male,Inventory,Associate,29825,2025-12-02,Full-Time,Morning,emp000790@retailsphere.com,9266018495,Yes
EMP000791,ST0027,Varenya Brar,Female,Sales,Supervisor,55798,2011-08-01,Full-Time,Evening,emp000791@retailsphere.com,9350663992,Yes
EMP000792,ST0064,Priya Pillai,Female,Billing,Supervisor,51283,2020-02-26,Full-Time,Evening,emp000792@retailsphere.com,9459518073,Yes
EMP000793,ST0026,Urvashi Amble,Female,Billing,Associate,27633,2014-05-25,Full-Time,Evening,emp000793@retailsphere.com,9752825918,Yes
EMP000794,ST0023,William Randhawa,Male,Inventory,Assistant Manager,72344,2021-08-11,Part-Time,Morning,emp000794@retailsphere.com,9504416621,Yes
EMP000795,ST0179,Falguni Sarkar,Female,Sales,Senior Associate,37926,2023-06-22,Full-Time,Morning,emp000795@retailsphere.com,9465160288,Yes
EMP000796,ST0059,Ikshita Kalla,Female,Sales,Associate,25188,2018-04-19,Full-Time,Night,emp000796@retailsphere.com,9951343717,Yes
EMP000797,ST0013,Anay Sampath,Male,Sales,Associate,30882,2018-04-11,Full-Time,Morning,emp000797@retailsphere.com,9224940353,Yes
EMP000798,ST0096,Fitan Pau,Male,Inventory,Associate,30832,2017-08-04,Full-Time,Morning,emp000798@retailsphere.com,9995088024,Yes
EMP000799,ST0185,Bhanumati Devi,Female,Sales,Associate,25517,2022-11-09,Full-Time,Night,emp000799@retailsphere.com,9276795353,Yes
EMP000800,ST0009,Xalak Chada,Female,Sales,Assistant Manager,77478,2013-04-17,Full-Time,Evening,emp000800@retailsphere.com,9301132314,Yes
EMP000801,ST0050,Bina Bail,Female,Billing,Supervisor,54067,2013-10-19,Full-Time,Evening,emp000801@retailsphere.com,9401599750,Yes
EMP000802,ST0099,Caleb Naik,Male,Inventory,Senior Associate,36867,2020-11-13,Full-Time,Night,emp000802@retailsphere.com,9835535616,Yes
EMP000803,ST0145,Arya Rai,Female,Sales,Associate,24446,2021-09-20,Full-Time,Evening,emp000803@retailsphere.com,9493513677,Yes
EMP000804,ST0051,Azad Ben,Male,Sales,Associate,27552,2026-04-05,Full-Time,Evening,emp000804@retailsphere.com,9832856586,Yes
EMP000805,ST0047,Harrison Sathe,Male,Sales,Associate,28916,2012-09-10,Full-Time,Evening,emp000805@retailsphere.com,9653321563,Yes
EMP000806,ST0086,Balvan Parekh,Male,Billing,Associate,29700,2026-07-04,Full-Time,Evening,emp000806@retailsphere.com,9143979936,Yes
EMP000807,ST0149,Ethan Kumer,Male,Security,Associate,26972,2019-08-31,Full-Time,Evening,emp000807@retailsphere.com,9128522936,Yes
EMP000808,ST0127,Saanvi Bhandari,Female,Billing,Associate,25794,2015-10-25,Full-Time,Evening,emp000808@retailsphere.com,9976881208,Yes
EMP000809,ST0004,Kamala Sood,Female,Security,Associate,28779,2017-10-22,Full-Time,Morning,emp000809@retailsphere.com,9206326493,Yes
EMP000810,ST0171,Suhani Rao,Female,Sales,Senior Associate,39067,2018-01-23,Contract,Morning,emp000810@retailsphere.com,9739931348,Yes
EMP000811,ST0187,Kritika Shenoy,Female,Sales,Supervisor,50588,2023-09-16,Part-Time,Evening,emp000811@retailsphere.com,9168028305,Yes
EMP000812,ST0095,Vinaya Puri,Female,Sales,Associate,28316,2024-12-24,Full-Time,Morning,emp000812@retailsphere.com,9854633254,No
EMP000813,ST0125,Hitesh Dash,Male,Sales,Associate,27418,2014-10-06,Full-Time,Evening,emp000813@retailsphere.com,9911508433,Yes
EMP000814,ST0184,Udarsh Mital,Male,Sales,Supervisor,57815,2011-10-25,Full-Time,Evening,emp000814@retailsphere.com,9377363918,Yes
EMP000815,ST0056,Tarak Dubey,Male,Sales,Assistant Manager,73002,2021-10-12,Full-Time,Morning,emp000815@retailsphere.com,9937145297,Yes
EMP000816,ST0068,Wriddhish Murty,Male,Billing,Assistant Manager,80216,2024-03-12,Full-Time,Night,emp000816@retailsphere.com,9174163185,Yes
EMP000817,ST0004,Onveer Prakash,Male,Billing,Senior Associate,38682,2013-11-14,Full-Time,Evening,emp000817@retailsphere.com,9588494383,Yes
EMP000818,ST0117,Anirudh Kadakia,Male,Customer Support,Senior Associate,32864,2024-04-05,Full-Time,Evening,emp000818@retailsphere.com,9103493212,No
EMP000819,ST0095,Mason Tailor,Male,Billing,Associate,31341,2019-02-23,Full-Time,Morning,emp000819@retailsphere.com,9471617895,Yes
EMP000820,ST0055,Fitan Bandi,Male,Sales,Associate,28319,2020-10-04,Full-Time,Night,emp000820@retailsphere.com,9156457223,Yes
EMP000821,ST0186,Ekbal Varughese,Male,Billing,Associate,23051,2019-03-28,Full-Time,Morning,emp000821@retailsphere.com,9489502166,Yes
EMP000822,ST0135,Radhika Lata,Female,Customer Support,Associate,31702,2025-10-15,Full-Time,Morning,emp000822@retailsphere.com,9998879915,Yes
EMP000823,ST0103,Nakul Loke,Male,Sales,Senior Associate,43442,2015-10-15,Full-Time,Morning,emp000823@retailsphere.com,9559164323,Yes
EMP000824,ST0087,Dhriti Bhalla,Female,Sales,Associate,24478,2020-08-20,Full-Time,Morning,emp000824@retailsphere.com,9506646191,Yes
EMP000825,ST0031,Fiyaz Palla,Male,Billing,Associate,31900,2013-05-31,Full-Time,Morning,emp000825@retailsphere.com,9831830940,Yes
EMP000826,ST0148,Brijesh Suresh,Male,Inventory,Associate,23114,2014-07-12,Full-Time,Morning,emp000826@retailsphere.com,9517267266,Yes
EMP000827,ST0116,Pranav Pathak,Male,Sales,Associate,24950,2021-04-12,Full-Time,Morning,emp000827@retailsphere.com,9187428238,Yes
EMP000828,ST0185,Yauvani Kota,Female,Sales,Associate,26805,2023-06-21,Full-Time,Morning,emp000828@retailsphere.com,9464893802,Yes
EMP000829,ST0105,Damyanti Raman,Female,Sales,Assistant Manager,77348,2021-10-14,Full-Time,Evening,emp000829@retailsphere.com,9966693981,Yes
EMP000830,ST0058,Raksha Agrawal,Female,Security,Associate,25300,2021-10-03,Full-Time,Morning,emp000830@retailsphere.com,9595290764,Yes
EMP000831,ST0166,Varenya Kalla,Female,Sales,Senior Associate,33550,2016-06-29,Full-Time,Night,emp000831@retailsphere.com,9728518390,Yes
EMP000832,ST0002,Amaira Bora,Female,Sales,Associate,29291,2025-06-29,Part-Time,Morning,emp000832@retailsphere.com,9764851448,Yes
EMP000833,ST0027,Vaishnavi Kannan,Female,Inventory,Associate,29103,2020-02-14,Contract,Evening,emp000833@retailsphere.com,9573282841,Yes
EMP000834,ST0191,Bina Balasubramanian,Female,Sales,Senior Associate,38209,2024-08-10,Full-Time,Evening,emp000834@retailsphere.com,9589737138,Yes
EMP000835,ST0170,William Iyer,Male,Sales,Supervisor,50386,2021-10-30,Full-Time,Night,emp000835@retailsphere.com,9619228186,Yes
EMP000836,ST0182,Nitara Parsa,Female,Sales,Senior Associate,33387,2022-06-19,Full-Time,Morning,emp000836@retailsphere.com,9214118267,Yes
EMP000837,ST0199,Onkar Sani,Male,Sales,Associate,27644,2014-04-13,Full-Time,Evening,emp000837@retailsphere.com,9926330887,Yes
EMP000838,ST0083,Veda Hayre,Female,Sales,Associate,30078,2025-12-05,Full-Time,Morning,emp000838@retailsphere.com,9199821187,Yes
EMP000839,ST0055,Ayaan Sidhu,Male,Sales,Associate,23620,2018-01-29,Contract,Night,emp000839@retailsphere.com,9624415322,Yes
EMP000840,ST0082,Lohit Srinivas,Male,Sales,Associate,27766,2018-12-02,Full-Time,Evening,emp000840@retailsphere.com,9492855433,Yes
EMP000841,ST0183,Aayush Trivedi,Male,Inventory,Senior Associate,41593,2019-11-13,Full-Time,Evening,emp000841@retailsphere.com,9461737867,Yes
EMP000842,ST0046,Charan Pau,Male,Security,Associate,25624,2011-11-04,Full-Time,Evening,emp000842@retailsphere.com,9524905487,Yes
EMP000843,ST0079,Tejas Patla,Male,Sales,Associate,23659,2016-10-17,Full-Time,Night,emp000843@retailsphere.com,9685361056,Yes
EMP000844,ST0156,Yashawini Bhat,Female,Sales,Supervisor,51079,2021-09-16,Full-Time,Night,emp000844@retailsphere.com,9218547032,Yes
EMP000845,ST0177,Saanvi Mutti,Female,Billing,Associate,30887,2024-04-29,Full-Time,Evening,emp000845@retailsphere.com,9584504385,Yes
EMP000846,ST0116,Yamini Jha,Female,Sales,Senior Associate,38776,2016-11-07,Full-Time,Morning,emp000846@retailsphere.com,9417328118,Yes
EMP000847,ST0102,Hitesh Nazareth,Male,Security,Associate,31423,2017-05-10,Part-Time,Evening,emp000847@retailsphere.com,9756671581,Yes
EMP000848,ST0184,Aryan Datta,Male,Sales,Senior Associate,36269,2021-11-10,Full-Time,Evening,emp000848@retailsphere.com,9823259386,Yes
EMP000849,ST0110,Darpan Kulkarni,Male,Sales,Supervisor,58330,2016-05-24,Full-Time,Morning,emp000849@retailsphere.com,9581510898,Yes
EMP000850,ST0171,Harsh Parmer,Male,Billing,Associate,25027,2019-07-21,Contract,Morning,emp000850@retailsphere.com,9607350041,Yes
EMP000851,ST0062,Ayush Srinivas,Male,Inventory,Associate,26928,2022-07-06,Full-Time,Evening,emp000851@retailsphere.com,9685931540,Yes
EMP000852,ST0102,Arjun Lal,Male,Sales,Associate,25084,2021-06-28,Full-Time,Morning,emp000852@retailsphere.com,9541807514,Yes
EMP000853,ST0109,Saanvi Lad,Female,Sales,Associate,30177,2019-12-24,Full-Time,Evening,emp000853@retailsphere.com,9673577044,Yes
EMP000854,ST0194,Pranav Chandra,Male,Billing,Senior Associate,42928,2015-12-26,Part-Time,Evening,emp000854@retailsphere.com,9177467804,Yes
EMP000855,ST0154,Ishanvi Dyal,Female,Security,Associate,22352,2024-11-29,Contract,Morning,emp000855@retailsphere.com,9857546627,Yes
EMP000856,ST0025,Hemal Bal,Female,HR,Associate,24973,2021-10-20,Full-Time,Evening,emp000856@retailsphere.com,9797015270,Yes
EMP000857,ST0151,Aashi Vyas,Female,Sales,Associate,28481,2016-04-26,Full-Time,Evening,emp000857@retailsphere.com,9914180402,Yes
EMP000858,ST0194,Anusha Modi,Female,HR,Senior Associate,43634,2026-06-28,Full-Time,Morning,emp000858@retailsphere.com,9734288638,Yes
EMP000859,ST0082,Mohini Rajagopal,Female,Inventory,Manager,125486,2019-09-03,Full-Time,Morning,emp000859@retailsphere.com,9684126547,Yes
EMP000860,ST0017,Oliver Balan,Male,Sales,Associate,24777,2019-06-06,Full-Time,Evening,emp000860@retailsphere.com,9426268328,Yes
EMP000861,ST0102,Ikbal Oak,Male,Billing,Associate,24268,2025-08-12,Full-Time,Night,emp000861@retailsphere.com,9316971528,Yes
EMP000862,ST0101,Sai Lanka,Female,Security,Associate,25280,2025-12-09,Full-Time,Morning,emp000862@retailsphere.com,9292089485,Yes
EMP000863,ST0031,Madhavi Sunder,Female,Sales,Associate,22832,2025-03-03,Full-Time,Morning,emp000863@retailsphere.com,9314221949,Yes
EMP000864,ST0110,Edhitha Deshpande,Female,Billing,Associate,26508,2018-01-30,Full-Time,Morning,emp000864@retailsphere.com,9745400040,Yes
EMP000865,ST0179,Zaid Sule,Male,Inventory,Associate,31008,2016-06-25,Part-Time,Evening,emp000865@retailsphere.com,9214870399,Yes
EMP000866,ST0061,Damini Samra,Female,Billing,Associate,29310,2020-05-18,Full-Time,Morning,emp000866@retailsphere.com,9925412259,Yes
EMP000867,ST0080,Bhanumati Kohli,Female,Sales,Associate,27347,2016-12-05,Full-Time,Night,emp000867@retailsphere.com,9930270877,Yes
EMP000868,ST0183,Hemangini Tripathi,Female,Billing,Assistant Manager,69570,2014-02-11,Full-Time,Morning,emp000868@retailsphere.com,9327665776,Yes
EMP000869,ST0148,Reyansh Srivastava,Male,Sales,Assistant Manager,75524,2025-12-03,Full-Time,Morning,emp000869@retailsphere.com,9434149377,Yes
EMP000870,ST0034,Yadavi Anne,Female,Sales,Associate,28796,2024-07-18,Full-Time,Evening,emp000870@retailsphere.com,9341507307,Yes
EMP000871,ST0033,Yatan Naik,Male,Customer Support,Senior Associate,44544,2026-01-27,Full-Time,Evening,emp000871@retailsphere.com,9537075216,Yes
EMP000872,ST0159,Reva Pau,Female,Customer Support,Associate,23067,2018-07-29,Full-Time,Evening,emp000872@retailsphere.com,9782050266,Yes
EMP000873,ST0126,Siddharth Nadig,Male,Inventory,Senior Associate,43436,2013-07-25,Full-Time,Evening,emp000873@retailsphere.com,9776313751,Yes
EMP000874,ST0067,Ishwar Prashad,Male,Security,Associate,24048,2024-01-03,Full-Time,Evening,emp000874@retailsphere.com,9770288244,Yes
EMP000875,ST0193,Januja Singhal,Female,Sales,Supervisor,63562,2021-03-17,Full-Time,Evening,emp000875@retailsphere.com,9707805379,Yes
EMP000876,ST0147,Jonathan Hayre,Male,Sales,Associate,28904,2014-10-31,Full-Time,Morning,emp000876@retailsphere.com,9191898380,No
EMP000877,ST0158,Jack Varghese,Male,Inventory,Associate,27280,2015-12-24,Full-Time,Evening,emp000877@retailsphere.com,9604710244,Yes
EMP000878,ST0040,Abhiram Bose,Male,Billing,Assistant Manager,67967,2025-02-16,Full-Time,Evening,emp000878@retailsphere.com,9865119820,Yes
EMP000879,ST0133,Gautam Shenoy,Male,Security,Supervisor,55836,2019-08-19,Full-Time,Morning,emp000879@retailsphere.com,9714465182,Yes
EMP000880,ST0173,Kritika Master,Female,Sales,Associate,28937,2020-10-09,Full-Time,Morning,emp000880@retailsphere.com,9256517033,Yes
EMP000881,ST0080,Yashica Agate,Female,Billing,Associate,26262,2023-04-12,Full-Time,Night,emp000881@retailsphere.com,9617688390,Yes
EMP000882,ST0147,Meera Bansal,Female,Sales,Associate,26292,2023-12-18,Full-Time,Night,emp000882@retailsphere.com,9712950630,Yes
EMP000883,ST0172,Ishita Bhakta,Female,Sales,Associate,23741,2013-11-06,Full-Time,Evening,emp000883@retailsphere.com,9434080503,Yes
EMP000884,ST0172,Sachi Johal,Female,Customer Support,Associate,24979,2014-06-06,Full-Time,Evening,emp000884@retailsphere.com,9466637211,Yes
EMP000885,ST0195,Vasatika Wable,Female,Sales,Supervisor,45117,2016-01-11,Part-Time,Evening,emp000885@retailsphere.com,9574182652,Yes
EMP000886,ST0131,Wishi Uppal,Female,Sales,Assistant Manager,74773,2021-02-05,Full-Time,Evening,emp000886@retailsphere.com,9398858607,Yes
EMP000887,ST0110,Wishi Nagi,Female,Customer Support,Associate,25367,2013-12-05,Full-Time,Night,emp000887@retailsphere.com,9498773805,Yes
EMP000888,ST0091,Zashil Tailor,Male,Sales,Associate,23733,2019-02-05,Full-Time,Evening,emp000888@retailsphere.com,9468159875,Yes
EMP000889,ST0053,Isaiah Pradhan,Male,Billing,Associate,31757,2021-09-12,Full-Time,Morning,emp000889@retailsphere.com,9320214469,Yes
EMP000890,ST0090,Sanaya Bains,Female,Customer Support,Associate,30744,2020-01-06,Full-Time,Morning,emp000890@retailsphere.com,9730657614,Yes
EMP000891,ST0089,Sathvik Kala,Male,Security,Associate,30264,2017-02-18,Full-Time,Evening,emp000891@retailsphere.com,9797597185,Yes
EMP000892,ST0048,Charvi Pandya,Female,Billing,Senior Associate,37466,2015-08-04,Full-Time,Night,emp000892@retailsphere.com,9416974317,Yes
EMP000893,ST0099,Rachit Sridhar,Male,Inventory,Associate,29875,2016-04-19,Full-Time,Evening,emp000893@retailsphere.com,9337983346,Yes
EMP000894,ST0024,Gautami Balan,Female,Billing,Senior Associate,38892,2016-08-03,Part-Time,Morning,emp000894@retailsphere.com,9130569490,Yes
EMP000895,ST0094,Ronith Sagar,Male,Sales,Associate,29012,2022-05-14,Full-Time,Evening,emp000895@retailsphere.com,9637142245,Yes
EMP000896,ST0025,Anusha Muni,Female,Security,Senior Associate,39325,2026-07-24,Full-Time,Evening,emp000896@retailsphere.com,9824293964,Yes
EMP000897,ST0057,Jagvi Kashyap,Female,Sales,Associate,26177,2018-06-01,Full-Time,Evening,emp000897@retailsphere.com,9310763026,Yes
EMP000898,ST0165,Mahika Sandal,Female,Security,Senior Associate,44870,2019-12-20,Full-Time,Morning,emp000898@retailsphere.com,9667966229,Yes
EMP000899,ST0061,Tara Zacharia,Female,Sales,Manager,135940,2017-12-03,Full-Time,Morning,emp000899@retailsphere.com,9502097921,Yes
EMP000900,ST0048,Arin Malhotra,Male,Sales,Associate,26535,2023-01-01,Full-Time,Evening,emp000900@retailsphere.com,9425782822,Yes
EMP000901,ST0119,Udant Mohan,Male,Inventory,Associate,26108,2015-02-22,Full-Time,Night,emp000901@retailsphere.com,9191970075,Yes
EMP000902,ST0132,Arunima Prasad,Female,Sales,Senior Associate,37897,2025-01-28,Full-Time,Night,emp000902@retailsphere.com,9932122890,Yes
EMP000903,ST0117,Warhi Agarwal,Female,Inventory,Associate,24812,2022-01-18,Full-Time,Evening,emp000903@retailsphere.com,9295719140,Yes
EMP000904,ST0067,Zarna Goyal,Female,Sales,Associate,31797,2013-04-05,Full-Time,Morning,emp000904@retailsphere.com,9897759085,Yes
EMP000905,ST0062,Azad Anand,Male,Sales,Associate,29670,2012-11-30,Contract,Morning,emp000905@retailsphere.com,9630006513,Yes
EMP000906,ST0003,Yashvi Gokhale,Female,Sales,Associate,25610,2013-09-26,Full-Time,Evening,emp000906@retailsphere.com,9279845751,Yes
EMP000907,ST0104,Chakradev Narayanan,Male,Security,Associate,31426,2014-11-03,Full-Time,Evening,emp000907@retailsphere.com,9151890973,Yes
EMP000908,ST0001,Chandran Naik,Male,HR,Associate,30070,2015-12-05,Part-Time,Morning,emp000908@retailsphere.com,9749208599,Yes
EMP000909,ST0049,Edhitha Nayar,Female,Customer Support,Associate,29070,2019-10-18,Full-Time,Evening,emp000909@retailsphere.com,9179043762,Yes
EMP000910,ST0052,Kavya Prabhakar,Female,Billing,Associate,29005,2012-11-17,Full-Time,Evening,emp000910@retailsphere.com,9248897178,Yes
EMP000911,ST0112,Januja Ramaswamy,Female,Billing,Associate,27502,2023-12-08,Full-Time,Morning,emp000911@retailsphere.com,9118352120,No
EMP000912,ST0082,Shravya Varkey,Female,Inventory,Senior Associate,40783,2017-07-22,Full-Time,Morning,emp000912@retailsphere.com,9742113783,Yes
EMP000913,ST0133,Qabil Lad,Male,Customer Support,Senior Associate,35236,2015-02-08,Full-Time,Morning,emp000913@retailsphere.com,9269587826,Yes
EMP000914,ST0085,Kashvi Parikh,Female,HR,Manager,103092,2019-09-21,Full-Time,Evening,emp000914@retailsphere.com,9420317852,Yes
EMP000915,ST0195,Mohammed Grover,Male,Sales,Associate,25763,2016-05-01,Full-Time,Evening,emp000915@retailsphere.com,9665933338,Yes
EMP000916,ST0060,Aishani Chakraborty,Female,Sales,Assistant Manager,70075,2012-02-11,Part-Time,Night,emp000916@retailsphere.com,9128869289,Yes
EMP000917,ST0120,Vanya Chaudhuri,Female,Inventory,Associate,26321,2022-08-30,Full-Time,Morning,emp000917@retailsphere.com,9986400445,Yes
EMP000918,ST0089,Nathan Din,Male,Sales,Associate,28594,2013-11-11,Full-Time,Evening,emp000918@retailsphere.com,9622466906,Yes
EMP000919,ST0162,Aayush Randhawa,Male,Security,Associate,28713,2024-03-24,Full-Time,Evening,emp000919@retailsphere.com,9850355315,Yes
EMP000920,ST0173,Tanish Hans,Male,Billing,Associate,26639,2023-04-01,Full-Time,Morning,emp000920@retailsphere.com,9111899516,Yes
EMP000921,ST0026,Nihal Morar,Male,Sales,Assistant Manager,68965,2012-12-13,Full-Time,Morning,emp000921@retailsphere.com,9684998111,Yes
EMP000922,ST0066,Yochana Kala,Female,Sales,Senior Associate,34341,2026-07-14,Contract,Morning,emp000922@retailsphere.com,9196467747,Yes
EMP000923,ST0016,Kavya Kar,Female,Sales,Associate,29470,2011-09-04,Contract,Morning,emp000923@retailsphere.com,9188567599,Yes
EMP000924,ST0156,Viraj Cheema,Male,Sales,Senior Associate,37896,2020-11-06,Full-Time,Evening,emp000924@retailsphere.com,9952840771,Yes
EMP000925,ST0194,Yatan Sinha,Male,Inventory,Supervisor,46822,2023-08-22,Contract,Evening,emp000925@retailsphere.com,9428546722,No
EMP000926,ST0103,Chavvi Krishnan,Female,Sales,Associate,23582,2024-10-05,Full-Time,Evening,emp000926@retailsphere.com,9165704421,Yes
EMP000927,ST0008,Nachiket Sami,Male,Sales,Senior Associate,35953,2019-06-16,Full-Time,Morning,emp000927@retailsphere.com,9381920459,Yes
EMP000928,ST0172,Kritika Chacko,Female,Sales,Associate,23673,2019-09-26,Full-Time,Morning,emp000928@retailsphere.com,9587194234,Yes
EMP000929,ST0074,Zinal Keer,Female,Inventory,Associate,27770,2015-05-04,Full-Time,Morning,emp000929@retailsphere.com,9213572878,Yes
EMP000930,ST0109,Manthan Venkataraman,Male,Customer Support,Associate,24732,2016-01-19,Full-Time,Evening,emp000930@retailsphere.com,9768223317,Yes
EMP000931,ST0003,Gaurika Chahal,Female,Inventory,Associate,28425,2013-11-26,Full-Time,Morning,emp000931@retailsphere.com,9642242619,Yes
EMP000932,ST0165,Jasmit Bail,Female,Billing,Senior Associate,41518,2017-05-02,Full-Time,Morning,emp000932@retailsphere.com,9839897353,Yes
EMP000933,ST0099,Balhaar Panchal,Male,Security,Senior Associate,36224,2017-03-05,Part-Time,Evening,emp000933@retailsphere.com,9692226163,Yes
EMP000934,ST0176,Praneel Pathak,Male,Inventory,Associate,28573,2025-10-02,Full-Time,Morning,emp000934@retailsphere.com,9820901953,Yes
EMP000935,ST0020,Advika Pant,Female,Billing,Senior Associate,34023,2025-03-10,Full-Time,Evening,emp000935@retailsphere.com,9693280181,Yes
EMP000936,ST0149,Jasmit Sahota,Female,Sales,Associate,30235,2014-08-17,Full-Time,Evening,emp000936@retailsphere.com,9767719069,Yes
EMP000937,ST0077,Warjas Vig,Male,Security,Associate,23324,2018-04-27,Full-Time,Night,emp000937@retailsphere.com,9628700083,Yes
EMP000938,ST0034,Theodore Dave,Male,Sales,Associate,30442,2025-01-26,Full-Time,Night,emp000938@retailsphere.com,9132929619,Yes
EMP000939,ST0026,Sara Varma,Female,Sales,Associate,30504,2024-01-17,Full-Time,Morning,emp000939@retailsphere.com,9589189806,Yes
EMP000940,ST0068,Widisha Tailor,Female,Security,Associate,25071,2013-04-29,Full-Time,Night,emp000940@retailsphere.com,9791287525,Yes
EMP000941,ST0147,Vincent Agrawal,Male,Customer Support,Associate,30942,2012-02-02,Full-Time,Evening,emp000941@retailsphere.com,9243247306,Yes
EMP000942,ST0143,Anita Nori,Female,Sales,Associate,23984,2025-07-30,Full-Time,Evening,emp000942@retailsphere.com,9695686644,No
EMP000943,ST0005,Meera Venkatesh,Female,Billing,Supervisor,61062,2019-06-30,Full-Time,Evening,emp000943@retailsphere.com,9976592779,Yes
EMP000944,ST0064,Chasmum Chandra,Female,Billing,Associate,24066,2012-05-26,Full-Time,Night,emp000944@retailsphere.com,9737551408,Yes
EMP000945,ST0172,Meera Venkatesh,Female,Billing,Senior Associate,40681,2021-04-15,Full-Time,Morning,emp000945@retailsphere.com,9554193966,Yes
EMP000946,ST0185,Ishanvi Gera,Female,Inventory,Manager,109535,2021-09-30,Full-Time,Evening,emp000946@retailsphere.com,9387644711,Yes
EMP000947,ST0059,Frado Cherian,Male,Sales,Associate,23768,2022-08-21,Full-Time,Night,emp000947@retailsphere.com,9100032240,Yes
EMP000948,ST0046,Vasatika Gokhale,Female,Billing,Senior Associate,42546,2016-11-17,Part-Time,Evening,emp000948@retailsphere.com,9874762194,Yes
EMP000949,ST0046,Pavani Minhas,Female,Billing,Associate,23937,2015-03-26,Full-Time,Night,emp000949@retailsphere.com,9126608064,Yes
EMP000950,ST0104,Nathan D’Alia,Male,Billing,Senior Associate,42737,2020-05-13,Part-Time,Morning,emp000950@retailsphere.com,9259781148,Yes
EMP000951,ST0142,Samar Korpal,Male,Inventory,Associate,22485,2015-08-10,Full-Time,Evening,emp000951@retailsphere.com,9391581363,Yes
EMP000952,ST0141,Wridesh Raghavan,Male,Sales,Associate,29974,2018-01-01,Full-Time,Evening,emp000952@retailsphere.com,9136717773,Yes
EMP000953,ST0152,Amol Ganguly,Male,Sales,Associate,30767,2019-01-18,Full-Time,Night,emp000953@retailsphere.com,9132796343,Yes
EMP000954,ST0068,Jeet Thaman,Male,Security,Supervisor,51196,2024-04-05,Full-Time,Evening,emp000954@retailsphere.com,9428575999,Yes
EMP000955,ST0124,Leela Verma,Female,Sales,Supervisor,52168,2023-01-15,Full-Time,Morning,emp000955@retailsphere.com,9353434799,Yes
EMP000956,ST0133,Urvashi Sandhu,Female,HR,Associate,28005,2023-10-04,Full-Time,Morning,emp000956@retailsphere.com,9833634871,Yes
EMP000957,ST0181,Idika Sinha,Female,Billing,Associate,24216,2020-12-28,Full-Time,Evening,emp000957@retailsphere.com,9882794956,Yes
EMP000958,ST0073,Raagini Dutta,Female,HR,Associate,23008,2025-06-18,Part-Time,Evening,emp000958@retailsphere.com,9331399028,Yes
EMP000959,ST0019,Gaurav Lall,Male,Sales,Supervisor,53612,2012-11-30,Full-Time,Night,emp000959@retailsphere.com,9335906834,Yes
EMP000960,ST0083,Qadim Bawa,Male,Sales,Supervisor,45374,2022-11-19,Full-Time,Evening,emp000960@retailsphere.com,9270619361,Yes
EMP000961,ST0002,Wishi Wadhwa,Female,Inventory,Associate,25758,2026-04-22,Full-Time,Evening,emp000961@retailsphere.com,9225348073,Yes
EMP000962,ST0176,Mohammed Sarma,Male,Sales,Supervisor,55388,2022-01-27,Full-Time,Morning,emp000962@retailsphere.com,9665254320,Yes
EMP000963,ST0175,Benjamin Dyal,Male,Billing,Associate,28725,2023-01-14,Full-Time,Morning,emp000963@retailsphere.com,9309993095,Yes
EMP000964,ST0119,Varenya Dave,Female,Sales,Associate,30018,2016-11-15,Full-Time,Morning,emp000964@retailsphere.com,9886613326,Yes
EMP000965,ST0051,Damyanti Kumer,Female,Sales,Senior Associate,42168,2012-10-30,Full-Time,Evening,emp000965@retailsphere.com,9272557838,Yes
EMP000966,ST0151,Ucchal Shan,Female,Sales,Associate,26371,2012-12-17,Full-Time,Evening,emp000966@retailsphere.com,9866132379,Yes
EMP000967,ST0134,Imaran Merchant,Male,Security,Senior Associate,42496,2024-08-14,Full-Time,Evening,emp000967@retailsphere.com,9480065778,Yes
EMP000968,ST0182,Abhimanyu Rattan,Male,Customer Support,Associate,31122,2024-10-09,Full-Time,Night,emp000968@retailsphere.com,9492246791,Yes
EMP000969,ST0184,Isaiah Kadakia,Male,Inventory,Senior Associate,43559,2014-01-12,Full-Time,Morning,emp000969@retailsphere.com,9949468489,Yes
EMP000970,ST0182,Urvi Mohan,Female,HR,Associate,22990,2023-01-17,Full-Time,Morning,emp000970@retailsphere.com,9460718278,Yes
EMP000971,ST0113,Shravya Sethi,Female,Customer Support,Supervisor,52633,2015-08-20,Full-Time,Evening,emp000971@retailsphere.com,9749159566,Yes
EMP000972,ST0167,Agastya Warrior,Male,Sales,Senior Associate,32507,2018-07-11,Full-Time,Morning,emp000972@retailsphere.com,9833863624,Yes
EMP000973,ST0172,Bina Grover,Female,Security,Associate,24786,2013-07-01,Full-Time,Morning,emp000973@retailsphere.com,9953005551,Yes
EMP000974,ST0171,Vritti Kumer,Female,Inventory,Assistant Manager,79818,2024-01-03,Full-Time,Morning,emp000974@retailsphere.com,9603011536,Yes
EMP000975,ST0175,Ekaraj Bhakta,Male,Security,Senior Associate,37154,2017-10-02,Full-Time,Morning,emp000975@retailsphere.com,9831859802,Yes
EMP000976,ST0172,Eiravati Ravi,Female,Security,Senior Associate,38211,2021-11-04,Full-Time,Evening,emp000976@retailsphere.com,9480615989,No
EMP000977,ST0164,Idika Choudhry,Female,Sales,Supervisor,58384,2022-01-17,Full-Time,Evening,emp000977@retailsphere.com,9113728297,Yes
EMP000978,ST0195,Jalsa Grewal,Female,Sales,Manager,133630,2019-11-11,Full-Time,Evening,emp000978@retailsphere.com,9916650194,Yes
EMP000979,ST0026,Urvi Bhardwaj,Female,Customer Support,Senior Associate,41624,2021-11-12,Full-Time,Morning,emp000979@retailsphere.com,9256125253,Yes
EMP000980,ST0038,Turvi Divan,Female,Security,Senior Associate,33499,2013-10-21,Full-Time,Morning,emp000980@retailsphere.com,9892533648,Yes
EMP000981,ST0169,Indira Chowdhury,Female,Customer Support,Associate,28470,2023-07-09,Full-Time,Morning,emp000981@retailsphere.com,9608172187,Yes
EMP000982,ST0023,Sanaya Sarraf,Female,Sales,Associate,24435,2019-10-22,Full-Time,Morning,emp000982@retailsphere.com,9489587943,Yes
EMP000983,ST0114,Maanav Mani,Male,Billing,Manager,124271,2018-12-26,Full-Time,Morning,emp000983@retailsphere.com,9458490693,Yes
EMP000984,ST0084,Luke Balay,Male,Inventory,Associate,28918,2025-04-22,Full-Time,Night,emp000984@retailsphere.com,9880444754,Yes
EMP000985,ST0019,Gayathri Acharya,Female,Billing,Senior Associate,33848,2011-10-13,Full-Time,Evening,emp000985@retailsphere.com,9142020811,Yes
EMP000986,ST0173,Aarush Hayer,Male,Sales,Senior Associate,32562,2014-08-02,Full-Time,Morning,emp000986@retailsphere.com,9727410014,Yes
EMP000987,ST0136,Lila Jaggi,Female,Billing,Associate,24965,2018-12-31,Full-Time,Evening,emp000987@retailsphere.com,9363126849,Yes
EMP000988,ST0200,Dev Bhandari,Male,Customer Support,Associate,26528,2016-05-23,Full-Time,Morning,emp000988@retailsphere.com,9920597591,Yes
EMP000989,ST0158,Yagnesh Sabharwal,Male,Billing,Associate,27239,2022-02-12,Full-Time,Evening,emp000989@retailsphere.com,9420311000,Yes
EMP000990,ST0158,Abhiram Srivastava,Male,Sales,Associate,26120,2011-09-29,Part-Time,Evening,emp000990@retailsphere.com,9681540434,Yes
EMP000991,ST0138,Brijesh Dutt,Male,Sales,Senior Associate,35543,2021-05-28,Part-Time,Evening,emp000991@retailsphere.com,9821004137,Yes
EMP000992,ST0071,Jeevika Salvi,Female,Customer Support,Associate,23475,2014-05-23,Full-Time,Morning,emp000992@retailsphere.com,9806233010,Yes
EMP000993,ST0176,Zehaan Ben,Male,Sales,Senior Associate,39476,2023-06-29,Full-Time,Evening,emp000993@retailsphere.com,9513122986,Yes
EMP000994,ST0010,Ijaya Loke,Female,Sales,Associate,26909,2024-11-22,Full-Time,Evening,emp000994@retailsphere.com,9667824125,Yes
EMP000995,ST0154,Aishani Borah,Female,Sales,Associate,23183,2018-07-12,Full-Time,Evening,emp000995@retailsphere.com,9729922476,Yes
EMP000996,ST0029,Orinder Dube,Male,Sales,Associate,26618,2023-06-23,Full-Time,Morning,emp000996@retailsphere.com,9808874533,Yes
EMP000997,ST0157,Hardik Raval,Male,Sales,Associate,30938,2021-01-08,Part-Time,Night,emp000997@retailsphere.com,9342154385,Yes
EMP000998,ST0085,Krish Venkatesh,Male,Sales,Senior Associate,40562,2015-09-25,Full-Time,Night,emp000998@retailsphere.com,9241915775,Yes
EMP000999,ST0143,Ira Kade,Female,Sales,Supervisor,58040,2022-07-31,Full-Time,Evening,emp000999@retailsphere.com,9256046104,Yes
EMP001000,ST0026,Samuel Bedi,Male,Sales,Associate,22189,2014-06-30,Full-Time,Morning,emp001000@retailsphere.com,9918685003,Yes
EMP001001,ST0191,Yasti Dara,Female,Inventory,Senior Associate,36657,2012-11-09,Full-Time,Evening,emp001001@retailsphere.com,9201658858,Yes
EMP001002,ST0013,Amaira Bhatnagar,Female,Sales,Associate,26357,2015-08-09,Contract,Morning,emp001002@retailsphere.com,9334572018,Yes
EMP001003,ST0016,Yatan Kadakia,Male,Sales,Associate,23492,2020-01-08,Part-Time,Morning,emp001003@retailsphere.com,9653429015,Yes
EMP001004,ST0184,Laksh Garde,Male,Sales,Assistant Manager,82907,2013-09-06,Full-Time,Evening,emp001004@retailsphere.com,9608691738,Yes
EMP001005,ST0081,Faris Reddy,Male,Billing,Associate,24320,2019-11-25,Full-Time,Morning,emp001005@retailsphere.com,9239026949,Yes
EMP001006,ST0002,Qadim Taneja,Male,Inventory,Senior Associate,40029,2019-02-16,Full-Time,Morning,emp001006@retailsphere.com,9532203420,Yes
EMP001007,ST0110,Darika Zachariah,Female,Customer Support,Associate,24693,2015-01-30,Full-Time,Morning,emp001007@retailsphere.com,9483308796,Yes
EMP001008,ST0082,Zaid Patla,Male,Inventory,Associate,27240,2018-11-17,Full-Time,Evening,emp001008@retailsphere.com,9353974716,Yes
EMP001009,ST0052,Laban Ahluwalia,Male,Inventory,Associate,22786,2014-08-26,Full-Time,Evening,emp001009@retailsphere.com,9517407381,Yes
EMP001010,ST0049,Bimala Patil,Female,Billing,Associate,31272,2022-03-21,Full-Time,Evening,emp001010@retailsphere.com,9585477330,Yes
EMP001011,ST0161,Ekta Dada,Female,Sales,Assistant Manager,77234,2024-01-10,Full-Time,Morning,emp001011@retailsphere.com,9547996752,Yes
EMP001012,ST0166,Shivansh Chana,Male,Security,Associate,26353,2012-03-21,Full-Time,Morning,emp001012@retailsphere.com,9224644814,Yes
EMP001013,ST0035,Dakshesh Krishna,Male,Sales,Associate,23042,2012-02-09,Full-Time,Morning,emp001013@retailsphere.com,9249735780,Yes
EMP001014,ST0012,Upkaar Munshi,Male,Inventory,Associate,30051,2026-07-12,Full-Time,Evening,emp001014@retailsphere.com,9172493269,Yes
EMP001015,ST0150,Nidhi Dua,Female,Sales,Senior Associate,32671,2014-07-28,Full-Time,Evening,emp001015@retailsphere.com,9971510229,Yes
EMP001016,ST0033,Chakradev Sundaram,Male,Sales,Senior Associate,41639,2015-11-19,Full-Time,Morning,emp001016@retailsphere.com,9249078102,Yes
EMP001017,ST0184,Yoshita Lala,Female,Customer Support,Associate,28572,2023-06-07,Full-Time,Night,emp001017@retailsphere.com,9525832857,Yes
EMP001018,ST0053,Pahal Choudhry,Female,Inventory,Senior Associate,33506,2025-04-25,Part-Time,Evening,emp001018@retailsphere.com,9910535369,Yes
EMP001019,ST0161,Udyati Ravel,Female,Customer Support,Associate,30644,2025-07-06,Full-Time,Morning,emp001019@retailsphere.com,9937006843,Yes
EMP001020,ST0170,Aishani Saha,Female,Sales,Senior Associate,33983,2022-09-21,Contract,Evening,emp001020@retailsphere.com,9904533184,Yes
EMP001021,ST0055,Nisha Murty,Female,Billing,Manager,115556,2018-04-13,Full-Time,Evening,emp001021@retailsphere.com,9724110058,Yes
EMP001022,ST0018,Ijaya Sankaran,Female,Billing,Associate,25453,2024-10-08,Full-Time,Morning,emp001022@retailsphere.com,9748894213,Yes
EMP001023,ST0131,Chaitaly Khare,Female,Security,Associate,22750,2025-07-07,Full-Time,Night,emp001023@retailsphere.com,9882097342,Yes
EMP001024,ST0006,Oliver Tiwari,Male,Customer Support,Supervisor,47005,2024-03-27,Full-Time,Morning,emp001024@retailsphere.com,9649905618,Yes
EMP001025,ST0046,Dalbir Barman,Male,Security,Senior Associate,35743,2019-04-12,Full-Time,Evening,emp001025@retailsphere.com,9381664888,Yes
EMP001026,ST0174,Gayathri Vala,Female,Sales,Associate,26484,2014-03-20,Part-Time,Morning,emp001026@retailsphere.com,9726295380,Yes
EMP001027,ST0157,Tarak Dubey,Male,Sales,Associate,26385,2023-03-28,Full-Time,Evening,emp001027@retailsphere.com,9551993435,Yes
EMP001028,ST0094,Indali Chawla,Female,Billing,Associate,27545,2025-11-15,Full-Time,Morning,emp001028@retailsphere.com,9260217550,Yes
EMP001029,ST0094,Wridesh Bahl,Male,Inventory,Associate,23668,2021-12-31,Full-Time,Morning,emp001029@retailsphere.com,9830234507,Yes
EMP001030,ST0011,Harshil Upadhyay,Male,Sales,Associate,31429,2021-07-13,Full-Time,Evening,emp001030@retailsphere.com,9908705160,Yes
EMP001031,ST0083,Vrishti Ray,Female,Sales,Associate,23633,2021-05-20,Full-Time,Morning,emp001031@retailsphere.com,9222040440,Yes
EMP001032,ST0097,Chandran Parekh,Male,Customer Support,Associate,26755,2022-03-17,Full-Time,Evening,emp001032@retailsphere.com,9439971151,Yes
EMP001033,ST0104,William Palla,Male,Customer Support,Associate,26284,2012-09-25,Full-Time,Morning,emp001033@retailsphere.com,9101866026,Yes
EMP001034,ST0189,Bakhshi Tandon,Male,Sales,Associate,30274,2015-03-02,Full-Time,Morning,emp001034@retailsphere.com,9760476991,Yes
EMP001035,ST0197,Vihaan Issac,Male,Sales,Senior Associate,43454,2013-01-24,Full-Time,Morning,emp001035@retailsphere.com,9517454093,Yes
EMP001036,ST0134,Widisha Bail,Female,Sales,Associate,28140,2013-04-09,Full-Time,Morning,emp001036@retailsphere.com,9837464572,Yes
EMP001037,ST0036,Balhaar Bumb,Male,Sales,Senior Associate,33714,2025-05-23,Full-Time,Morning,emp001037@retailsphere.com,9509983168,Yes
EMP001038,ST0040,Darsh Dara,Male,Security,Manager,104967,2022-10-17,Full-Time,Evening,emp001038@retailsphere.com,9412021717,Yes
EMP001039,ST0111,Omaja Acharya,Female,Customer Support,Supervisor,58564,2012-02-21,Full-Time,Night,emp001039@retailsphere.com,9537597432,Yes
EMP001040,ST0072,Yash Loyal,Male,Customer Support,Associate,23053,2016-08-09,Full-Time,Morning,emp001040@retailsphere.com,9335144838,Yes
EMP001041,ST0030,Dalaja Shetty,Female,Sales,Senior Associate,43569,2015-03-16,Full-Time,Morning,emp001041@retailsphere.com,9916852414,Yes
EMP001042,ST0196,Keya Agarwal,Female,Inventory,Associate,30944,2021-04-06,Full-Time,Morning,emp001042@retailsphere.com,9188785070,Yes
EMP001043,ST0016,Abha Sule,Female,Inventory,Associate,25898,2023-07-16,Contract,Night,emp001043@retailsphere.com,9615398089,Yes
EMP001044,ST0189,Jyoti Dora,Female,Inventory,Associate,25085,2012-04-13,Full-Time,Evening,emp001044@retailsphere.com,9113056443,Yes
EMP001045,ST0083,Lucky Hans,Male,Billing,Assistant Manager,86362,2015-09-30,Full-Time,Morning,emp001045@retailsphere.com,9516740873,Yes
EMP001046,ST0073,Irya Bahl,Female,Security,Supervisor,64794,2023-06-14,Full-Time,Evening,emp001046@retailsphere.com,9962240245,Yes
EMP001047,ST0049,Rachana Kumer,Female,Customer Support,Associate,28579,2024-02-08,Full-Time,Evening,emp001047@retailsphere.com,9764585397,Yes
EMP001048,ST0043,Ria Jha,Female,Sales,Associate,30803,2019-06-06,Full-Time,Morning,emp001048@retailsphere.com,9415813267,Yes
EMP001049,ST0050,Aadhya Bal,Female,Sales,Supervisor,49298,2023-04-12,Contract,Evening,emp001049@retailsphere.com,9512766269,Yes
EMP001050,ST0031,Meghana Misra,Female,Sales,Senior Associate,36880,2025-09-18,Full-Time,Morning,emp001050@retailsphere.com,9780662548,Yes
EMP001051,ST0039,Dhriti Chanda,Female,Billing,Associate,29987,2015-02-24,Full-Time,Evening,emp001051@retailsphere.com,9328727437,Yes
EMP001052,ST0041,Netra Sachdeva,Female,Sales,Associate,26045,2023-07-14,Full-Time,Morning,emp001052@retailsphere.com,9631407447,Yes
EMP001053,ST0082,Ekalinga Kale,Male,Inventory,Senior Associate,36661,2020-05-06,Full-Time,Evening,emp001053@retailsphere.com,9517330886,Yes
EMP001054,ST0055,Urishilla Arya,Female,Security,Associate,30344,2012-01-07,Full-Time,Evening,emp001054@retailsphere.com,9766401306,Yes
EMP001055,ST0188,Vamakshi D’Alia,Female,Sales,Associate,23527,2018-01-13,Full-Time,Morning,emp001055@retailsphere.com,9154776167,Yes
EMP001056,ST0008,Vanya Amble,Female,HR,Supervisor,45961,2018-03-13,Part-Time,Evening,emp001056@retailsphere.com,9278338246,Yes
EMP001057,ST0098,Ishanvi Mody,Female,Sales,Associate,22140,2020-07-19,Full-Time,Morning,emp001057@retailsphere.com,9172718306,Yes
EMP001058,ST0120,Eesha Seth,Female,Billing,Associate,26652,2018-06-03,Full-Time,Evening,emp001058@retailsphere.com,9945324863,Yes
EMP001059,ST0022,Nitesh Solanki,Male,Sales,Associate,23935,2024-07-25,Full-Time,Night,emp001059@retailsphere.com,9904862806,Yes
EMP001060,ST0041,Yashoda Devan,Female,Security,Associate,25398,2022-03-12,Full-Time,Evening,emp001060@retailsphere.com,9767023586,Yes
EMP001061,ST0040,Nitesh Sen,Male,Customer Support,Senior Associate,32277,2015-02-18,Full-Time,Evening,emp001061@retailsphere.com,9865630959,Yes
EMP001062,ST0076,Alexander Joshi,Male,Sales,Associate,25047,2015-07-08,Part-Time,Evening,emp001062@retailsphere.com,9357288866,Yes
EMP001063,ST0174,Wridesh Kapadia,Male,Inventory,Senior Associate,40819,2021-11-11,Full-Time,Evening,emp001063@retailsphere.com,9614019082,Yes
EMP001064,ST0038,Omisha Bhatt,Female,Billing,Associate,27738,2024-12-06,Part-Time,Morning,emp001064@retailsphere.com,9281093676,Yes
EMP001065,ST0166,Harrison Pandit,Male,Security,Associate,30659,2020-03-23,Full-Time,Morning,emp001065@retailsphere.com,9258200184,Yes
EMP001066,ST0141,Lucky Sood,Male,Billing,Associate,28135,2013-09-30,Full-Time,Evening,emp001066@retailsphere.com,9128142264,Yes
EMP001067,ST0076,Neelima Mitra,Female,Sales,Senior Associate,34346,2017-11-04,Full-Time,Morning,emp001067@retailsphere.com,9989307475,Yes
EMP001068,ST0166,Idika Pall,Female,Billing,Senior Associate,35994,2013-06-11,Full-Time,Evening,emp001068@retailsphere.com,9665883346,Yes
EMP001069,ST0060,Yasti Khare,Female,Sales,Associate,24212,2019-06-06,Contract,Morning,emp001069@retailsphere.com,9687908822,Yes
EMP001070,ST0149,Xavier Goyal,Male,Sales,Associate,24884,2023-01-31,Full-Time,Evening,emp001070@retailsphere.com,9632392272,Yes
EMP001071,ST0146,Manthan Bala,Male,Billing,Senior Associate,35926,2012-09-27,Full-Time,Evening,emp001071@retailsphere.com,9883071579,Yes
EMP001072,ST0056,Karan Kata,Male,Inventory,Supervisor,45928,2020-02-12,Full-Time,Morning,emp001072@retailsphere.com,9130202287,Yes
EMP001073,ST0078,Yash Sem,Male,Sales,Associate,25785,2026-05-12,Full-Time,Morning,emp001073@retailsphere.com,9625826032,Yes
EMP001074,ST0193,Yatan Mangat,Male,Sales,Associate,23357,2020-09-21,Full-Time,Morning,emp001074@retailsphere.com,9937360743,Yes
EMP001075,ST0162,Viraj Murthy,Male,Sales,Associate,27389,2018-02-15,Full-Time,Evening,emp001075@retailsphere.com,9175812615,Yes
EMP001076,ST0105,Girik Nadkarni,Male,Customer Support,Manager,97448,2012-02-27,Full-Time,Morning,emp001076@retailsphere.com,9438193440,Yes
EMP001077,ST0140,Raghav Upadhyay,Male,Billing,Associate,22546,2016-04-10,Full-Time,Morning,emp001077@retailsphere.com,9288155724,Yes
EMP001078,ST0140,Champak Varughese,Male,Customer Support,Senior Associate,41053,2020-07-28,Full-Time,Evening,emp001078@retailsphere.com,9326276651,Yes
EMP001079,ST0198,Aradhana Sheth,Female,HR,Associate,22944,2021-10-05,Full-Time,Morning,emp001079@retailsphere.com,9911327404,Yes
EMP001080,ST0140,Oviya Brar,Female,Inventory,Senior Associate,36712,2019-09-20,Full-Time,Morning,emp001080@retailsphere.com,9808917393,Yes
EMP001081,ST0170,Ekantika Sarma,Female,Inventory,Associate,22825,2026-04-17,Full-Time,Night,emp001081@retailsphere.com,9403542006,Yes
EMP001082,ST0133,Kiaan Vig,Male,Sales,Associate,28347,2014-03-14,Full-Time,Morning,emp001082@retailsphere.com,9900184308,Yes
EMP001083,ST0098,Ekiya Chowdhury,Female,Sales,Associate,28077,2024-06-04,Full-Time,Evening,emp001083@retailsphere.com,9556304544,Yes
EMP001084,ST0017,Charles Dhingra,Male,Sales,Senior Associate,34253,2023-06-12,Full-Time,Evening,emp001084@retailsphere.com,9861817197,Yes
EMP001085,ST0179,Yashica Grover,Female,Security,Associate,23069,2015-09-23,Full-Time,Night,emp001085@retailsphere.com,9317383673,Yes
EMP001086,ST0070,Anay Prashad,Male,Sales,Associate,26369,2023-07-19,Full-Time,Morning,emp001086@retailsphere.com,9975598342,Yes
EMP001087,ST0011,Advay Pillay,Male,Sales,Associate,23173,2022-06-06,Full-Time,Morning,emp001087@retailsphere.com,9428996676,Yes
EMP001088,ST0158,Nitara Kata,Female,Customer Support,Senior Associate,34106,2023-10-24,Full-Time,Morning,emp001088@retailsphere.com,9549689370,Yes
EMP001089,ST0038,Urmi Chacko,Female,Sales,Associate,27455,2011-11-17,Full-Time,Morning,emp001089@retailsphere.com,9118110446,Yes
EMP001090,ST0110,Rachana Saha,Female,Sales,Associate,26151,2020-05-05,Full-Time,Morning,emp001090@retailsphere.com,9794058589,Yes
EMP001091,ST0052,Ishani Bhavsar,Female,Customer Support,Supervisor,48351,2016-03-03,Full-Time,Morning,emp001091@retailsphere.com,9538856163,Yes
EMP001092,ST0021,Tara Sankaran,Female,Billing,Senior Associate,36553,2021-08-28,Full-Time,Evening,emp001092@retailsphere.com,9340336493,Yes
EMP001093,ST0155,Vamakshi Mani,Female,Inventory,Associate,23118,2011-12-04,Full-Time,Morning,emp001093@retailsphere.com,9188399823,Yes
EMP001094,ST0096,Ikshita Dar,Female,Billing,Associate,24216,2024-07-02,Full-Time,Evening,emp001094@retailsphere.com,9324508892,Yes
EMP001095,ST0186,Harish Dube,Male,Billing,Associate,27820,2025-11-18,Full-Time,Morning,emp001095@retailsphere.com,9870839351,Yes
EMP001096,ST0084,Aarush Karnik,Male,Customer Support,Supervisor,63613,2023-09-24,Full-Time,Night,emp001096@retailsphere.com,9136165380,Yes
EMP001097,ST0193,Jasmit Muni,Female,Security,Associate,22864,2025-02-01,Full-Time,Morning,emp001097@retailsphere.com,9768395341,Yes
EMP001098,ST0163,Harita Wagle,Female,Billing,Supervisor,49047,2014-01-06,Full-Time,Evening,emp001098@retailsphere.com,9807740715,Yes
EMP001099,ST0139,Balendra Prakash,Male,Inventory,Senior Associate,41367,2023-01-31,Part-Time,Evening,emp001099@retailsphere.com,9251933460,Yes
EMP001100,ST0148,Jonathan Nazareth,Male,Sales,Associate,23929,2020-12-20,Full-Time,Morning,emp001100@retailsphere.com,9271509294,Yes
EMP001101,ST0187,Meera Deol,Female,Inventory,Associate,29586,2015-11-12,Full-Time,Morning,emp001101@retailsphere.com,9724496540,Yes
EMP001102,ST0063,Urishilla Anne,Female,Billing,Associate,29307,2020-05-17,Full-Time,Morning,emp001102@retailsphere.com,9549879382,Yes
EMP001103,ST0030,Samar Pandey,Male,Billing,Associate,29007,2021-12-09,Full-Time,Morning,emp001103@retailsphere.com,9963802680,Yes
EMP001104,ST0023,Bakhshi Walia,Male,Security,Senior Associate,40034,2020-01-12,Full-Time,Morning,emp001104@retailsphere.com,9843383619,Yes
EMP001105,ST0028,Ishwar Kannan,Male,Billing,Associate,28778,2012-05-23,Part-Time,Morning,emp001105@retailsphere.com,9116119306,Yes
EMP001106,ST0065,Anjali Desai,Female,Security,Assistant Manager,76906,2016-06-26,Full-Time,Evening,emp001106@retailsphere.com,9637487383,Yes
EMP001107,ST0185,Ekaja Sarraf,Female,Customer Support,Associate,25617,2024-04-07,Full-Time,Evening,emp001107@retailsphere.com,9140649499,Yes
EMP001108,ST0189,Xalak Mital,Female,Billing,Associate,29061,2015-04-28,Contract,Morning,emp001108@retailsphere.com,9886316259,Yes
EMP001109,ST0021,Tejas Dass,Male,Security,Supervisor,63996,2021-05-17,Full-Time,Night,emp001109@retailsphere.com,9325258480,Yes
EMP001110,ST0135,Vrinda Raval,Female,Inventory,Associate,31786,2024-08-20,Full-Time,Evening,emp001110@retailsphere.com,9971679728,Yes
EMP001111,ST0015,Ekantika Nadkarni,Female,Inventory,Supervisor,51692,2019-10-29,Full-Time,Morning,emp001111@retailsphere.com,9466409992,Yes
EMP001112,ST0012,Vritti Patil,Female,Sales,Supervisor,63941,2026-06-26,Contract,Morning,emp001112@retailsphere.com,9581310397,Yes
EMP001113,ST0195,Arin Pau,Male,Sales,Associate,30453,2025-09-12,Part-Time,Morning,emp001113@retailsphere.com,9615039486,Yes
EMP001114,ST0160,Aishani Nagy,Female,Billing,Manager,102798,2024-11-19,Part-Time,Morning,emp001114@retailsphere.com,9760958995,Yes
EMP001115,ST0054,Balveer Rajagopalan,Male,Sales,Associate,23958,2025-02-21,Contract,Evening,emp001115@retailsphere.com,9549356870,Yes
EMP001116,ST0019,Saumya Saran,Female,Security,Senior Associate,32331,2017-02-22,Full-Time,Morning,emp001116@retailsphere.com,9151955967,Yes
EMP001117,ST0010,Ishaan Kala,Male,Sales,Associate,31088,2019-12-13,Full-Time,Morning,emp001117@retailsphere.com,9327006575,Yes
EMP001118,ST0058,Chandran Ramanathan,Male,Billing,Supervisor,58604,2022-12-25,Full-Time,Evening,emp001118@retailsphere.com,9569654664,Yes
EMP001119,ST0019,Chandran Dhaliwal,Male,Sales,Associate,30597,2014-04-09,Part-Time,Morning,emp001119@retailsphere.com,9637096648,Yes
EMP001120,ST0001,Wishi Sanghvi,Female,Sales,Associate,29941,2020-09-16,Full-Time,Evening,emp001120@retailsphere.com,9637868262,Yes
EMP001121,ST0046,Umang Kalla,Male,Sales,Supervisor,52340,2022-03-22,Full-Time,Evening,emp001121@retailsphere.com,9151431780,Yes
EMP001122,ST0164,Urmi Loyal,Female,Sales,Associate,30410,2012-10-21,Full-Time,Evening,emp001122@retailsphere.com,9208938920,Yes
EMP001123,ST0189,Harinakshi Jaggi,Female,Sales,Manager,117527,2020-08-11,Full-Time,Night,emp001123@retailsphere.com,9822367116,Yes
EMP001124,ST0149,Triya Gupta,Female,Sales,Associate,26968,2021-07-21,Full-Time,Evening,emp001124@retailsphere.com,9547219863,Yes
EMP001125,ST0067,Quincy Chada,Male,Inventory,Supervisor,47810,2024-09-06,Full-Time,Night,emp001125@retailsphere.com,9820786473,Yes
EMP001126,ST0183,Oviya More,Female,Sales,Associate,31686,2014-06-10,Full-Time,Evening,emp001126@retailsphere.com,9488353980,Yes
EMP001127,ST0144,Reyansh Suri,Male,Sales,Associate,22821,2015-01-04,Full-Time,Evening,emp001127@retailsphere.com,9661595606,Yes
EMP001128,ST0135,Lila Puri,Female,Billing,Associate,22145,2018-01-15,Part-Time,Night,emp001128@retailsphere.com,9462152340,Yes
EMP001129,ST0138,Yatin Swamy,Male,Sales,Associate,30830,2013-04-27,Full-Time,Evening,emp001129@retailsphere.com,9384958444,Yes
EMP001130,ST0127,Lipika More,Female,Customer Support,Associate,23019,2026-05-02,Full-Time,Evening,emp001130@retailsphere.com,9279858642,Yes
EMP001131,ST0161,Vamakshi Shenoy,Female,Sales,Associate,26076,2014-10-21,Full-Time,Evening,emp001131@retailsphere.com,9383917347,Yes
EMP001132,ST0014,Ekantika Joshi,Female,Customer Support,Associate,22732,2012-02-15,Full-Time,Morning,emp001132@retailsphere.com,9983473118,Yes
EMP001133,ST0088,Leena Murthy,Female,Inventory,Associate,24435,2023-08-03,Full-Time,Morning,emp001133@retailsphere.com,9376563510,Yes
EMP001134,ST0028,Tara Kata,Female,Customer Support,Associate,25187,2022-01-19,Full-Time,Morning,emp001134@retailsphere.com,9940524057,Yes
EMP001135,ST0200,Abdul Tiwari,Male,Billing,Associate,24864,2023-12-30,Full-Time,Evening,emp001135@retailsphere.com,9571127524,Yes
EMP001136,ST0128,Brinda Ravi,Female,Billing,Senior Associate,33606,2022-12-12,Part-Time,Evening,emp001136@retailsphere.com,9277725238,Yes
EMP001137,ST0053,Xalak Kapadia,Female,Billing,Associate,24426,2015-08-08,Full-Time,Morning,emp001137@retailsphere.com,9480358113,Yes
EMP001138,ST0158,Brinda Dayal,Female,Customer Support,Senior Associate,35139,2015-07-30,Full-Time,Morning,emp001138@retailsphere.com,9300412975,Yes
EMP001139,ST0167,Nathaniel Mann,Male,Sales,Associate,31572,2022-04-29,Full-Time,Night,emp001139@retailsphere.com,9622330567,Yes
EMP001140,ST0062,Divya Bhatti,Female,Customer Support,Senior Associate,32341,2024-03-09,Full-Time,Morning,emp001140@retailsphere.com,9765163100,Yes
EMP001141,ST0159,Warjas Krishna,Male,Inventory,Senior Associate,37420,2023-08-06,Full-Time,Evening,emp001141@retailsphere.com,9213120358,Yes
EMP001142,ST0057,Adya Narasimhan,Female,Sales,Senior Associate,39738,2017-07-21,Part-Time,Night,emp001142@retailsphere.com,9721810965,Yes
EMP001143,ST0006,Isaac Kala,Male,Billing,Associate,30708,2012-09-28,Full-Time,Evening,emp001143@retailsphere.com,9815917877,Yes
EMP001144,ST0120,Urvashi Lata,Female,Customer Support,Associate,28137,2026-01-07,Full-Time,Evening,emp001144@retailsphere.com,9118214408,Yes
EMP001145,ST0038,Chaman Wable,Female,Sales,Manager,105328,2017-06-12,Part-Time,Night,emp001145@retailsphere.com,9487587291,Yes
EMP001146,ST0099,Aradhana Mukhopadhyay,Female,Inventory,Senior Associate,34163,2026-01-07,Full-Time,Morning,emp001146@retailsphere.com,9625033299,Yes
EMP001147,ST0142,Omkaar Dhar,Male,Customer Support,Senior Associate,40678,2022-01-05,Full-Time,Night,emp001147@retailsphere.com,9876829192,Yes
EMP001148,ST0149,Mahika Dara,Female,Sales,Associate,30264,2026-05-19,Full-Time,Morning,emp001148@retailsphere.com,9627363729,Yes
EMP001149,ST0194,Avi Dhar,Male,Sales,Associate,30276,2022-02-08,Full-Time,Evening,emp001149@retailsphere.com,9660393434,Yes
EMP001150,ST0118,Yochana Borde,Female,Customer Support,Manager,134711,2019-06-01,Full-Time,Evening,emp001150@retailsphere.com,9368962130,Yes
EMP001151,ST0014,Wishi Prabhu,Female,Inventory,Associate,24634,2012-10-08,Full-Time,Evening,emp001151@retailsphere.com,9294984205,Yes
EMP001152,ST0029,Charan Thakur,Male,Inventory,Senior Associate,38863,2020-01-27,Full-Time,Morning,emp001152@retailsphere.com,9147823021,No
EMP001153,ST0149,Anya Chakrabarti,Female,HR,Associate,26184,2016-07-06,Full-Time,Night,emp001153@retailsphere.com,9401789000,Yes
EMP001154,ST0027,Sai Maharaj,Female,Inventory,Supervisor,48229,2012-03-05,Full-Time,Night,emp001154@retailsphere.com,9507967150,Yes
EMP001155,ST0071,Quincy Shah,Male,Security,Associate,30288,2016-01-30,Full-Time,Morning,emp001155@retailsphere.com,9754184772,Yes
EMP001156,ST0150,Girindra Dugar,Male,Sales,Supervisor,47372,2026-01-02,Full-Time,Evening,emp001156@retailsphere.com,9916530215,Yes
EMP001157,ST0146,Zarna Kara,Female,Billing,Associate,26749,2013-12-15,Part-Time,Morning,emp001157@retailsphere.com,9401394499,Yes
EMP001158,ST0185,Chakradev Arora,Male,Sales,Supervisor,48277,2023-02-12,Contract,Morning,emp001158@retailsphere.com,9116908001,Yes
EMP001159,ST0036,Falak Badami,Female,Inventory,Supervisor,46039,2019-04-11,Full-Time,Morning,emp001159@retailsphere.com,9184044639,Yes
EMP001160,ST0156,Hritik Gara,Male,Customer Support,Supervisor,60779,2020-09-23,Full-Time,Evening,emp001160@retailsphere.com,9330003803,Yes
EMP001161,ST0040,Harita Butala,Female,Billing,Senior Associate,38010,2011-09-07,Full-Time,Evening,emp001161@retailsphere.com,9942088982,Yes
EMP001162,ST0099,Ansh Din,Male,Customer Support,Supervisor,56970,2023-06-08,Full-Time,Morning,emp001162@retailsphere.com,9820408451,Yes
EMP001163,ST0156,Ekansh Radhakrishnan,Male,Sales,Manager,129420,2021-07-19,Full-Time,Evening,emp001163@retailsphere.com,9104035802,Yes
EMP001164,ST0083,Bhavini Contractor,Female,Inventory,Associate,28234,2018-12-26,Part-Time,Evening,emp001164@retailsphere.com,9863697848,Yes
EMP001165,ST0060,Lakshit Merchant,Male,Security,Associate,27185,2022-08-15,Full-Time,Morning,emp001165@retailsphere.com,9614030607,Yes
EMP001166,ST0177,Ranbir Bandi,Male,Inventory,Associate,30543,2024-08-15,Full-Time,Night,emp001166@retailsphere.com,9898803854,Yes
EMP001167,ST0011,Hardik Trivedi,Male,Billing,Associate,30247,2020-09-30,Full-Time,Morning,emp001167@retailsphere.com,9582414160,No
EMP001168,ST0155,Anthony Thaker,Male,Sales,Associate,26690,2025-11-19,Full-Time,Morning,emp001168@retailsphere.com,9612690213,Yes
EMP001169,ST0003,Bina Garde,Female,Billing,Associate,23284,2014-12-07,Full-Time,Evening,emp001169@retailsphere.com,9961206761,Yes
EMP001170,ST0046,Mohammed Batra,Male,Billing,Associate,31490,2023-10-22,Contract,Morning,emp001170@retailsphere.com,9865337441,Yes
EMP001171,ST0082,Naksh Mutti,Male,Inventory,Associate,27728,2013-05-30,Full-Time,Evening,emp001171@retailsphere.com,9537724265,Yes
EMP001172,ST0182,Isaac Nagar,Male,Inventory,Associate,23854,2026-03-15,Full-Time,Morning,emp001172@retailsphere.com,9904731388,Yes
EMP001173,ST0181,Suhani Manne,Female,Sales,Associate,22469,2023-12-08,Full-Time,Evening,emp001173@retailsphere.com,9872156242,Yes
EMP001174,ST0083,Rajata Keer,Female,Billing,Associate,23888,2024-02-20,Full-Time,Morning,emp001174@retailsphere.com,9832554025,Yes
EMP001175,ST0069,Imaran Handa,Male,Sales,Associate,25617,2017-07-12,Full-Time,Night,emp001175@retailsphere.com,9912472343,Yes
EMP001176,ST0075,Yamini Hari,Female,Sales,Supervisor,53425,2020-10-11,Full-Time,Evening,emp001176@retailsphere.com,9551632562,Yes
EMP001177,ST0101,Frado Kalita,Male,Security,Associate,26133,2018-09-30,Full-Time,Morning,emp001177@retailsphere.com,9186340259,Yes
EMP001178,ST0053,Noah Narula,Male,Inventory,Assistant Manager,71201,2025-01-11,Full-Time,Morning,emp001178@retailsphere.com,9766695453,No
EMP001179,ST0104,Radha Sama,Female,Billing,Senior Associate,40378,2025-11-18,Full-Time,Morning,emp001179@retailsphere.com,9906397205,Yes
EMP001180,ST0119,Arin Dhaliwal,Male,Inventory,Senior Associate,39122,2025-04-04,Full-Time,Morning,emp001180@retailsphere.com,9166358246,Yes
EMP001181,ST0148,Radhika Kota,Female,Inventory,Associate,22783,2025-06-04,Full-Time,Evening,emp001181@retailsphere.com,9477700051,Yes
EMP001182,ST0028,Parth Buch,Male,Billing,Associate,29804,2015-06-19,Full-Time,Evening,emp001182@retailsphere.com,9198844997,Yes
EMP001183,ST0036,Ekavir Pingle,Male,Sales,Associate,27143,2018-06-30,Full-Time,Night,emp001183@retailsphere.com,9390324428,Yes
EMP001184,ST0139,Warinder Maharaj,Male,Customer Support,Senior Associate,39027,2018-03-12,Full-Time,Evening,emp001184@retailsphere.com,9253899579,Yes
EMP001185,ST0062,Oscar Bhattacharyya,Male,Inventory,Associate,22288,2024-08-07,Full-Time,Morning,emp001185@retailsphere.com,9737060443,Yes
EMP001186,ST0144,Faris Chokshi,Male,Sales,Assistant Manager,74559,2023-09-24,Part-Time,Morning,emp001186@retailsphere.com,9647645242,Yes
EMP001187,ST0155,Turvi Wali,Female,Sales,Associate,24796,2021-07-25,Full-Time,Night,emp001187@retailsphere.com,9444015023,Yes
EMP001188,ST0028,Owen Singhal,Male,Sales,Supervisor,53925,2012-07-17,Full-Time,Morning,emp001188@retailsphere.com,9132988085,Yes
EMP001189,ST0115,Nidra Sastry,Female,Sales,Associate,25337,2017-11-26,Full-Time,Morning,emp001189@retailsphere.com,9401087417,Yes
EMP001190,ST0162,Yahvi Krishna,Female,Billing,Associate,31145,2023-05-05,Full-Time,Evening,emp001190@retailsphere.com,9258706120,Yes
EMP001191,ST0049,Mugdha Prakash,Female,Sales,Senior Associate,34688,2023-09-27,Full-Time,Morning,emp001191@retailsphere.com,9464717889,Yes
EMP001192,ST0154,Indrajit Golla,Male,Inventory,Associate,30357,2016-10-09,Full-Time,Evening,emp001192@retailsphere.com,9810688729,Yes
EMP001193,ST0032,Krisha Virk,Female,Sales,Associate,24306,2023-08-18,Full-Time,Evening,emp001193@retailsphere.com,9151254118,Yes
EMP001194,ST0011,Sanaya Bains,Female,Sales,Assistant Manager,66847,2024-10-23,Full-Time,Night,emp001194@retailsphere.com,9312289426,Yes
EMP001195,ST0071,Panini Savant,Female,HR,Associate,28220,2022-11-14,Full-Time,Morning,emp001195@retailsphere.com,9151489317,Yes
EMP001196,ST0120,Vaishnavi Ramesh,Female,Inventory,Associate,29239,2016-08-19,Full-Time,Morning,emp001196@retailsphere.com,9434167583,Yes
EMP001197,ST0109,Gaurang Walia,Male,Security,Manager,123043,2021-09-21,Full-Time,Night,emp001197@retailsphere.com,9791636433,Yes
EMP001198,ST0147,Nihal Guha,Male,Sales,Associate,24248,2015-08-16,Part-Time,Evening,emp001198@retailsphere.com,9487407060,Yes
EMP001199,ST0111,Ekaja Lala,Female,Billing,Supervisor,53750,2024-09-04,Full-Time,Morning,emp001199@retailsphere.com,9118323190,Yes
EMP001200,ST0160,Bakhshi Sankar,Male,Sales,Associate,24283,2025-12-26,Full-Time,Evening,emp001200@retailsphere.com,9369396773,Yes
EMP001201,ST0037,Yashoda Kashyap,Female,Sales,Associate,23577,2020-12-25,Full-Time,Morning,emp001201@retailsphere.com,9376359760,Yes
EMP001202,ST0107,Hemani Solanki,Female,Security,Assistant Manager,69074,2020-11-09,Full-Time,Evening,emp001202@retailsphere.com,9972597513,Yes
EMP001203,ST0076,Neha Chand,Female,Billing,Associate,22173,2023-10-26,Full-Time,Evening,emp001203@retailsphere.com,9273575024,Yes
EMP001204,ST0048,Anjali Bahri,Female,HR,Supervisor,49649,2014-01-15,Full-Time,Evening,emp001204@retailsphere.com,9233665415,Yes
EMP001205,ST0189,Anjali Sarna,Female,Billing,Associate,31240,2015-02-09,Full-Time,Evening,emp001205@retailsphere.com,9378015344,Yes
EMP001206,ST0188,Aditya Krishnan,Male,Sales,Supervisor,48395,2011-11-24,Full-Time,Evening,emp001206@retailsphere.com,9595176496,Yes
EMP001207,ST0108,Divya Dash,Female,Customer Support,Associate,22632,2023-01-01,Full-Time,Morning,emp001207@retailsphere.com,9750865487,Yes
EMP001208,ST0058,Oliver Kala,Male,Inventory,Associate,24945,2017-06-02,Full-Time,Morning,emp001208@retailsphere.com,9175491234,Yes
EMP001209,ST0171,Indrajit Bakshi,Male,Billing,Associate,29360,2018-12-30,Part-Time,Morning,emp001209@retailsphere.com,9857052142,Yes
EMP001210,ST0068,Rajata Kohli,Female,Inventory,Associate,28423,2023-04-03,Full-Time,Evening,emp001210@retailsphere.com,9169882166,Yes
EMP001211,ST0188,Anirudh Kulkarni,Male,Customer Support,Associate,25807,2013-05-28,Part-Time,Morning,emp001211@retailsphere.com,9657245394,Yes
EMP001212,ST0190,Lakshit Savant,Male,Security,Associate,31353,2020-01-16,Full-Time,Evening,emp001212@retailsphere.com,9363692556,Yes
EMP001213,ST0111,Kiaan Raghavan,Male,Sales,Associate,22047,2020-04-09,Full-Time,Morning,emp001213@retailsphere.com,9271627898,Yes
EMP001214,ST0090,Faras Munshi,Male,Sales,Senior Associate,35930,2026-01-25,Full-Time,Evening,emp001214@retailsphere.com,9358711334,Yes
EMP001215,ST0174,Sathvik Char,Male,Inventory,Associate,31804,2013-02-13,Full-Time,Morning,emp001215@retailsphere.com,9530785487,Yes
EMP001216,ST0016,Girish Bains,Male,Sales,Associate,31439,2014-07-19,Full-Time,Morning,emp001216@retailsphere.com,9734835204,Yes
EMP001217,ST0188,Dakshesh Sekhon,Male,Security,Associate,23352,2015-04-29,Full-Time,Morning,emp001217@retailsphere.com,9693899805,Yes
EMP001218,ST0138,Aadi Bhagat,Male,Sales,Associate,22885,2017-06-08,Full-Time,Morning,emp001218@retailsphere.com,9775017330,Yes
EMP001219,ST0012,George Sarin,Male,Sales,Associate,24074,2014-08-16,Full-Time,Morning,emp001219@retailsphere.com,9363024958,Yes
EMP001220,ST0079,Aadi Ratta,Male,Security,Associate,27409,2021-03-11,Part-Time,Morning,emp001220@retailsphere.com,9507708363,Yes
EMP001221,ST0097,Teerth Balay,Male,Sales,Associate,25130,2018-05-01,Full-Time,Evening,emp001221@retailsphere.com,9539720428,Yes
EMP001222,ST0199,Libni Sundaram,Female,Sales,Supervisor,64719,2013-02-13,Full-Time,Evening,emp001222@retailsphere.com,9240003869,Yes
EMP001223,ST0120,Omaja Mitter,Female,Sales,Supervisor,64235,2014-05-28,Full-Time,Evening,emp001223@retailsphere.com,9299123868,Yes
EMP001224,ST0102,Fiyaz Keer,Male,Sales,Associate,22150,2011-11-18,Full-Time,Morning,emp001224@retailsphere.com,9408979266,Yes
EMP001225,ST0070,Gavin Deol,Male,Sales,Associate,23528,2013-01-23,Part-Time,Night,emp001225@retailsphere.com,9651240876,Yes
EMP001226,ST0027,Zayan Varma,Male,Sales,Associate,23926,2017-05-06,Full-Time,Night,emp001226@retailsphere.com,9758688077,Yes
EMP001227,ST0020,Alka Zacharia,Female,Billing,Senior Associate,35327,2021-09-08,Full-Time,Evening,emp001227@retailsphere.com,9123874321,Yes
EMP001228,ST0020,Abhimanyu Bhasin,Male,Billing,Associate,27005,2021-01-31,Part-Time,Evening,emp001228@retailsphere.com,9972564372,Yes
EMP001229,ST0178,Lakshmi Dasgupta,Female,Sales,Associate,30245,2023-06-14,Full-Time,Evening,emp001229@retailsphere.com,9142736726,Yes
EMP001230,ST0111,Tristan Dara,Male,Sales,Supervisor,64787,2013-08-30,Full-Time,Morning,emp001230@retailsphere.com,9908068077,Yes
EMP001231,ST0099,Pallavi Krish,Female,Billing,Supervisor,61852,2012-10-27,Full-Time,Evening,emp001231@retailsphere.com,9726651493,Yes
EMP001232,ST0095,Nandini Gade,Female,Inventory,Assistant Manager,69599,2017-07-18,Full-Time,Evening,emp001232@retailsphere.com,9638850275,Yes
EMP001233,ST0059,Ikbal Pant,Male,Customer Support,Associate,23422,2020-06-19,Full-Time,Night,emp001233@retailsphere.com,9194194746,Yes
EMP001234,ST0061,Charita Vyas,Female,Inventory,Associate,28474,2014-01-24,Full-Time,Morning,emp001234@retailsphere.com,9884750384,Yes
EMP001235,ST0143,Arin Dugar,Male,Sales,Associate,23606,2022-11-13,Full-Time,Night,emp001235@retailsphere.com,9556387480,Yes
EMP001236,ST0182,Amruta Chakraborty,Female,Customer Support,Associate,23291,2017-01-11,Full-Time,Morning,emp001236@retailsphere.com,9628781925,Yes
EMP001237,ST0114,Edhitha Deo,Female,Inventory,Senior Associate,33337,2021-12-14,Full-Time,Morning,emp001237@retailsphere.com,9474102951,Yes
EMP001238,ST0081,Anika Setty,Female,Billing,Associate,27364,2014-02-26,Full-Time,Morning,emp001238@retailsphere.com,9110839047,Yes
EMP001239,ST0105,Ishani Deshmukh,Female,Customer Support,Associate,28598,2015-02-28,Full-Time,Evening,emp001239@retailsphere.com,9420363359,Yes
EMP001240,ST0122,Jhalak Tak,Female,Sales,Associate,24576,2020-01-09,Full-Time,Night,emp001240@retailsphere.com,9166407957,Yes
EMP001241,ST0143,Yatin Bhatt,Male,Inventory,Associate,22734,2026-06-06,Full-Time,Evening,emp001241@retailsphere.com,9720166328,Yes
EMP001242,ST0055,Advik Mani,Male,Sales,Associate,28257,2019-02-23,Full-Time,Morning,emp001242@retailsphere.com,9758221238,Yes
EMP001243,ST0034,Benjamin Sarma,Male,Sales,Manager,97179,2023-03-01,Full-Time,Evening,emp001243@retailsphere.com,9808283845,Yes
EMP001244,ST0039,Harish Krishnamurthy,Male,Sales,Associate,26147,2015-04-15,Contract,Morning,emp001244@retailsphere.com,9252447894,Yes
EMP001245,ST0161,Eiravati Rout,Female,Sales,Associate,22658,2023-04-08,Full-Time,Evening,emp001245@retailsphere.com,9469396402,Yes
EMP001246,ST0085,Faris Doctor,Male,Billing,Associate,22914,2021-10-04,Full-Time,Evening,emp001246@retailsphere.com,9942222361,Yes
EMP001247,ST0054,Lakshmi Kohli,Female,Billing,Associate,27402,2014-05-22,Full-Time,Evening,emp001247@retailsphere.com,9237289334,Yes
EMP001248,ST0027,Wyatt Dash,Male,Inventory,Associate,31109,2020-10-12,Full-Time,Morning,emp001248@retailsphere.com,9589060172,Yes
EMP001249,ST0142,Warjas Sabharwal,Male,Billing,Associate,24498,2018-02-19,Full-Time,Morning,emp001249@retailsphere.com,9623072728,Yes
EMP001250,ST0128,Advika Sodhi,Female,Sales,Associate,28844,2022-08-31,Full-Time,Morning,emp001250@retailsphere.com,9731502053,Yes
EMP001251,ST0184,Nachiket Sheth,Male,Security,Associate,23077,2020-12-06,Full-Time,Morning,emp001251@retailsphere.com,9707231672,Yes
EMP001252,ST0164,Amrita Gupta,Female,Customer Support,Assistant Manager,74278,2024-01-24,Full-Time,Evening,emp001252@retailsphere.com,9871637349,Yes
EMP001253,ST0015,Ekaja Varghese,Female,Sales,Assistant Manager,78122,2022-04-17,Full-Time,Evening,emp001253@retailsphere.com,9283077602,Yes
EMP001254,ST0058,Tristan Panchal,Male,Customer Support,Assistant Manager,66574,2023-06-23,Full-Time,Morning,emp001254@retailsphere.com,9275128239,Yes
EMP001255,ST0011,Arunima Sandhu,Female,Billing,Associate,23943,2025-04-17,Full-Time,Morning,emp001255@retailsphere.com,9116534859,Yes
EMP001256,ST0025,Chaitanya Bera,Male,Sales,Senior Associate,34671,2017-10-25,Full-Time,Evening,emp001256@retailsphere.com,9788717900,Yes
EMP001257,ST0044,Tejas Dora,Male,Sales,Associate,25412,2011-08-30,Full-Time,Evening,emp001257@retailsphere.com,9837454995,Yes
EMP001258,ST0060,Vihaan Seth,Male,Security,Associate,28537,2022-04-03,Part-Time,Morning,emp001258@retailsphere.com,9207272093,Yes
EMP001259,ST0157,Ekapad Virk,Male,Sales,Associate,25218,2020-05-30,Full-Time,Morning,emp001259@retailsphere.com,9987627714,Yes
EMP001260,ST0162,Ayush Prakash,Male,Sales,Supervisor,62223,2023-03-15,Full-Time,Night,emp001260@retailsphere.com,9872298145,Yes
EMP001261,ST0140,Akshay Date,Male,Sales,Associate,26041,2022-09-01,Contract,Evening,emp001261@retailsphere.com,9843612617,Yes
EMP001262,ST0128,Parth Wadhwa,Male,Billing,Associate,29040,2018-10-04,Full-Time,Morning,emp001262@retailsphere.com,9259386501,Yes
EMP001263,ST0072,Jackson Pillay,Male,Sales,Associate,31828,2012-08-14,Full-Time,Evening,emp001263@retailsphere.com,9830868664,Yes
EMP001264,ST0125,Anirudh Shan,Male,Customer Support,Assistant Manager,71778,2013-02-09,Part-Time,Evening,emp001264@retailsphere.com,9349445622,Yes
EMP001265,ST0119,Qushi Banik,Female,Inventory,Associate,25946,2016-02-07,Full-Time,Evening,emp001265@retailsphere.com,9897590926,Yes
EMP001266,ST0016,Rachana Balan,Female,Billing,Associate,26873,2014-03-18,Full-Time,Morning,emp001266@retailsphere.com,9353263314,Yes
EMP001267,ST0081,Upasna Goyal,Female,Sales,Supervisor,62644,2015-07-18,Full-Time,Morning,emp001267@retailsphere.com,9417883870,Yes
EMP001268,ST0009,Benjamin Nair,Male,Billing,Manager,100306,2021-05-02,Full-Time,Morning,emp001268@retailsphere.com,9202526548,Yes
EMP001269,ST0003,Atharv Rao,Male,Security,Associate,23126,2019-05-18,Full-Time,Morning,emp001269@retailsphere.com,9232021849,Yes
EMP001270,ST0178,Chandani Gill,Female,Customer Support,Associate,25567,2021-07-21,Part-Time,Night,emp001270@retailsphere.com,9120583418,Yes
EMP001271,ST0062,Forum Sarma,Female,Inventory,Associate,30504,2025-03-12,Full-Time,Morning,emp001271@retailsphere.com,9404531873,Yes
EMP001272,ST0162,Niharika Bhattacharyya,Female,Customer Support,Supervisor,57175,2022-10-20,Full-Time,Evening,emp001272@retailsphere.com,9412447926,Yes
EMP001273,ST0139,Mason Dyal,Male,Sales,Assistant Manager,86020,2015-09-27,Full-Time,Morning,emp001273@retailsphere.com,9715401081,Yes
EMP001274,ST0107,Amara Chanda,Female,Billing,Associate,23620,2015-04-06,Full-Time,Evening,emp001274@retailsphere.com,9805546290,Yes
EMP001275,ST0019,Jackson Deshmukh,Male,Security,Assistant Manager,69024,2018-04-13,Full-Time,Evening,emp001275@retailsphere.com,9663306870,Yes
EMP001276,ST0123,Onveer Chatterjee,Male,Security,Senior Associate,34471,2012-09-12,Part-Time,Night,emp001276@retailsphere.com,9872705809,Yes
EMP001277,ST0007,Bina Pandit,Female,Sales,Associate,25193,2025-08-09,Contract,Evening,emp001277@retailsphere.com,9813380837,Yes
EMP001278,ST0060,Tanmayi Rana,Female,Billing,Associate,26873,2017-01-01,Full-Time,Morning,emp001278@retailsphere.com,9663117367,Yes
EMP001279,ST0151,Hredhaan Dey,Male,Sales,Associate,30625,2018-04-11,Full-Time,Morning,emp001279@retailsphere.com,9536812982,Yes
EMP001280,ST0127,Anjali Jayaraman,Female,Customer Support,Associate,28870,2012-08-23,Full-Time,Evening,emp001280@retailsphere.com,9544760682,Yes
EMP001281,ST0134,Krishna Dube,Female,Billing,Associate,24721,2018-04-26,Contract,Evening,emp001281@retailsphere.com,9392995885,Yes
EMP001282,ST0160,Bhavya Sachar,Female,Sales,Associate,28152,2019-10-07,Full-Time,Evening,emp001282@retailsphere.com,9438114129,Yes
EMP001283,ST0073,Urmi Chakraborty,Female,Billing,Supervisor,45361,2017-12-14,Full-Time,Morning,emp001283@retailsphere.com,9817555772,Yes
EMP001284,ST0200,Samesh Srinivasan,Male,Sales,Associate,31775,2017-02-07,Part-Time,Evening,emp001284@retailsphere.com,9806040179,Yes
EMP001285,ST0012,Manthan Kamdar,Male,Sales,Associate,23711,2019-03-10,Full-Time,Morning,emp001285@retailsphere.com,9976775715,Yes
EMP001286,ST0154,Samar Prakash,Male,Security,Assistant Manager,66750,2024-05-11,Full-Time,Morning,emp001286@retailsphere.com,9139900652,Yes
EMP001287,ST0030,Abeer Brahmbhatt,Male,Billing,Supervisor,64533,2025-08-01,Full-Time,Night,emp001287@retailsphere.com,9911032768,Yes
EMP001288,ST0172,Jagat Doshi,Male,Inventory,Senior Associate,39967,2020-11-07,Full-Time,Night,emp001288@retailsphere.com,9948135460,Yes
EMP001289,ST0016,Priya Chandra,Female,Billing,Associate,24370,2022-04-09,Part-Time,Morning,emp001289@retailsphere.com,9394985825,Yes
EMP001290,ST0127,Anusha Singh,Female,Inventory,Associate,28562,2012-08-23,Full-Time,Morning,emp001290@retailsphere.com,9934119864,Yes
EMP001291,ST0090,Aditya Chand,Male,HR,Associate,23642,2015-01-13,Part-Time,Morning,emp001291@retailsphere.com,9505382739,Yes
EMP001292,ST0090,Upasna Savant,Female,Customer Support,Associate,27345,2024-03-04,Full-Time,Evening,emp001292@retailsphere.com,9371591060,Yes
EMP001293,ST0175,Nitara Krishnan,Female,Inventory,Associate,30566,2021-11-16,Full-Time,Evening,emp001293@retailsphere.com,9801516299,Yes
EMP001294,ST0078,Isaiah Murty,Male,Security,Associate,23319,2014-12-10,Full-Time,Night,emp001294@retailsphere.com,9224514424,Yes
EMP001295,ST0015,Bimala Agate,Female,Customer Support,Associate,22876,2025-12-14,Full-Time,Evening,emp001295@retailsphere.com,9944818528,Yes
EMP001296,ST0200,Jasmit Balay,Female,Billing,Senior Associate,36922,2016-04-15,Full-Time,Morning,emp001296@retailsphere.com,9477740027,Yes
EMP001297,ST0007,Waida Vyas,Female,Billing,Supervisor,47809,2014-11-07,Full-Time,Evening,emp001297@retailsphere.com,9590979889,Yes
EMP001298,ST0124,Idika Butala,Female,Sales,Associate,30716,2022-07-11,Full-Time,Night,emp001298@retailsphere.com,9636795060,Yes
EMP001299,ST0144,Fiyaz Amble,Male,Security,Senior Associate,40200,2018-11-13,Full-Time,Morning,emp001299@retailsphere.com,9536762501,Yes
EMP001300,ST0091,Vedant Tandon,Male,Sales,Associate,29195,2013-06-23,Full-Time,Morning,emp001300@retailsphere.com,9224020343,Yes
EMP001301,ST0055,Anay Mangal,Male,Sales,Associate,25440,2013-07-19,Full-Time,Night,emp001301@retailsphere.com,9796282886,Yes
EMP001302,ST0091,Fiyaz Ratti,Male,Billing,Supervisor,52724,2023-02-17,Full-Time,Morning,emp001302@retailsphere.com,9603540522,Yes
EMP001303,ST0102,Bhavika Puri,Female,Billing,Associate,28542,2013-02-12,Full-Time,Night,emp001303@retailsphere.com,9489774304,Yes
EMP001304,ST0013,Kalpit Bhandari,Male,Sales,Supervisor,61214,2019-09-09,Full-Time,Evening,emp001304@retailsphere.com,9618012883,Yes
EMP001305,ST0077,Saanvi Bhattacharyya,Female,Sales,Manager,126411,2019-09-04,Full-Time,Morning,emp001305@retailsphere.com,9190222876,Yes
EMP001306,ST0067,Champak Kurian,Male,Customer Support,Associate,25677,2015-12-01,Full-Time,Morning,emp001306@retailsphere.com,9752480926,Yes
EMP001307,ST0184,Upma Murty,Female,Sales,Supervisor,54495,2018-11-21,Part-Time,Evening,emp001307@retailsphere.com,9449675566,Yes
EMP001308,ST0107,Lila Oommen,Female,Billing,Senior Associate,41394,2021-08-13,Full-Time,Evening,emp001308@retailsphere.com,9737855958,Yes
EMP001309,ST0125,Daniel Oza,Male,Inventory,Senior Associate,33398,2013-01-15,Full-Time,Morning,emp001309@retailsphere.com,9348834700,Yes
EMP001310,ST0167,Amrita Wable,Female,Sales,Supervisor,57097,2013-05-20,Full-Time,Morning,emp001310@retailsphere.com,9810089098,Yes
EMP001311,ST0010,Pranav Walia,Male,Security,Associate,27166,2023-09-08,Full-Time,Evening,emp001311@retailsphere.com,9855011116,Yes
EMP001312,ST0187,Gabriel Shanker,Male,Sales,Supervisor,46377,2013-02-19,Full-Time,Morning,emp001312@retailsphere.com,9168556856,Yes
EMP001313,ST0075,Mugdha Seth,Female,Billing,Assistant Manager,81403,2013-10-26,Full-Time,Morning,emp001313@retailsphere.com,9689348243,Yes
EMP001314,ST0156,Bachittar Ganesan,Male,Sales,Associate,31036,2018-05-03,Full-Time,Night,emp001314@retailsphere.com,9933547309,Yes
EMP001315,ST0006,Faqid Kadakia,Male,Sales,Senior Associate,36623,2016-10-05,Full-Time,Morning,emp001315@retailsphere.com,9415144119,Yes
EMP001316,ST0079,Hemang Sant,Male,Security,Associate,26578,2016-10-06,Full-Time,Evening,emp001316@retailsphere.com,9849510308,Yes
EMP001317,ST0084,Raghav Mallick,Male,Sales,Supervisor,62708,2019-11-05,Full-Time,Morning,emp001317@retailsphere.com,9369252165,Yes
EMP001318,ST0073,Theodore Reddy,Male,Sales,Supervisor,45386,2015-12-28,Contract,Evening,emp001318@retailsphere.com,9854689493,Yes
EMP001319,ST0184,Ekaja Kumar,Female,Sales,Associate,26561,2022-04-02,Part-Time,Evening,emp001319@retailsphere.com,9659841102,Yes
EMP001320,ST0173,Abdul Palla,Male,Customer Support,Assistant Manager,72775,2012-11-11,Full-Time,Night,emp001320@retailsphere.com,9622763822,Yes
EMP001321,ST0019,Kashish Mandal,Female,Billing,Associate,25174,2019-06-13,Part-Time,Morning,emp001321@retailsphere.com,9385332104,Yes
EMP001322,ST0155,Urishilla Apte,Female,Sales,Senior Associate,44352,2012-09-09,Full-Time,Night,emp001322@retailsphere.com,9272205809,Yes
EMP001323,ST0092,Hiral Dara,Female,Security,Senior Associate,35854,2026-05-25,Full-Time,Evening,emp001323@retailsphere.com,9938039428,Yes
EMP001324,ST0095,Atharv Chaudhary,Male,Inventory,Senior Associate,33657,2026-01-19,Full-Time,Night,emp001324@retailsphere.com,9305852309,Yes
EMP001325,ST0058,Panini Sane,Female,Inventory,Manager,132553,2018-03-03,Part-Time,Morning,emp001325@retailsphere.com,9206522999,Yes
EMP001326,ST0074,Shivani Doctor,Female,Customer Support,Supervisor,59049,2021-08-27,Full-Time,Evening,emp001326@retailsphere.com,9266479243,No
EMP001327,ST0065,Ayaan Bhandari,Male,Sales,Associate,24282,2026-04-12,Full-Time,Evening,emp001327@retailsphere.com,9691299944,Yes
EMP001328,ST0060,Shivani Chauhan,Female,Customer Support,Associate,26902,2020-06-15,Full-Time,Morning,emp001328@retailsphere.com,9127732209,Yes
EMP001329,ST0034,Panini Bains,Female,Sales,Associate,26896,2020-09-01,Part-Time,Evening,emp001329@retailsphere.com,9674486625,Yes
EMP001330,ST0099,Urmi Aurora,Female,Security,Associate,22454,2024-08-25,Full-Time,Evening,emp001330@retailsphere.com,9897891702,Yes
EMP001331,ST0194,Deepa Atwal,Female,Billing,Associate,24561,2018-03-24,Part-Time,Night,emp001331@retailsphere.com,9424505174,Yes
EMP001332,ST0131,Anika Bhattacharyya,Female,Sales,Associate,22881,2012-01-03,Full-Time,Morning,emp001332@retailsphere.com,9946319842,Yes
EMP001333,ST0151,Indali Rao,Female,Sales,Associate,23666,2021-10-13,Full-Time,Evening,emp001333@retailsphere.com,9560097228,Yes
EMP001334,ST0178,Jacob Rao,Male,Customer Support,Assistant Manager,70544,2026-02-28,Full-Time,Evening,emp001334@retailsphere.com,9600429307,Yes
EMP001335,ST0186,Dhriti Sathe,Female,Sales,Senior Associate,35686,2021-10-21,Full-Time,Evening,emp001335@retailsphere.com,9144085376,Yes
EMP001336,ST0121,Yatan Tank,Male,Inventory,Associate,22019,2015-03-02,Full-Time,Morning,emp001336@retailsphere.com,9407615695,Yes
EMP001337,ST0042,Jasmit Sodhi,Female,Billing,Associate,24381,2017-09-30,Full-Time,Evening,emp001337@retailsphere.com,9111574671,Yes
EMP001338,ST0070,Nisha Munshi,Female,Sales,Senior Associate,37812,2012-10-01,Full-Time,Morning,emp001338@retailsphere.com,9517684465,Yes
EMP001339,ST0073,Advay Mandal,Male,Inventory,Senior Associate,42616,2017-02-13,Full-Time,Evening,emp001339@retailsphere.com,9369092489,Yes
EMP001340,ST0146,Prisha Wali,Female,Sales,Associate,22436,2012-02-10,Part-Time,Evening,emp001340@retailsphere.com,9416393589,Yes
EMP001341,ST0019,Vasudha Grover,Female,Sales,Senior Associate,34654,2022-03-01,Part-Time,Evening,emp001341@retailsphere.com,9999823505,Yes
EMP001342,ST0090,Nikita Saran,Female,Sales,Associate,22728,2022-11-13,Full-Time,Morning,emp001342@retailsphere.com,9841696081,Yes
EMP001343,ST0023,Hamsini Atwal,Female,Billing,Associate,23962,2011-11-07,Full-Time,Morning,emp001343@retailsphere.com,9338289812,Yes
EMP001344,ST0158,Vincent Om,Male,Customer Support,Senior Associate,42266,2017-05-14,Full-Time,Evening,emp001344@retailsphere.com,9143116214,Yes
EMP001345,ST0183,Azad Desai,Male,Billing,Associate,30664,2012-03-10,Full-Time,Morning,emp001345@retailsphere.com,9374167467,Yes
EMP001346,ST0021,Wridesh Choudhary,Male,Inventory,Associate,26177,2023-12-28,Full-Time,Evening,emp001346@retailsphere.com,9511437409,Yes
EMP001347,ST0094,Warhi Tandon,Female,Sales,Associate,28400,2016-11-06,Full-Time,Evening,emp001347@retailsphere.com,9579997484,Yes
EMP001348,ST0047,Vihaan Sami,Male,Security,Associate,22144,2021-02-04,Full-Time,Morning,emp001348@retailsphere.com,9454827835,Yes
EMP001349,ST0191,Ekaja Sheth,Female,Customer Support,Senior Associate,40884,2024-05-05,Full-Time,Morning,emp001349@retailsphere.com,9755080056,Yes
EMP001350,ST0014,Azaan Deo,Male,Sales,Associate,23243,2015-05-06,Full-Time,Evening,emp001350@retailsphere.com,9799954280,Yes
EMP001351,ST0078,Lucky Arya,Male,HR,Associate,22362,2016-04-25,Part-Time,Morning,emp001351@retailsphere.com,9961083494,Yes
EMP001352,ST0030,Darsh Maharaj,Male,Inventory,Associate,31606,2015-06-04,Full-Time,Morning,emp001352@retailsphere.com,9627961918,Yes
EMP001353,ST0079,Chaman Som,Female,Security,Assistant Manager,75135,2014-08-12,Full-Time,Morning,emp001353@retailsphere.com,9275336994,Yes
EMP001354,ST0065,Ikbal Patla,Male,Billing,Senior Associate,43350,2021-10-31,Full-Time,Morning,emp001354@retailsphere.com,9580205958,Yes
EMP001355,ST0172,Daksh Vig,Male,Sales,Associate,31787,2014-08-25,Full-Time,Morning,emp001355@retailsphere.com,9868441244,Yes
EMP001356,ST0009,Chaman Khosla,Female,Sales,Senior Associate,41010,2012-12-03,Contract,Evening,emp001356@retailsphere.com,9398882467,No
EMP001357,ST0187,Anthony Rattan,Male,Billing,Associate,28141,2022-03-24,Full-Time,Evening,emp001357@retailsphere.com,9437595681,Yes
EMP001358,ST0105,Watika Yogi,Female,HR,Supervisor,45301,2017-04-02,Full-Time,Evening,emp001358@retailsphere.com,9797425089,Yes
EMP001359,ST0072,Samesh Deshmukh,Male,Inventory,Associate,22149,2014-05-20,Full-Time,Morning,emp001359@retailsphere.com,9235248018,Yes
EMP001360,ST0199,Alexander Natt,Male,Billing,Associate,25966,2018-09-14,Full-Time,Morning,emp001360@retailsphere.com,9372292497,Yes
EMP001361,ST0044,Reva Rama,Female,Billing,Supervisor,51740,2022-05-28,Full-Time,Night,emp001361@retailsphere.com,9326087956,Yes
EMP001362,ST0091,Thomas Sathe,Male,Customer Support,Supervisor,55123,2021-04-07,Full-Time,Evening,emp001362@retailsphere.com,9646790359,Yes
EMP001363,ST0012,Pratyush Mallick,Male,Billing,Senior Associate,36148,2023-01-30,Full-Time,Morning,emp001363@retailsphere.com,9919569910,Yes
EMP001364,ST0027,Pranav Agrawal,Male,Billing,Supervisor,58062,2019-05-15,Full-Time,Night,emp001364@retailsphere.com,9688248179,Yes
EMP001365,ST0095,Yashasvi Ramaswamy,Female,Sales,Associate,31140,2019-10-26,Contract,Night,emp001365@retailsphere.com,9451687674,Yes
EMP001366,ST0174,Oscar Tiwari,Male,Billing,Associate,22832,2016-06-10,Full-Time,Morning,emp001366@retailsphere.com,9975579017,No
EMP001367,ST0083,Maya Jaggi,Female,Security,Associate,26949,2023-10-07,Contract,Morning,emp001367@retailsphere.com,9905574492,Yes
EMP001368,ST0162,Tarak Sharma,Male,Inventory,Senior Associate,44962,2011-12-09,Full-Time,Night,emp001368@retailsphere.com,9417999985,Yes
EMP001369,ST0103,Chanchal Anne,Female,Billing,Associate,22510,2020-06-27,Full-Time,Morning,emp001369@retailsphere.com,9742376587,Yes
EMP001370,ST0082,Priya Chatterjee,Female,Sales,Senior Associate,41340,2016-04-11,Full-Time,Evening,emp001370@retailsphere.com,9682063055,Yes
EMP001371,ST0163,Devika Aurora,Female,Sales,Associate,30642,2024-07-06,Full-Time,Night,emp001371@retailsphere.com,9654719490,Yes
EMP001372,ST0104,Baljiwan Setty,Male,HR,Associate,27329,2024-03-26,Full-Time,Evening,emp001372@retailsphere.com,9854255180,Yes
EMP001373,ST0064,Lucky Ramesh,Male,Sales,Associate,27402,2024-12-29,Full-Time,Evening,emp001373@retailsphere.com,9930456907,Yes
EMP001374,ST0058,Harrison Ghosh,Male,Inventory,Associate,25108,2025-10-07,Part-Time,Evening,emp001374@retailsphere.com,9890830777,Yes
EMP001375,ST0133,Gautam Datta,Male,Sales,Associate,27835,2016-11-26,Full-Time,Evening,emp001375@retailsphere.com,9227722586,Yes
EMP001376,ST0195,Madhavi Khanna,Female,Inventory,Associate,26708,2018-08-27,Contract,Evening,emp001376@retailsphere.com,9883208182,Yes
EMP001377,ST0120,Yashoda Vala,Female,Customer Support,Associate,31655,2023-10-03,Full-Time,Evening,emp001377@retailsphere.com,9891931471,Yes
EMP001378,ST0055,Urvi Murthy,Female,Sales,Associate,24926,2016-09-18,Full-Time,Morning,emp001378@retailsphere.com,9450729497,Yes
EMP001379,ST0025,Dalaja Chaudhuri,Female,Billing,Senior Associate,33267,2024-08-05,Full-Time,Evening,emp001379@retailsphere.com,9339410056,Yes
EMP001380,ST0167,Adweta Barad,Female,Customer Support,Associate,24426,2019-09-13,Full-Time,Evening,emp001380@retailsphere.com,9289628329,Yes
EMP001381,ST0094,Umang Dugal,Male,Sales,Associate,24390,2019-03-22,Full-Time,Morning,emp001381@retailsphere.com,9908795288,Yes
EMP001382,ST0033,Mahika Korpal,Female,Security,Associate,24902,2019-03-07,Full-Time,Morning,emp001382@retailsphere.com,9745349829,Yes
EMP001383,ST0184,Onveer Dey,Male,Sales,Supervisor,56899,2025-02-06,Full-Time,Night,emp001383@retailsphere.com,9648541530,Yes
EMP001384,ST0176,Vedhika Prabhakar,Female,Customer Support,Associate,24282,2012-12-10,Full-Time,Night,emp001384@retailsphere.com,9953689156,Yes
EMP001385,ST0169,Teerth Bhavsar,Male,Security,Associate,27588,2016-03-01,Full-Time,Morning,emp001385@retailsphere.com,9471451127,Yes
EMP001386,ST0199,Vrinda Kohli,Female,Billing,Associate,27307,2016-03-01,Full-Time,Morning,emp001386@retailsphere.com,9606850101,Yes
EMP001387,ST0013,Triveni Hayer,Female,Sales,Senior Associate,39373,2019-05-13,Full-Time,Evening,emp001387@retailsphere.com,9381042406,Yes
EMP001388,ST0078,Manya Contractor,Female,Billing,Associate,28613,2019-08-04,Full-Time,Morning,emp001388@retailsphere.com,9243994216,Yes
EMP001389,ST0140,Darsh Chaudry,Male,Billing,Supervisor,48309,2025-12-11,Full-Time,Morning,emp001389@retailsphere.com,9895130865,Yes
EMP001390,ST0034,Xiti Parikh,Female,Sales,Associate,29536,2012-01-22,Full-Time,Evening,emp001390@retailsphere.com,9169255890,Yes
EMP001391,ST0061,Darsh Subramanian,Male,Billing,Supervisor,50417,2017-06-30,Full-Time,Morning,emp001391@retailsphere.com,9300226095,Yes
EMP001392,ST0184,Aashi Master,Female,Inventory,Senior Associate,37077,2017-02-01,Full-Time,Morning,emp001392@retailsphere.com,9829074663,Yes
EMP001393,ST0193,Ishani Master,Female,Billing,Supervisor,64650,2018-08-16,Full-Time,Evening,emp001393@retailsphere.com,9996014987,No
EMP001394,ST0072,Kamya Baria,Female,HR,Manager,139371,2025-11-30,Full-Time,Evening,emp001394@retailsphere.com,9785785472,Yes
EMP001395,ST0155,Karan Som,Male,Sales,Associate,22698,2025-05-18,Part-Time,Morning,emp001395@retailsphere.com,9681767602,Yes
EMP001396,ST0120,Chatresh Sankar,Male,Sales,Senior Associate,38599,2015-09-16,Full-Time,Night,emp001396@retailsphere.com,9786485677,Yes
EMP001397,ST0174,Nathaniel Wadhwa,Male,Billing,Senior Associate,39537,2014-12-29,Full-Time,Morning,emp001397@retailsphere.com,9200748679,Yes
EMP001398,ST0081,Banjeet Chahal,Male,Billing,Associate,26220,2020-07-24,Full-Time,Evening,emp001398@retailsphere.com,9919175055,Yes
EMP001399,ST0071,Lipika Venkataraman,Female,Sales,Associate,28497,2023-12-22,Full-Time,Morning,emp001399@retailsphere.com,9735409970,Yes
EMP001400,ST0101,Anvi Magar,Female,Billing,Associate,25473,2012-04-27,Full-Time,Morning,emp001400@retailsphere.com,9154028026,Yes
EMP001401,ST0118,Charan Prabhu,Male,Sales,Senior Associate,36674,2017-03-22,Full-Time,Morning,emp001401@retailsphere.com,9524358849,Yes
EMP001402,ST0007,Gagan Sant,Male,Sales,Senior Associate,40476,2024-09-26,Full-Time,Morning,emp001402@retailsphere.com,9585787252,Yes
EMP001403,ST0181,Sudiksha Morar,Female,Security,Senior Associate,32654,2023-02-21,Full-Time,Morning,emp001403@retailsphere.com,9480080110,Yes
EMP001404,ST0122,Naveen Kashyap,Male,HR,Associate,29959,2019-07-21,Full-Time,Morning,emp001404@retailsphere.com,9372039783,Yes
EMP001405,ST0197,Vivaan Mahal,Male,Security,Associate,28978,2023-12-26,Full-Time,Night,emp001405@retailsphere.com,9464189184,Yes
EMP001406,ST0076,Gabriel Oommen,Male,Sales,Senior Associate,36447,2025-01-12,Full-Time,Morning,emp001406@retailsphere.com,9909171756,Yes
EMP001407,ST0099,Eesha Gill,Female,Security,Associate,30347,2016-08-25,Full-Time,Morning,emp001407@retailsphere.com,9308747567,Yes
EMP001408,ST0064,Gavin Narayan,Male,Security,Associate,22737,2026-03-20,Part-Time,Morning,emp001408@retailsphere.com,9772783649,Yes
EMP001409,ST0148,Yashoda Saxena,Female,Sales,Supervisor,52012,2016-06-05,Full-Time,Morning,emp001409@retailsphere.com,9124868670,Yes
EMP001410,ST0066,Joshua Suri,Male,Billing,Associate,31850,2012-12-17,Full-Time,Evening,emp001410@retailsphere.com,9649345562,Yes
EMP001411,ST0186,Harish Rau,Male,Sales,Senior Associate,44064,2015-07-24,Full-Time,Morning,emp001411@retailsphere.com,9630952758,Yes
EMP001412,ST0122,Samar Talwar,Male,HR,Associate,25414,2014-07-22,Full-Time,Night,emp001412@retailsphere.com,9218274849,Yes
EMP001413,ST0125,Faris Chada,Male,Inventory,Senior Associate,32820,2019-09-06,Full-Time,Evening,emp001413@retailsphere.com,9675804760,Yes
EMP001414,ST0147,Avni Dara,Female,Sales,Supervisor,49418,2026-06-05,Part-Time,Night,emp001414@retailsphere.com,9538921447,Yes
EMP001415,ST0024,Chaitaly Basu,Female,Customer Support,Associate,25195,2012-09-09,Full-Time,Morning,emp001415@retailsphere.com,9559838156,Yes
EMP001416,ST0072,Ekiya Krishna,Female,Security,Associate,30724,2019-07-23,Full-Time,Evening,emp001416@retailsphere.com,9197108191,Yes
EMP001417,ST0180,Rohan Pandya,Male,Sales,Senior Associate,36773,2020-07-19,Full-Time,Evening,emp001417@retailsphere.com,9340076091,Yes
EMP001418,ST0022,Finn Gola,Male,Sales,Associate,24153,2024-03-18,Full-Time,Night,emp001418@retailsphere.com,9852184772,Yes
EMP001419,ST0171,Shaurya Rege,Male,Billing,Associate,23783,2025-10-17,Contract,Morning,emp001419@retailsphere.com,9175378709,Yes
EMP001420,ST0051,Dalaja Dutta,Female,Inventory,Assistant Manager,79204,2021-11-04,Full-Time,Evening,emp001420@retailsphere.com,9114948882,Yes
EMP001421,ST0178,Yoshita Nair,Female,Inventory,Associate,24717,2019-09-08,Full-Time,Morning,emp001421@retailsphere.com,9219712198,Yes
EMP001422,ST0153,Vanya Radhakrishnan,Female,Customer Support,Associate,29899,2014-09-16,Full-Time,Morning,emp001422@retailsphere.com,9537138059,Yes
EMP001423,ST0119,Jack Khalsa,Male,Sales,Senior Associate,34018,2025-05-13,Full-Time,Evening,emp001423@retailsphere.com,9615771473,Yes
EMP001424,ST0180,Aadhya Om,Female,Inventory,Associate,29511,2023-12-11,Full-Time,Evening,emp001424@retailsphere.com,9411684567,Yes
EMP001425,ST0117,Jacob Rau,Male,Billing,Associate,24150,2022-07-26,Full-Time,Evening,emp001425@retailsphere.com,9815328559,Yes
EMP001426,ST0080,Aryan Viswanathan,Male,Customer Support,Associate,31847,2020-05-17,Full-Time,Morning,emp001426@retailsphere.com,9620530040,Yes
EMP001427,ST0065,Riya Garg,Female,Sales,Associate,24826,2026-05-26,Full-Time,Night,emp001427@retailsphere.com,9896764556,Yes
EMP001428,ST0026,Bakhshi Padmanabhan,Male,Sales,Assistant Manager,87067,2021-11-17,Full-Time,Morning,emp001428@retailsphere.com,9196693106,Yes
EMP001429,ST0107,Rajata Babu,Female,Billing,Associate,24079,2014-07-19,Full-Time,Morning,emp001429@retailsphere.com,9208065627,Yes
EMP001430,ST0173,Rajeshri Tella,Female,Sales,Senior Associate,43985,2023-07-26,Full-Time,Evening,emp001430@retailsphere.com,9817512118,Yes
EMP001431,ST0107,Oeshi Behl,Female,Sales,Associate,24150,2013-11-01,Full-Time,Night,emp001431@retailsphere.com,9690786302,Yes
EMP001432,ST0027,Osha Rajagopal,Female,Sales,Associate,29072,2025-01-05,Full-Time,Morning,emp001432@retailsphere.com,9886413467,Yes
EMP001433,ST0186,Sai Dhingra,Female,Security,Associate,30895,2025-06-28,Full-Time,Evening,emp001433@retailsphere.com,9988703754,Yes
EMP001434,ST0138,Sanaya Warrior,Female,Billing,Assistant Manager,74466,2021-06-16,Full-Time,Evening,emp001434@retailsphere.com,9226932064,Yes
EMP001435,ST0109,Yatan Rattan,Male,Customer Support,Associate,23630,2025-02-05,Contract,Morning,emp001435@retailsphere.com,9287180443,Yes
EMP001436,ST0031,Alexander Mane,Male,Billing,Assistant Manager,83528,2018-12-18,Full-Time,Morning,emp001436@retailsphere.com,9263202132,Yes
EMP001437,ST0158,Jalsa Gade,Female,Inventory,Assistant Manager,82130,2017-03-14,Full-Time,Night,emp001437@retailsphere.com,9504593144,Yes
EMP001438,ST0074,Sai Doshi,Male,Billing,Associate,31123,2013-06-12,Part-Time,Night,emp001438@retailsphere.com,9749817176,Yes
EMP001439,ST0187,Jyoti Kapur,Female,Billing,Associate,31590,2013-08-18,Full-Time,Morning,emp001439@retailsphere.com,9452713525,Yes
EMP001440,ST0109,Banjeet Devi,Male,Billing,Senior Associate,32744,2017-11-10,Part-Time,Morning,emp001440@retailsphere.com,9203191432,Yes
EMP001441,ST0071,Hemani Choudhry,Female,Inventory,Supervisor,48684,2021-10-15,Full-Time,Evening,emp001441@retailsphere.com,9692659454,Yes
EMP001442,ST0085,Azad Seth,Male,Sales,Associate,31459,2016-06-12,Full-Time,Evening,emp001442@retailsphere.com,9934403975,Yes
EMP001443,ST0190,Darpan Bassi,Male,Inventory,Senior Associate,43987,2020-05-06,Full-Time,Morning,emp001443@retailsphere.com,9374822567,Yes
EMP001444,ST0120,Zaitra Ben,Female,Sales,Supervisor,51424,2014-03-23,Full-Time,Evening,emp001444@retailsphere.com,9984556688,Yes
EMP001445,ST0077,Chaman Iyengar,Female,Sales,Associate,28935,2022-11-03,Full-Time,Night,emp001445@retailsphere.com,9604897148,Yes
EMP001446,ST0047,Veer Dar,Male,Inventory,Associate,26855,2025-04-10,Full-Time,Evening,emp001446@retailsphere.com,9493287816,Yes
EMP001447,ST0141,Wridesh Raj,Male,Sales,Senior Associate,42333,2017-05-02,Full-Time,Evening,emp001447@retailsphere.com,9638594969,Yes
EMP001448,ST0033,Advaith Patla,Male,Security,Associate,22203,2018-02-25,Full-Time,Evening,emp001448@retailsphere.com,9365009072,Yes
EMP001449,ST0172,Gayathri Kibe,Female,Sales,Associate,23897,2023-10-01,Full-Time,Evening,emp001449@retailsphere.com,9384925698,Yes
EMP001450,ST0188,Ethan Bajwa,Male,Customer Support,Associate,25449,2019-02-20,Full-Time,Evening,emp001450@retailsphere.com,9733450815,Yes
EMP001451,ST0049,Ansh Sami,Male,Inventory,Associate,30887,2023-11-30,Full-Time,Night,emp001451@retailsphere.com,9920152203,Yes
EMP001452,ST0082,Hemal Pandey,Female,Billing,Associate,30868,2018-09-26,Full-Time,Evening,emp001452@retailsphere.com,9660000092,Yes
EMP001453,ST0186,Bhavani Walla,Female,Sales,Associate,23319,2016-02-10,Contract,Evening,emp001453@retailsphere.com,9190447020,Yes
EMP001454,ST0107,Urmi Chad,Female,Sales,Associate,28758,2026-06-22,Full-Time,Morning,emp001454@retailsphere.com,9349386018,Yes
EMP001455,ST0071,Harshil Ramanathan,Male,Customer Support,Senior Associate,40079,2019-10-07,Full-Time,Night,emp001455@retailsphere.com,9101738020,Yes
EMP001456,ST0194,Kamala Hayer,Female,Inventory,Associate,30137,2020-01-31,Contract,Morning,emp001456@retailsphere.com,9793133487,Yes
EMP001457,ST0121,Brijesh Som,Male,Sales,Senior Associate,34519,2025-01-28,Full-Time,Morning,emp001457@retailsphere.com,9487307247,Yes
EMP001458,ST0044,Saumya Hayre,Female,Billing,Associate,22157,2025-01-05,Full-Time,Night,emp001458@retailsphere.com,9519508042,Yes
EMP001459,ST0182,Sara Sibal,Female,Sales,Associate,22454,2016-06-29,Full-Time,Morning,emp001459@retailsphere.com,9268868902,Yes
EMP001460,ST0015,Tanveer Mahal,Male,Customer Support,Senior Associate,35673,2014-05-27,Full-Time,Evening,emp001460@retailsphere.com,9916085382,Yes
EMP001461,ST0062,Bhavika Rai,Female,Sales,Associate,22756,2014-10-23,Full-Time,Morning,emp001461@retailsphere.com,9742718424,No
EMP001462,ST0142,Ronith Salvi,Male,Sales,Senior Associate,34714,2023-01-12,Full-Time,Morning,emp001462@retailsphere.com,9475104891,Yes
EMP001463,ST0164,Laban Savant,Male,Billing,Associate,27058,2021-02-11,Part-Time,Evening,emp001463@retailsphere.com,9551824664,Yes
EMP001464,ST0174,Qabil Aggarwal,Male,Sales,Associate,29156,2023-09-11,Full-Time,Morning,emp001464@retailsphere.com,9936767092,Yes
EMP001465,ST0038,Urvashi Cheema,Female,Sales,Senior Associate,39064,2017-04-27,Full-Time,Morning,emp001465@retailsphere.com,9948677243,Yes
EMP001466,ST0051,Dominic Sastry,Male,Inventory,Senior Associate,36823,2023-03-26,Full-Time,Night,emp001466@retailsphere.com,9899056882,Yes
EMP001467,ST0099,Vrinda Narula,Female,Billing,Associate,30807,2020-09-25,Full-Time,Evening,emp001467@retailsphere.com,9147556602,Yes
EMP001468,ST0171,Kamala De,Female,Inventory,Associate,30257,2014-05-15,Full-Time,Evening,emp001468@retailsphere.com,9129736016,Yes
EMP001469,ST0103,Nidhi Soman,Female,Security,Associate,24038,2017-02-26,Full-Time,Evening,emp001469@retailsphere.com,9561653118,Yes
EMP001470,ST0189,Eiravati Desai,Female,Inventory,Senior Associate,43749,2013-04-21,Full-Time,Evening,emp001470@retailsphere.com,9301533576,Yes
EMP001471,ST0167,Sachi Bedi,Female,Billing,Associate,25192,2016-06-28,Full-Time,Morning,emp001471@retailsphere.com,9179625752,Yes
EMP001472,ST0031,Ishani Kohli,Female,Billing,Senior Associate,36529,2019-09-20,Full-Time,Night,emp001472@retailsphere.com,9622022172,Yes
EMP001473,ST0185,Tristan Vohra,Male,Customer Support,Associate,27891,2022-04-13,Full-Time,Morning,emp001473@retailsphere.com,9676956757,Yes
EMP001474,ST0064,Jackson Vyas,Male,HR,Associate,25532,2022-01-18,Full-Time,Night,emp001474@retailsphere.com,9437086889,Yes
EMP001475,ST0100,Yash Kaul,Male,Sales,Supervisor,51686,2018-04-02,Full-Time,Morning,emp001475@retailsphere.com,9109756620,Yes
EMP001476,ST0073,Yauvani Bajaj,Female,Inventory,Associate,25029,2025-04-17,Full-Time,Evening,emp001476@retailsphere.com,9923382278,Yes
EMP001477,ST0109,Krish Memon,Male,Inventory,Associate,30863,2013-07-19,Full-Time,Evening,emp001477@retailsphere.com,9300012055,Yes
EMP001478,ST0029,Liam Subramanian,Male,Billing,Associate,29675,2011-11-06,Full-Time,Night,emp001478@retailsphere.com,9776378631,Yes
EMP001479,ST0076,Chameli Banik,Female,Sales,Senior Associate,43545,2023-04-26,Full-Time,Evening,emp001479@retailsphere.com,9449907264,Yes
EMP001480,ST0144,Lohit Bala,Male,Billing,Associate,30502,2024-06-11,Full-Time,Evening,emp001480@retailsphere.com,9858784753,Yes
EMP001481,ST0037,Chatura Kapoor,Male,Sales,Associate,24425,2016-02-26,Full-Time,Evening,emp001481@retailsphere.com,9496683090,Yes
EMP001482,ST0152,Madhavi Mane,Female,Inventory,Senior Associate,43078,2022-02-07,Full-Time,Evening,emp001482@retailsphere.com,9207581102,Yes
EMP001483,ST0059,Tanmayi Mody,Female,Inventory,Associate,27439,2015-02-12,Full-Time,Evening,emp001483@retailsphere.com,9975083176,Yes
EMP001484,ST0080,Krisha Palla,Female,Sales,Assistant Manager,69046,2021-12-07,Full-Time,Morning,emp001484@retailsphere.com,9587115381,Yes
EMP001485,ST0013,Geetika Suresh,Female,Sales,Supervisor,62861,2016-05-15,Full-Time,Night,emp001485@retailsphere.com,9989584402,Yes
EMP001486,ST0015,Akshay Ahluwalia,Male,Billing,Senior Associate,43511,2012-11-22,Full-Time,Morning,emp001486@retailsphere.com,9811599360,Yes
EMP001487,ST0052,Bishakha Kurian,Female,Customer Support,Associate,28379,2023-01-22,Full-Time,Evening,emp001487@retailsphere.com,9826272340,Yes
EMP001488,ST0182,Osha Tandon,Female,Sales,Senior Associate,33152,2014-07-07,Full-Time,Morning,emp001488@retailsphere.com,9953479966,Yes
EMP001489,ST0149,Januja Rai,Female,Sales,Senior Associate,32456,2017-11-22,Full-Time,Morning,emp001489@retailsphere.com,9421030171,Yes
EMP001490,ST0190,Falguni Ray,Female,Sales,Associate,22679,2020-11-30,Full-Time,Evening,emp001490@retailsphere.com,9471519831,Yes
EMP001491,ST0015,Jhalak Kar,Female,Security,Associate,27416,2013-12-18,Full-Time,Evening,emp001491@retailsphere.com,9961967006,Yes
EMP001492,ST0125,Ekavir Bora,Male,Sales,Associate,24702,2023-11-25,Part-Time,Morning,emp001492@retailsphere.com,9454715169,Yes
EMP001493,ST0070,Ayaan Gola,Male,Sales,Associate,22059,2020-12-26,Full-Time,Evening,emp001493@retailsphere.com,9958177839,Yes
EMP001494,ST0181,Vrinda Pall,Female,Billing,Associate,25425,2018-03-01,Full-Time,Evening,emp001494@retailsphere.com,9169733723,Yes
EMP001495,ST0060,Rachita Nagar,Female,Inventory,Associate,22871,2026-07-25,Full-Time,Evening,emp001495@retailsphere.com,9973939686,Yes
EMP001496,ST0129,Brinda Warrior,Female,Customer Support,Senior Associate,41931,2013-05-16,Contract,Evening,emp001496@retailsphere.com,9707300777,Yes
EMP001497,ST0114,Rishi Johal,Male,Sales,Associate,30045,2016-02-24,Contract,Night,emp001497@retailsphere.com,9648624941,Yes
EMP001498,ST0004,Ishita Varty,Female,Sales,Associate,23448,2015-03-10,Full-Time,Morning,emp001498@retailsphere.com,9519176448,Yes
EMP001499,ST0026,Lajita Sunder,Female,Sales,Associate,26713,2026-06-20,Full-Time,Morning,emp001499@retailsphere.com,9488224484,Yes
EMP001500,ST0006,Samesh Nanda,Male,Sales,Supervisor,50148,2018-01-23,Full-Time,Evening,emp001500@retailsphere.com,9219036871,Yes
EMP001501,ST0155,Vasudha Hora,Female,Inventory,Associate,30013,2025-02-23,Full-Time,Evening,emp001501@retailsphere.com,9642556243,Yes
EMP001502,ST0098,Bhavya Sandal,Female,Sales,Senior Associate,43192,2024-12-01,Full-Time,Morning,emp001502@retailsphere.com,9137526203,Yes
EMP001503,ST0028,Sai Mallick,Female,Sales,Associate,27695,2017-04-06,Full-Time,Evening,emp001503@retailsphere.com,9431904515,Yes
EMP001504,ST0002,Isaiah Dhillon,Male,Sales,Supervisor,60522,2012-03-13,Full-Time,Evening,emp001504@retailsphere.com,9407925214,Yes
EMP001505,ST0150,Leela Goswami,Female,Sales,Associate,25015,2020-06-06,Contract,Night,emp001505@retailsphere.com,9268232090,Yes
EMP001506,ST0023,Unni Sagar,Female,Inventory,Associate,22239,2023-05-06,Contract,Evening,emp001506@retailsphere.com,9728594268,Yes
EMP001507,ST0115,Krishna Shroff,Male,HR,Associate,23857,2013-06-14,Full-Time,Evening,emp001507@retailsphere.com,9942992120,Yes
EMP001508,ST0077,Sathvik Lala,Male,HR,Associate,22284,2017-08-23,Full-Time,Evening,emp001508@retailsphere.com,9252862429,Yes
EMP001509,ST0037,Charvi Patla,Female,Inventory,Senior Associate,40643,2013-06-13,Full-Time,Evening,emp001509@retailsphere.com,9616507831,Yes
EMP001510,ST0158,Oeshi Raval,Female,Sales,Senior Associate,42676,2016-12-22,Full-Time,Morning,emp001510@retailsphere.com,9418215993,Yes
EMP001511,ST0042,Isaiah Bhatti,Male,Billing,Senior Associate,43926,2021-11-25,Full-Time,Evening,emp001511@retailsphere.com,9172381893,Yes
EMP001512,ST0080,Laksh Karnik,Male,Sales,Senior Associate,44108,2021-08-03,Full-Time,Morning,emp001512@retailsphere.com,9464320131,Yes
EMP001513,ST0001,Udarsh Lala,Male,Customer Support,Senior Associate,43770,2017-11-01,Full-Time,Evening,emp001513@retailsphere.com,9854704077,Yes
EMP001514,ST0057,Sai Kunda,Female,Billing,Senior Associate,44323,2020-05-21,Full-Time,Morning,emp001514@retailsphere.com,9158757085,Yes
EMP001515,ST0158,Prisha Devi,Female,Sales,Associate,30238,2016-01-12,Full-Time,Morning,emp001515@retailsphere.com,9341670495,Yes
EMP001516,ST0183,Yoshita Anand,Female,Inventory,Associate,31495,2018-03-21,Full-Time,Evening,emp001516@retailsphere.com,9292339076,Yes
EMP001517,ST0172,Bhavna Ranganathan,Female,Security,Associate,31991,2017-06-04,Full-Time,Morning,emp001517@retailsphere.com,9655009212,Yes
EMP001518,ST0119,Siya Sodhi,Female,Sales,Associate,23187,2022-12-10,Full-Time,Evening,emp001518@retailsphere.com,9291883491,Yes
EMP001519,ST0164,Upma Solanki,Female,Sales,Associate,29252,2015-07-29,Full-Time,Morning,emp001519@retailsphere.com,9493815355,Yes
EMP001520,ST0107,Irya Date,Female,Sales,Senior Associate,40502,2021-02-13,Full-Time,Evening,emp001520@retailsphere.com,9284572490,Yes
EMP001521,ST0095,Abhiram Sharaf,Male,Billing,Associate,29443,2016-07-04,Full-Time,Morning,emp001521@retailsphere.com,9227711315,Yes
EMP001522,ST0057,Harita Shukla,Female,Billing,Associate,25877,2023-01-30,Full-Time,Morning,emp001522@retailsphere.com,9561878350,Yes
EMP001523,ST0063,Nimrat Gara,Female,Sales,Associate,30989,2015-11-14,Full-Time,Evening,emp001523@retailsphere.com,9309398839,Yes
EMP001524,ST0136,Ojas Ravel,Male,Billing,Senior Associate,35856,2023-11-02,Full-Time,Evening,emp001524@retailsphere.com,9421249498,No
EMP001525,ST0191,Ubika Rajan,Female,Sales,Senior Associate,34237,2017-05-11,Full-Time,Evening,emp001525@retailsphere.com,9290476062,Yes
EMP001526,ST0170,Nisha Tella,Female,Billing,Associate,30203,2012-01-22,Full-Time,Night,emp001526@retailsphere.com,9886925739,Yes
EMP001527,ST0089,Mugdha Khatri,Female,Customer Support,Assistant Manager,84862,2014-02-15,Full-Time,Morning,emp001527@retailsphere.com,9226994909,Yes
EMP001528,ST0011,Zinal Guha,Female,Security,Associate,24340,2024-01-15,Full-Time,Night,emp001528@retailsphere.com,9816858496,Yes
EMP001529,ST0066,Janani Roy,Female,Sales,Supervisor,61057,2020-12-24,Part-Time,Morning,emp001529@retailsphere.com,9226303945,Yes
EMP001530,ST0151,Krisha Aurora,Female,Inventory,Supervisor,62146,2018-01-14,Full-Time,Night,emp001530@retailsphere.com,9131998164,Yes
EMP001531,ST0045,Ekaraj Thaman,Male,Billing,Associate,29799,2014-09-03,Full-Time,Evening,emp001531@retailsphere.com,9956344021,Yes
EMP001532,ST0179,Vasana Cherian,Female,Billing,Manager,98041,2014-05-07,Full-Time,Evening,emp001532@retailsphere.com,9428825930,Yes
EMP001533,ST0149,Kiaan Kaur,Male,Billing,Senior Associate,35088,2024-05-01,Full-Time,Morning,emp001533@retailsphere.com,9369404598,Yes
EMP001534,ST0005,Omkaar Gour,Male,HR,Manager,132443,2021-01-16,Full-Time,Morning,emp001534@retailsphere.com,9231137716,Yes
EMP001535,ST0016,Devika Pillay,Female,Sales,Senior Associate,41631,2026-02-24,Full-Time,Evening,emp001535@retailsphere.com,9291521347,Yes
EMP001536,ST0089,Shaurya Pandey,Male,Sales,Associate,27329,2020-02-26,Full-Time,Evening,emp001536@retailsphere.com,9951976781,Yes
EMP001537,ST0069,Tripti Keer,Female,Inventory,Associate,28767,2020-08-11,Full-Time,Evening,emp001537@retailsphere.com,9188442127,Yes
EMP001538,ST0135,Oliver Krishnan,Male,Inventory,Senior Associate,41174,2020-02-19,Full-Time,Evening,emp001538@retailsphere.com,9759327706,Yes
EMP001539,ST0064,Anay Solanki,Male,Sales,Associate,30552,2013-07-05,Full-Time,Evening,emp001539@retailsphere.com,9468126982,Yes
EMP001540,ST0026,Bina Hari,Female,Sales,Associate,24208,2015-05-22,Full-Time,Morning,emp001540@retailsphere.com,9462991301,Yes
EMP001541,ST0091,Ayushman Parmer,Male,Sales,Senior Associate,36074,2024-02-21,Full-Time,Night,emp001541@retailsphere.com,9904965577,Yes
EMP001542,ST0101,Harinakshi Tak,Female,Security,Senior Associate,39205,2019-10-09,Full-Time,Evening,emp001542@retailsphere.com,9561865285,Yes
EMP001543,ST0069,Krisha Gala,Female,Security,Associate,30323,2026-05-02,Full-Time,Night,emp001543@retailsphere.com,9326220604,Yes
EMP001544,ST0112,Darika Bakshi,Female,Customer Support,Associate,25169,2025-07-13,Contract,Morning,emp001544@retailsphere.com,9745131779,Yes
EMP001545,ST0094,Watika Nair,Female,Sales,Senior Associate,40784,2018-10-17,Full-Time,Evening,emp001545@retailsphere.com,9181313414,Yes
EMP001546,ST0102,Ishanvi Mander,Female,Inventory,Associate,28396,2026-02-10,Full-Time,Morning,emp001546@retailsphere.com,9402751278,Yes
EMP001547,ST0056,Charita Pillay,Female,Sales,Associate,24720,2012-04-08,Full-Time,Evening,emp001547@retailsphere.com,9986567144,Yes
EMP001548,ST0184,Aachal Kaur,Female,Sales,Supervisor,48014,2024-11-24,Contract,Morning,emp001548@retailsphere.com,9121833169,No
EMP001549,ST0101,Matthew Sankaran,Male,Inventory,Associate,22995,2017-09-08,Contract,Morning,emp001549@retailsphere.com,9301899972,Yes
EMP001550,ST0045,Hardik Patla,Male,Sales,Associate,27769,2018-08-01,Full-Time,Morning,emp001550@retailsphere.com,9160494316,Yes
EMP001551,ST0142,Samar Saini,Male,Customer Support,Assistant Manager,89635,2025-03-29,Full-Time,Morning,emp001551@retailsphere.com,9325614097,Yes
EMP001552,ST0077,Jai Sibal,Male,Sales,Manager,137946,2013-09-03,Part-Time,Evening,emp001552@retailsphere.com,9947013658,Yes
EMP001553,ST0151,Zayan Gour,Male,Customer Support,Senior Associate,40945,2015-08-17,Full-Time,Night,emp001553@retailsphere.com,9101354291,Yes
EMP001554,ST0039,Varsha Magar,Female,Sales,Associate,30782,2017-06-03,Full-Time,Evening,emp001554@retailsphere.com,9783822792,Yes
EMP001555,ST0128,David Gera,Male,Inventory,Associate,23297,2016-02-10,Full-Time,Evening,emp001555@retailsphere.com,9754232220,Yes
EMP001556,ST0122,Manbir Sachdev,Male,Billing,Associate,31082,2021-11-23,Full-Time,Morning,emp001556@retailsphere.com,9359597976,Yes
EMP001557,ST0081,Irya Walla,Female,Billing,Associate,24134,2023-07-07,Full-Time,Morning,emp001557@retailsphere.com,9365743952,Yes
EMP001558,ST0053,Eiravati Bhagat,Female,Sales,Associate,23125,2025-06-22,Full-Time,Morning,emp001558@retailsphere.com,9654210674,Yes
EMP001559,ST0001,Krish Jain,Male,Customer Support,Associate,24188,2023-04-29,Full-Time,Morning,emp001559@retailsphere.com,9615243869,Yes
EMP001560,ST0002,Yash Sandal,Male,Customer Support,Associate,30367,2014-06-26,Full-Time,Morning,emp001560@retailsphere.com,9485945785,Yes
EMP001561,ST0002,Timothy Deshpande,Male,Inventory,Associate,23142,2025-05-10,Full-Time,Evening,emp001561@retailsphere.com,9890451659,Yes
EMP001562,ST0111,Mohammed Lall,Male,Inventory,Associate,24624,2012-11-02,Full-Time,Evening,emp001562@retailsphere.com,9400872247,Yes
EMP001563,ST0104,Onveer Wali,Male,Sales,Senior Associate,35829,2026-01-02,Full-Time,Evening,emp001563@retailsphere.com,9341965143,Yes
EMP001564,ST0148,Nitesh Soman,Male,Sales,Associate,28179,2019-11-03,Full-Time,Night,emp001564@retailsphere.com,9363317281,Yes
EMP001565,ST0046,Yashvi Krishnamurthy,Female,Security,Associate,31783,2015-09-12,Full-Time,Evening,emp001565@retailsphere.com,9874657539,Yes
EMP001566,ST0028,Upma Seth,Female,Sales,Associate,27498,2023-05-19,Full-Time,Morning,emp001566@retailsphere.com,9675140441,Yes
EMP001567,ST0055,Vaishnavi Goyal,Female,Billing,Senior Associate,36478,2025-04-13,Full-Time,Morning,emp001567@retailsphere.com,9800804788,Yes
EMP001568,ST0175,David Koshy,Male,Inventory,Assistant Manager,73135,2015-11-05,Full-Time,Morning,emp001568@retailsphere.com,9218339303,Yes
EMP001569,ST0016,Ucchal Raju,Female,Sales,Senior Associate,44512,2014-08-10,Full-Time,Night,emp001569@retailsphere.com,9235213079,Yes
EMP001570,ST0096,Qarin Jaggi,Male,Sales,Associate,22314,2013-08-19,Full-Time,Morning,emp001570@retailsphere.com,9682911568,Yes
EMP001571,ST0182,Bhavna Mammen,Female,Billing,Senior Associate,34483,2023-10-13,Contract,Morning,emp001571@retailsphere.com,9895329870,Yes
EMP001572,ST0089,Irya Bora,Female,Security,Senior Associate,35259,2020-09-12,Full-Time,Morning,emp001572@retailsphere.com,9302555700,Yes
EMP001573,ST0127,Baljiwan Dhillon,Male,Billing,Associate,28209,2015-11-05,Full-Time,Morning,emp001573@retailsphere.com,9323008429,Yes
EMP001574,ST0119,Gavin Mammen,Male,Billing,Senior Associate,36835,2016-08-27,Full-Time,Morning,emp001574@retailsphere.com,9527055142,Yes
EMP001575,ST0036,Eesha Saha,Female,Sales,Associate,22995,2013-07-09,Full-Time,Evening,emp001575@retailsphere.com,9808385810,Yes
EMP001576,ST0150,Anay Deep,Male,Inventory,Associate,28534,2016-11-24,Full-Time,Evening,emp001576@retailsphere.com,9945403911,Yes
EMP001577,ST0155,Gaurika Keer,Female,Sales,Associate,28918,2016-02-28,Full-Time,Evening,emp001577@retailsphere.com,9975728227,Yes
EMP001578,ST0076,Rajata Kari,Female,Sales,Associate,22914,2019-12-06,Full-Time,Evening,emp001578@retailsphere.com,9581563774,Yes
EMP001579,ST0119,Jairaj Bhat,Male,Billing,Associate,31065,2015-03-15,Full-Time,Evening,emp001579@retailsphere.com,9879944639,Yes
EMP001580,ST0104,Ansh Bawa,Male,HR,Senior Associate,41794,2019-04-19,Full-Time,Morning,emp001580@retailsphere.com,9621479041,Yes
EMP001581,ST0134,Jagvi Chacko,Female,Inventory,Supervisor,58029,2024-03-14,Full-Time,Evening,emp001581@retailsphere.com,9401489819,Yes
EMP001582,ST0172,Libni Krishna,Female,Sales,Associate,27542,2012-10-10,Full-Time,Night,emp001582@retailsphere.com,9713169691,Yes
EMP001583,ST0160,Varenya Kara,Female,Sales,Senior Associate,34272,2016-04-07,Full-Time,Morning,emp001583@retailsphere.com,9474165063,Yes
EMP001584,ST0049,Bhavika Chakraborty,Female,Sales,Senior Associate,41513,2019-12-23,Full-Time,Evening,emp001584@retailsphere.com,9897568391,Yes
EMP001585,ST0156,Isaiah Chahal,Male,Sales,Supervisor,47269,2015-09-22,Part-Time,Morning,emp001585@retailsphere.com,9253120705,Yes
EMP001586,ST0173,Farhan Ghose,Male,Sales,Manager,122402,2018-12-01,Full-Time,Night,emp001586@retailsphere.com,9280430155,Yes
EMP001587,ST0018,Hitesh Bhatti,Male,Sales,Senior Associate,36951,2020-01-17,Full-Time,Morning,emp001587@retailsphere.com,9514539148,Yes
EMP001588,ST0016,Lajita Randhawa,Female,Security,Supervisor,64855,2019-05-05,Full-Time,Night,emp001588@retailsphere.com,9848630505,Yes
EMP001589,ST0054,Benjamin Pandit,Male,Sales,Supervisor,51175,2023-11-17,Part-Time,Night,emp001589@retailsphere.com,9682871238,Yes
EMP001590,ST0160,Tanvi Prashad,Female,Billing,Associate,27432,2016-06-23,Full-Time,Night,emp001590@retailsphere.com,9269986423,Yes
EMP001591,ST0066,William Chadha,Male,Customer Support,Assistant Manager,83219,2014-10-11,Full-Time,Morning,emp001591@retailsphere.com,9965387945,Yes
EMP001592,ST0118,Warjas Koshy,Male,Security,Associate,29907,2025-01-18,Full-Time,Evening,emp001592@retailsphere.com,9193058331,Yes
EMP001593,ST0157,Jack Thaman,Male,Sales,Supervisor,63958,2015-12-29,Part-Time,Morning,emp001593@retailsphere.com,9486638364,Yes
EMP001594,ST0006,Jack Sabharwal,Male,Inventory,Senior Associate,43242,2023-04-17,Full-Time,Evening,emp001594@retailsphere.com,9919460383,Yes
EMP001595,ST0096,Jack Chandran,Male,Inventory,Associate,31193,2020-01-18,Full-Time,Evening,emp001595@retailsphere.com,9337882269,Yes
EMP001596,ST0123,Rushil Sundaram,Male,Security,Supervisor,55975,2014-11-26,Full-Time,Morning,emp001596@retailsphere.com,9228661849,Yes
EMP001597,ST0111,Aarav Chaudhari,Male,Inventory,Senior Associate,41701,2023-03-23,Full-Time,Morning,emp001597@retailsphere.com,9747500897,Yes
EMP001598,ST0154,Lipika Sankaran,Female,Sales,Senior Associate,35270,2020-10-25,Full-Time,Evening,emp001598@retailsphere.com,9954631402,Yes
EMP001599,ST0190,Neel Raj,Male,Customer Support,Senior Associate,33952,2026-02-04,Full-Time,Evening,emp001599@retailsphere.com,9848049042,Yes
EMP001600,ST0129,Ishaan Tak,Male,Sales,Associate,26852,2023-04-06,Full-Time,Evening,emp001600@retailsphere.com,9478628779,Yes
EMP001601,ST0101,Harshil Maharaj,Male,Sales,Senior Associate,40837,2014-02-18,Part-Time,Night,emp001601@retailsphere.com,9907136986,Yes
EMP001602,ST0098,Vidhi Gupta,Female,Sales,Associate,23005,2018-02-02,Full-Time,Evening,emp001602@retailsphere.com,9580864829,Yes
EMP001603,ST0200,Kritika Sankaran,Female,Security,Associate,24578,2013-05-31,Contract,Evening,emp001603@retailsphere.com,9277448917,Yes
EMP001604,ST0040,Theodore Garde,Male,Billing,Associate,29249,2024-01-15,Full-Time,Morning,emp001604@retailsphere.com,9110990369,Yes
EMP001605,ST0061,Upkaar Mahajan,Male,Customer Support,Assistant Manager,67975,2019-03-27,Full-Time,Evening,emp001605@retailsphere.com,9527089355,Yes
EMP001606,ST0091,Avni Yadav,Female,Inventory,Senior Associate,37371,2021-05-24,Full-Time,Evening,emp001606@retailsphere.com,9727345995,Yes
EMP001607,ST0165,Neha Ghose,Female,Customer Support,Associate,23696,2016-12-10,Part-Time,Morning,emp001607@retailsphere.com,9405300664,Yes
EMP001608,ST0010,Ijaya Naidu,Female,Inventory,Associate,24152,2026-03-20,Full-Time,Night,emp001608@retailsphere.com,9386849838,Yes
EMP001609,ST0159,Dalbir Sarna,Male,Sales,Associate,26540,2011-09-19,Full-Time,Morning,emp001609@retailsphere.com,9341106679,Yes
EMP001610,ST0083,Abha Varkey,Female,Billing,Associate,23738,2020-12-27,Full-Time,Evening,emp001610@retailsphere.com,9459992518,Yes
EMP001611,ST0180,Rayaan Chahal,Male,Billing,Senior Associate,42659,2011-09-01,Contract,Morning,emp001611@retailsphere.com,9700729630,Yes
EMP001612,ST0130,Kavya Koshy,Female,Billing,Associate,24335,2014-11-01,Full-Time,Morning,emp001612@retailsphere.com,9114270803,Yes
EMP001613,ST0163,Vanya Ben,Female,Customer Support,Senior Associate,39499,2013-07-22,Part-Time,Morning,emp001613@retailsphere.com,9800291060,Yes
EMP001614,ST0064,Baghyawati Wadhwa,Female,Customer Support,Associate,26313,2019-09-30,Full-Time,Morning,emp001614@retailsphere.com,9195664425,Yes
EMP001615,ST0046,Lucky Parsa,Male,Customer Support,Senior Associate,36982,2023-11-27,Full-Time,Morning,emp001615@retailsphere.com,9365615066,Yes
EMP001616,ST0091,Falan Peri,Male,Sales,Senior Associate,41949,2021-07-07,Part-Time,Morning,emp001616@retailsphere.com,9172962727,Yes
EMP001617,ST0008,Kavya Rajagopal,Female,Security,Associate,27841,2018-01-12,Full-Time,Evening,emp001617@retailsphere.com,9389838254,Yes
EMP001618,ST0094,Azaan Kade,Male,Inventory,Manager,117172,2019-11-09,Full-Time,Morning,emp001618@retailsphere.com,9980138975,Yes
EMP001619,ST0024,Atharv Mani,Male,Sales,Associate,23528,2025-11-18,Full-Time,Evening,emp001619@retailsphere.com,9810067072,No
EMP001620,ST0065,Finn Deol,Male,Inventory,Manager,115572,2024-10-29,Part-Time,Morning,emp001620@retailsphere.com,9806114677,No
EMP001621,ST0037,Aadhya Krishnan,Female,Sales,Associate,23695,2017-03-14,Full-Time,Night,emp001621@retailsphere.com,9538404019,Yes
EMP001622,ST0106,Pratyush Srinivas,Male,Billing,Associate,28384,2023-01-16,Full-Time,Evening,emp001622@retailsphere.com,9500559698,Yes
EMP001623,ST0125,Gayathri Krish,Female,Sales,Associate,29645,2023-05-01,Full-Time,Night,emp001623@retailsphere.com,9255735501,Yes
EMP001624,ST0129,Unnati Baral,Female,Customer Support,Senior Associate,41112,2012-01-02,Full-Time,Evening,emp001624@retailsphere.com,9756995322,Yes
EMP001625,ST0164,Aarnav Deo,Male,Inventory,Associate,22876,2026-04-02,Full-Time,Morning,emp001625@retailsphere.com,9586379281,Yes
EMP001626,ST0072,Luke Lata,Male,Billing,Senior Associate,44947,2023-04-09,Full-Time,Morning,emp001626@retailsphere.com,9607011510,Yes
EMP001627,ST0033,Dev Kohli,Male,Security,Associate,24651,2025-03-03,Full-Time,Morning,emp001627@retailsphere.com,9249016122,Yes
EMP001628,ST0079,Aryan Brahmbhatt,Male,Sales,Associate,23667,2023-08-27,Full-Time,Morning,emp001628@retailsphere.com,9226179685,Yes
EMP001629,ST0093,Vamakshi Buch,Female,Billing,Senior Associate,32491,2017-12-01,Full-Time,Morning,emp001629@retailsphere.com,9591321618,No
EMP001630,ST0083,Yahvi Bhalla,Female,Inventory,Supervisor,52069,2020-12-16,Full-Time,Evening,emp001630@retailsphere.com,9678550512,Yes
EMP001631,ST0198,Radhika Balay,Female,Billing,Supervisor,47858,2013-06-13,Full-Time,Morning,emp001631@retailsphere.com,9248350843,Yes
EMP001632,ST0035,Nidhi Shere,Female,Sales,Associate,27105,2013-03-31,Full-Time,Evening,emp001632@retailsphere.com,9202876866,Yes
EMP001633,ST0157,Akshay Amble,Male,Sales,Supervisor,47600,2017-04-20,Full-Time,Morning,emp001633@retailsphere.com,9340212469,Yes
EMP001634,ST0029,Nihal Rout,Male,Sales,Senior Associate,44995,2025-12-27,Full-Time,Evening,emp001634@retailsphere.com,9657621188,Yes
EMP001635,ST0074,Matthew Seth,Male,Sales,Supervisor,61065,2014-10-09,Full-Time,Evening,emp001635@retailsphere.com,9466457080,Yes
EMP001636,ST0128,Benjamin Seshadri,Male,Inventory,Senior Associate,33880,2012-10-14,Full-Time,Morning,emp001636@retailsphere.com,9198911127,Yes
EMP001637,ST0188,Anmol Seth,Male,Security,Senior Associate,37839,2021-12-23,Full-Time,Morning,emp001637@retailsphere.com,9364693974,Yes
EMP001638,ST0079,Krish Ben,Male,Billing,Senior Associate,37685,2011-08-31,Full-Time,Evening,emp001638@retailsphere.com,9663389783,Yes
EMP001639,ST0082,Avi Goyal,Male,Sales,Associate,23212,2019-04-03,Full-Time,Morning,emp001639@retailsphere.com,9423482388,Yes
EMP001640,ST0116,Maanas Khare,Male,Security,Senior Associate,32745,2020-07-22,Full-Time,Morning,emp001640@retailsphere.com,9528607279,Yes
EMP001641,ST0157,Aachal Andra,Female,Sales,Assistant Manager,70703,2017-11-26,Full-Time,Evening,emp001641@retailsphere.com,9157135922,Yes
EMP001642,ST0186,Kavya Grewal,Female,Inventory,Associate,29364,2013-03-08,Full-Time,Morning,emp001642@retailsphere.com,9775911703,Yes
EMP001643,ST0142,Yash Oommen,Male,HR,Senior Associate,34772,2019-10-31,Full-Time,Evening,emp001643@retailsphere.com,9627066935,Yes
EMP001644,ST0039,Lila Menon,Female,Sales,Manager,116851,2011-12-30,Full-Time,Morning,emp001644@retailsphere.com,9253921403,Yes
EMP001645,ST0124,Balveer Thakkar,Male,HR,Associate,25387,2016-01-28,Full-Time,Evening,emp001645@retailsphere.com,9393120437,Yes
EMP001646,ST0058,Janani Nagar,Female,Billing,Manager,137482,2013-04-18,Full-Time,Morning,emp001646@retailsphere.com,9396673703,Yes
EMP001647,ST0149,Naksh Mohanty,Male,Sales,Associate,26059,2022-06-28,Full-Time,Morning,emp001647@retailsphere.com,9715634647,Yes
EMP001648,ST0010,Mitesh Prabhakar,Male,Billing,Associate,27134,2025-05-13,Part-Time,Evening,emp001648@retailsphere.com,9375222882,Yes
EMP001649,ST0006,Abha Dara,Female,Security,Associate,27039,2016-04-04,Full-Time,Morning,emp001649@retailsphere.com,9849351236,Yes
EMP001650,ST0046,Ayush Bhatt,Male,Customer Support,Associate,25383,2024-12-30,Full-Time,Evening,emp001650@retailsphere.com,9601496427,Yes
EMP001651,ST0110,Lipika Natt,Female,Inventory,Senior Associate,37661,2022-07-25,Full-Time,Morning,emp001651@retailsphere.com,9862882474,Yes
EMP001652,ST0048,Omisha Bose,Female,Billing,Associate,30865,2013-06-17,Part-Time,Morning,emp001652@retailsphere.com,9160228469,Yes
EMP001653,ST0017,Ekbal Sheth,Male,Billing,Senior Associate,37512,2016-06-18,Full-Time,Evening,emp001653@retailsphere.com,9726947084,Yes
EMP001654,ST0018,Meghana Loyal,Female,Sales,Supervisor,54524,2017-07-07,Full-Time,Morning,emp001654@retailsphere.com,9776074423,Yes
EMP001655,ST0123,Girindra Karpe,Male,Inventory,Supervisor,45362,2015-01-22,Full-Time,Evening,emp001655@retailsphere.com,9176627848,Yes
EMP001656,ST0023,Udarsh Thaker,Male,HR,Associate,31158,2024-06-13,Contract,Morning,emp001656@retailsphere.com,9335826174,Yes
EMP001657,ST0088,Maanav Chhabra,Male,Billing,Associate,28607,2013-09-18,Full-Time,Morning,emp001657@retailsphere.com,9402611701,Yes
EMP001658,ST0034,Sathvik Mital,Male,Sales,Supervisor,51827,2021-12-22,Part-Time,Evening,emp001658@retailsphere.com,9779296829,Yes
EMP001659,ST0066,Netra Srinivas,Female,Sales,Senior Associate,41426,2013-06-01,Full-Time,Morning,emp001659@retailsphere.com,9695993332,Yes
EMP001660,ST0105,Wyatt Ranganathan,Male,Inventory,Supervisor,58417,2020-10-30,Full-Time,Morning,emp001660@retailsphere.com,9963506997,Yes
EMP001661,ST0092,Onveer Gandhi,Male,Billing,Associate,30085,2025-10-03,Full-Time,Night,emp001661@retailsphere.com,9767293667,Yes
EMP001662,ST0012,Chameli Zachariah,Female,Billing,Senior Associate,36740,2022-12-28,Full-Time,Morning,emp001662@retailsphere.com,9961175662,Yes
EMP001663,ST0086,Wridesh Pradhan,Male,Sales,Associate,24900,2014-04-22,Part-Time,Morning,emp001663@retailsphere.com,9449998955,Yes
EMP001664,ST0063,Azaan Toor,Male,Billing,Associate,24678,2011-09-13,Full-Time,Evening,emp001664@retailsphere.com,9787515571,Yes
EMP001665,ST0065,Raagini Mangat,Female,Sales,Senior Associate,39246,2016-11-09,Part-Time,Morning,emp001665@retailsphere.com,9789553709,Yes
EMP001666,ST0120,Gunbir Thakur,Male,Sales,Associate,22518,2017-03-30,Part-Time,Night,emp001666@retailsphere.com,9239957680,Yes
EMP001667,ST0200,Michael Mand,Male,HR,Associate,30789,2026-05-28,Contract,Evening,emp001667@retailsphere.com,9619034041,Yes
EMP001668,ST0045,Ekantika Kara,Female,Inventory,Associate,26300,2013-10-20,Full-Time,Evening,emp001668@retailsphere.com,9300513071,Yes
EMP001669,ST0147,Parth Kale,Male,Customer Support,Senior Associate,43966,2022-12-01,Full-Time,Evening,emp001669@retailsphere.com,9957081717,Yes
EMP001670,ST0142,Krishna Sur,Male,Sales,Associate,31135,2022-11-18,Full-Time,Evening,emp001670@retailsphere.com,9486089091,Yes
EMP001671,ST0131,Alexander Majumdar,Male,Sales,Associate,25765,2014-02-21,Full-Time,Morning,emp001671@retailsphere.com,9169397825,Yes
EMP001672,ST0140,Sai Dubey,Male,Security,Senior Associate,42992,2012-04-02,Full-Time,Evening,emp001672@retailsphere.com,9152651999,Yes
EMP001673,ST0178,Nitesh Bhalla,Male,Sales,Associate,29414,2021-04-05,Full-Time,Evening,emp001673@retailsphere.com,9774203680,Yes
EMP001674,ST0132,Udant Sampath,Male,Sales,Senior Associate,36510,2018-04-15,Full-Time,Night,emp001674@retailsphere.com,9391879859,Yes
EMP001675,ST0131,Lavanya Prashad,Female,Inventory,Senior Associate,39039,2025-11-03,Full-Time,Night,emp001675@retailsphere.com,9931176204,Yes
EMP001676,ST0158,Isaiah Bala,Male,Inventory,Senior Associate,37026,2025-02-17,Full-Time,Night,emp001676@retailsphere.com,9181490870,Yes
EMP001677,ST0011,Jai Nagar,Male,Sales,Associate,26390,2019-08-01,Full-Time,Evening,emp001677@retailsphere.com,9155889750,Yes
EMP001678,ST0161,Krishna Rout,Female,Sales,Supervisor,58356,2016-05-07,Full-Time,Morning,emp001678@retailsphere.com,9241887656,Yes
EMP001679,ST0153,Vamakshi Radhakrishnan,Female,HR,Manager,98197,2020-04-08,Full-Time,Evening,emp001679@retailsphere.com,9462846244,Yes
EMP001680,ST0081,Sudiksha Rastogi,Female,Sales,Supervisor,55749,2014-01-19,Full-Time,Morning,emp001680@retailsphere.com,9740080596,Yes
EMP001681,ST0187,Zehaan Sule,Male,Sales,Senior Associate,34239,2014-07-27,Contract,Evening,emp001681@retailsphere.com,9420822843,Yes
EMP001682,ST0037,Vansha Ramakrishnan,Female,Customer Support,Associate,31264,2012-01-25,Full-Time,Morning,emp001682@retailsphere.com,9367551080,Yes
EMP001683,ST0025,Aadi Johal,Male,Inventory,Supervisor,58885,2015-07-25,Full-Time,Morning,emp001683@retailsphere.com,9689140266,Yes
EMP001684,ST0122,Veda Dalal,Female,Inventory,Associate,26050,2016-07-28,Full-Time,Evening,emp001684@retailsphere.com,9326717570,Yes
EMP001685,ST0101,Meera Kar,Female,Inventory,Senior Associate,44244,2014-10-26,Full-Time,Morning,emp001685@retailsphere.com,9386164715,Yes
EMP001686,ST0125,Tarak Rau,Male,Sales,Senior Associate,32983,2018-10-06,Full-Time,Morning,emp001686@retailsphere.com,9841822081,Yes
EMP001687,ST0176,Thomas Narain,Male,Customer Support,Associate,28456,2013-05-29,Contract,Morning,emp001687@retailsphere.com,9481975849,Yes
EMP001688,ST0111,Upma Vasa,Female,Sales,Senior Associate,40725,2011-12-22,Full-Time,Evening,emp001688@retailsphere.com,9815990713,Yes
EMP001689,ST0015,Ganga Sant,Female,Sales,Senior Associate,34145,2017-04-22,Full-Time,Morning,emp001689@retailsphere.com,9461400596,Yes
EMP001690,ST0020,Chasmum Nadkarni,Female,Sales,Manager,130107,2015-11-25,Full-Time,Night,emp001690@retailsphere.com,9143344860,Yes
EMP001691,ST0063,Timothy Bumb,Male,Inventory,Senior Associate,33244,2012-12-30,Full-Time,Night,emp001691@retailsphere.com,9216374544,Yes
EMP001692,ST0115,Lila Mahal,Female,Billing,Associate,29446,2014-10-20,Full-Time,Morning,emp001692@retailsphere.com,9767929113,Yes
EMP001693,ST0137,Niharika Sarna,Female,Security,Senior Associate,40344,2014-08-31,Full-Time,Morning,emp001693@retailsphere.com,9679945586,Yes
EMP001694,ST0077,Gayathri Chaudry,Female,Sales,Associate,29437,2016-04-03,Full-Time,Morning,emp001694@retailsphere.com,9626096885,Yes
EMP001695,ST0011,Vivaan Dasgupta,Male,Customer Support,Senior Associate,38449,2024-10-15,Full-Time,Morning,emp001695@retailsphere.com,9506013861,Yes
EMP001696,ST0124,Nilima Palla,Female,Sales,Associate,30925,2016-06-13,Full-Time,Evening,emp001696@retailsphere.com,9738268164,Yes
EMP001697,ST0114,Ridhi Agarwal,Female,Billing,Associate,25447,2023-07-26,Part-Time,Evening,emp001697@retailsphere.com,9379749684,Yes
EMP001698,ST0072,Luke Agrawal,Male,Sales,Associate,27414,2025-04-27,Part-Time,Evening,emp001698@retailsphere.com,9147025513,Yes
EMP001699,ST0026,Faras Prabhakar,Male,Sales,Associate,31807,2013-07-25,Full-Time,Evening,emp001699@retailsphere.com,9694125985,Yes
EMP001700,ST0150,Devansh Saxena,Male,Inventory,Associate,22488,2021-05-21,Full-Time,Evening,emp001700@retailsphere.com,9878768420,Yes
EMP001701,ST0195,Gavin Garg,Male,Billing,Associate,26232,2019-05-12,Full-Time,Evening,emp001701@retailsphere.com,9800270351,Yes
EMP001702,ST0073,Onkar Behl,Male,Sales,Supervisor,53328,2019-02-16,Part-Time,Morning,emp001702@retailsphere.com,9186382103,Yes
EMP001703,ST0092,Adya Bajwa,Female,Sales,Associate,22903,2018-11-20,Full-Time,Morning,emp001703@retailsphere.com,9793165556,Yes
EMP001704,ST0060,George Sawhney,Male,Sales,Associate,25543,2011-10-17,Full-Time,Morning,emp001704@retailsphere.com,9696064340,Yes
EMP001705,ST0199,Aarush Karpe,Male,Sales,Associate,27590,2019-06-19,Full-Time,Morning,emp001705@retailsphere.com,9824290614,Yes
EMP001706,ST0182,Ira Gopal,Female,Security,Associate,23667,2017-02-06,Part-Time,Morning,emp001706@retailsphere.com,9357282449,Yes
EMP001707,ST0024,Veda Nagarajan,Female,Sales,Senior Associate,32392,2018-02-21,Full-Time,Morning,emp001707@retailsphere.com,9384676780,Yes
EMP001708,ST0077,Hemani Lad,Female,Inventory,Senior Associate,32465,2026-03-18,Full-Time,Night,emp001708@retailsphere.com,9682576183,Yes
EMP001709,ST0114,Ijaya Rattan,Female,Sales,Senior Associate,41477,2018-05-13,Full-Time,Evening,emp001709@retailsphere.com,9506548487,Yes
EMP001710,ST0075,Indira Mitter,Female,Security,Associate,24295,2018-09-20,Full-Time,Evening,emp001710@retailsphere.com,9256410708,Yes
EMP001711,ST0042,Luke Sankaran,Male,Security,Associate,27582,2012-08-27,Contract,Morning,emp001711@retailsphere.com,9970791354,Yes
EMP001712,ST0098,Vedhika Rana,Female,Sales,Associate,23595,2022-09-16,Full-Time,Night,emp001712@retailsphere.com,9153693651,Yes
EMP001713,ST0063,Reyansh Chandra,Male,Billing,Senior Associate,42276,2021-07-10,Full-Time,Morning,emp001713@retailsphere.com,9475256804,Yes
EMP001714,ST0025,Balvan Modi,Male,Sales,Associate,22160,2014-02-25,Full-Time,Evening,emp001714@retailsphere.com,9676804742,Yes
EMP001715,ST0095,Anya Anand,Female,Sales,Associate,30871,2018-08-15,Full-Time,Evening,emp001715@retailsphere.com,9602709067,Yes
EMP001716,ST0152,Vasana Mishra,Female,Billing,Senior Associate,39055,2018-11-01,Full-Time,Night,emp001716@retailsphere.com,9384389269,Yes
EMP001717,ST0040,Jatin Soman,Male,Inventory,Supervisor,53398,2019-09-02,Full-Time,Night,emp001717@retailsphere.com,9825207240,Yes
EMP001718,ST0060,Chaman Patla,Female,Billing,Assistant Manager,80848,2014-12-03,Part-Time,Morning,emp001718@retailsphere.com,9389796871,Yes
EMP001719,ST0161,Nitesh Misra,Male,Sales,Associate,23391,2016-12-05,Full-Time,Night,emp001719@retailsphere.com,9707753204,Yes
EMP001720,ST0193,Zayyan Mane,Male,Sales,Supervisor,46736,2012-06-11,Full-Time,Evening,emp001720@retailsphere.com,9467108999,Yes
EMP001721,ST0123,Kabir Savant,Male,Sales,Supervisor,58887,2026-01-15,Full-Time,Evening,emp001721@retailsphere.com,9727789107,Yes
EMP001722,ST0130,Vyanjana Das,Female,Billing,Associate,31326,2018-04-14,Full-Time,Evening,emp001722@retailsphere.com,9522767974,Yes
EMP001723,ST0047,Peter Shetty,Male,Sales,Associate,25311,2024-05-26,Full-Time,Night,emp001723@retailsphere.com,9232716624,Yes
EMP001724,ST0096,Balendra Lad,Male,Sales,Associate,22760,2012-11-05,Full-Time,Evening,emp001724@retailsphere.com,9931896907,Yes
EMP001725,ST0054,Sai Johal,Female,Sales,Associate,24398,2020-04-25,Full-Time,Evening,emp001725@retailsphere.com,9251327690,Yes
EMP001726,ST0048,Patrick Choudhury,Male,Customer Support,Associate,26902,2021-03-31,Full-Time,Morning,emp001726@retailsphere.com,9714311374,Yes
EMP001727,ST0129,Vasana Merchant,Female,Sales,Assistant Manager,78447,2017-07-18,Full-Time,Evening,emp001727@retailsphere.com,9247800113,Yes
EMP001728,ST0196,Peter Raja,Male,Security,Associate,31673,2020-09-19,Full-Time,Evening,emp001728@retailsphere.com,9283889519,Yes
EMP001729,ST0168,David Sane,Male,Inventory,Associate,27207,2017-05-26,Full-Time,Evening,emp001729@retailsphere.com,9145822316,Yes
EMP001730,ST0129,Bhanumati Sibal,Female,Inventory,Associate,31960,2018-08-15,Full-Time,Evening,emp001730@retailsphere.com,9637865793,Yes
EMP001731,ST0163,Tejas Sharma,Male,Sales,Senior Associate,33555,2012-04-27,Part-Time,Morning,emp001731@retailsphere.com,9100620247,Yes
EMP001732,ST0135,Charles Varghese,Male,Customer Support,Associate,28647,2019-07-15,Part-Time,Evening,emp001732@retailsphere.com,9874449062,Yes
EMP001733,ST0027,Bhavini Bhat,Female,Sales,Supervisor,52648,2019-06-15,Full-Time,Evening,emp001733@retailsphere.com,9231677696,Yes
EMP001734,ST0088,Jacob Choudhury,Male,Sales,Supervisor,51923,2016-10-22,Full-Time,Evening,emp001734@retailsphere.com,9275219511,Yes
EMP001735,ST0161,Amara Sabharwal,Female,Security,Associate,24870,2020-01-02,Full-Time,Morning,emp001735@retailsphere.com,9530133895,Yes
EMP001736,ST0144,Nandini Mitra,Female,Billing,Senior Associate,40317,2023-04-05,Full-Time,Morning,emp001736@retailsphere.com,9469158854,Yes
EMP001737,ST0182,Warjas Lad,Male,Inventory,Senior Associate,32071,2016-09-09,Contract,Evening,emp001737@retailsphere.com,9271986184,Yes
EMP001738,ST0186,Tanvi Mann,Female,Security,Associate,29780,2020-09-19,Full-Time,Morning,emp001738@retailsphere.com,9146214270,Yes
EMP001739,ST0164,Ekaraj Dube,Male,Security,Supervisor,60408,2025-10-04,Full-Time,Evening,emp001739@retailsphere.com,9667140657,Yes
EMP001740,ST0155,Ethan Chopra,Male,Security,Supervisor,47244,2025-02-25,Full-Time,Evening,emp001740@retailsphere.com,9233467179,Yes
EMP001741,ST0106,Utkarsh Sami,Male,Security,Associate,23042,2022-09-14,Full-Time,Morning,emp001741@retailsphere.com,9130072431,No
EMP001742,ST0175,Prisha Rajagopal,Female,Sales,Associate,29839,2021-03-16,Full-Time,Evening,emp001742@retailsphere.com,9859434240,Yes
EMP001743,ST0163,Chakradhar Dhingra,Male,Customer Support,Supervisor,54310,2012-12-30,Part-Time,Morning,emp001743@retailsphere.com,9866953940,Yes
EMP001744,ST0143,Zayyan Narain,Male,Sales,Supervisor,48439,2019-11-12,Full-Time,Morning,emp001744@retailsphere.com,9750634829,Yes
EMP001745,ST0036,Amrita Shah,Female,Billing,Associate,25050,2021-05-15,Contract,Evening,emp001745@retailsphere.com,9824013944,Yes
EMP001746,ST0159,Libni Tata,Female,Billing,Associate,25484,2016-11-10,Full-Time,Evening,emp001746@retailsphere.com,9857710478,Yes
EMP001747,ST0079,Nilima Walla,Female,Billing,Associate,30091,2011-11-07,Full-Time,Evening,emp001747@retailsphere.com,9119006882,Yes
EMP001748,ST0128,Chameli Ravel,Female,Sales,Supervisor,62627,2023-01-31,Full-Time,Evening,emp001748@retailsphere.com,9366321595,Yes
EMP001749,ST0178,Balvan Varughese,Male,Customer Support,Senior Associate,44701,2019-06-07,Full-Time,Evening,emp001749@retailsphere.com,9261890318,Yes
EMP001750,ST0056,Praneel Sachdev,Male,Sales,Supervisor,58329,2014-12-26,Full-Time,Evening,emp001750@retailsphere.com,9163421103,Yes
EMP001751,ST0016,Agastya Majumdar,Male,Sales,Associate,23408,2014-02-10,Full-Time,Evening,emp001751@retailsphere.com,9198139288,Yes
EMP001752,ST0079,Nihal Ramakrishnan,Male,Security,Associate,23363,2022-11-09,Full-Time,Evening,emp001752@retailsphere.com,9595746575,Yes
EMP001753,ST0009,Geetika Deshmukh,Female,Inventory,Associate,31376,2024-09-08,Contract,Morning,emp001753@retailsphere.com,9663482956,Yes
EMP001754,ST0179,Yadavi Padmanabhan,Female,Security,Associate,29813,2025-09-22,Full-Time,Morning,emp001754@retailsphere.com,9903804019,Yes
EMP001755,ST0026,Chaman Kakar,Female,Billing,Manager,96218,2020-08-19,Full-Time,Morning,emp001755@retailsphere.com,9406278265,Yes
EMP001756,ST0101,Ayush Purohit,Male,Billing,Associate,26510,2024-06-17,Full-Time,Morning,emp001756@retailsphere.com,9530412745,No
EMP001757,ST0073,Lohit Patel,Male,Inventory,Associate,25020,2013-01-20,Full-Time,Evening,emp001757@retailsphere.com,9121810873,Yes
EMP001758,ST0031,Wriddhish Sibal,Male,Security,Associate,31609,2016-07-31,Full-Time,Evening,emp001758@retailsphere.com,9610641636,Yes
EMP001759,ST0033,Anita Rai,Female,Billing,Associate,31068,2020-03-18,Contract,Evening,emp001759@retailsphere.com,9349497555,Yes
EMP001760,ST0095,Nakul Barad,Male,Sales,Associate,27264,2017-05-02,Full-Time,Evening,emp001760@retailsphere.com,9340137118,Yes
EMP001761,ST0095,Gautami Rau,Female,Sales,Supervisor,57932,2016-10-19,Full-Time,Morning,emp001761@retailsphere.com,9336403374,Yes
EMP001762,ST0163,Arjun Mani,Male,Sales,Associate,27322,2016-02-03,Full-Time,Morning,emp001762@retailsphere.com,9169027520,Yes
EMP001763,ST0165,Lakshit Patel,Male,Customer Support,Associate,24094,2016-06-23,Contract,Night,emp001763@retailsphere.com,9114291346,Yes
EMP001764,ST0122,Henry Parmer,Male,Customer Support,Associate,27610,2019-11-12,Full-Time,Evening,emp001764@retailsphere.com,9651204152,Yes
EMP001765,ST0171,Krish Kala,Male,Sales,Senior Associate,34989,2014-06-11,Full-Time,Morning,emp001765@retailsphere.com,9778852113,Yes
EMP001766,ST0092,Sathvik Bansal,Male,Billing,Associate,22820,2023-02-28,Full-Time,Morning,emp001766@retailsphere.com,9952882526,Yes
EMP001767,ST0131,Tamanna Chada,Female,Billing,Associate,27980,2018-09-25,Part-Time,Evening,emp001767@retailsphere.com,9219379313,Yes
EMP001768,ST0198,Bhanumati Babu,Female,Security,Senior Associate,40587,2012-04-27,Full-Time,Morning,emp001768@retailsphere.com,9237751768,Yes
EMP001769,ST0176,Zilmil Keer,Female,Customer Support,Supervisor,51666,2016-01-31,Part-Time,Morning,emp001769@retailsphere.com,9880801991,Yes
EMP001770,ST0082,Chasmum Mand,Female,Customer Support,Associate,23642,2025-01-16,Full-Time,Evening,emp001770@retailsphere.com,9798526914,Yes
EMP001771,ST0068,Faris Rajan,Male,Sales,Associate,29209,2025-05-19,Full-Time,Evening,emp001771@retailsphere.com,9931193426,Yes
EMP001772,ST0107,Jeremiah Mittal,Male,Sales,Associate,26138,2012-03-03,Part-Time,Morning,emp001772@retailsphere.com,9205687371,Yes
EMP001773,ST0055,Charan Dixit,Male,Sales,Associate,22073,2025-01-19,Full-Time,Evening,emp001773@retailsphere.com,9426384933,Yes
EMP001774,ST0169,Arya Sehgal,Female,Billing,Associate,23309,2013-10-12,Full-Time,Evening,emp001774@retailsphere.com,9444649393,No
EMP001775,ST0026,Hemani Ahluwalia,Female,Sales,Associate,27407,2022-06-25,Full-Time,Evening,emp001775@retailsphere.com,9343658455,Yes
EMP001776,ST0150,Devika Sarna,Female,Sales,Associate,22273,2015-11-16,Full-Time,Morning,emp001776@retailsphere.com,9314017098,Yes
EMP001777,ST0021,Triveni Srivastava,Female,Billing,Associate,22794,2021-01-20,Full-Time,Evening,emp001777@retailsphere.com,9604842257,Yes
EMP001778,ST0111,Vedant Lad,Male,Sales,Associate,31582,2025-10-15,Full-Time,Morning,emp001778@retailsphere.com,9234384156,Yes
EMP001779,ST0028,Radhika Garde,Female,Inventory,Senior Associate,39083,2013-04-29,Full-Time,Evening,emp001779@retailsphere.com,9776163698,Yes
EMP001780,ST0100,Suhani Oommen,Female,Sales,Associate,29013,2018-02-04,Full-Time,Evening,emp001780@retailsphere.com,9731396213,Yes
EMP001781,ST0015,Ishita Tandon,Female,Inventory,Senior Associate,39831,2014-08-27,Full-Time,Morning,emp001781@retailsphere.com,9334831161,Yes
EMP001782,ST0153,Gagan Buch,Male,Sales,Associate,26338,2025-07-01,Full-Time,Night,emp001782@retailsphere.com,9856774739,Yes
EMP001783,ST0055,Eshana Krishna,Female,Sales,Associate,24505,2020-07-18,Full-Time,Morning,emp001783@retailsphere.com,9823297246,Yes
EMP001784,ST0090,Chameli Sani,Female,Sales,Associate,31210,2022-12-04,Full-Time,Night,emp001784@retailsphere.com,9713878944,Yes
EMP001785,ST0191,Nidhi Pant,Female,Inventory,Associate,27061,2018-01-20,Full-Time,Night,emp001785@retailsphere.com,9262320279,Yes
EMP001786,ST0010,Bachittar Oommen,Male,Sales,Manager,120410,2012-07-22,Full-Time,Night,emp001786@retailsphere.com,9863681589,Yes
EMP001787,ST0060,Keya Maharaj,Female,Sales,Senior Associate,43327,2026-04-07,Full-Time,Morning,emp001787@retailsphere.com,9891953969,Yes
EMP001788,ST0020,Henry Bhakta,Male,Sales,Associate,27564,2024-10-06,Part-Time,Morning,emp001788@retailsphere.com,9596152890,Yes
EMP001789,ST0199,Hemangini Sarraf,Female,Security,Associate,29228,2019-11-27,Full-Time,Evening,emp001789@retailsphere.com,9575887022,Yes
EMP001790,ST0038,Finn Basak,Male,Billing,Associate,30735,2022-11-29,Full-Time,Evening,emp001790@retailsphere.com,9255081511,Yes
EMP001791,ST0050,Urvashi Chand,Female,Inventory,Assistant Manager,74054,2014-08-10,Full-Time,Evening,emp001791@retailsphere.com,9951519959,Yes
EMP001792,ST0173,Hitesh Narasimhan,Male,Sales,Associate,28125,2020-03-31,Full-Time,Night,emp001792@retailsphere.com,9528416690,Yes
EMP001793,ST0198,Widisha Srivastava,Female,Sales,Associate,24549,2026-01-18,Full-Time,Evening,emp001793@retailsphere.com,9938140939,Yes
EMP001794,ST0119,Jackson Brahmbhatt,Male,Inventory,Associate,25527,2023-06-22,Full-Time,Evening,emp001794@retailsphere.com,9956036489,Yes
EMP001795,ST0092,Neelima Krishnan,Female,Sales,Associate,28848,2026-05-20,Full-Time,Morning,emp001795@retailsphere.com,9139994288,Yes
EMP001796,ST0085,Ojas Buch,Male,Customer Support,Manager,95145,2023-08-12,Full-Time,Evening,emp001796@retailsphere.com,9307725443,Yes
EMP001797,ST0025,Advaith Doctor,Male,Sales,Associate,29767,2017-06-28,Full-Time,Morning,emp001797@retailsphere.com,9990882513,Yes
EMP001798,ST0078,Falan Tiwari,Male,Sales,Senior Associate,44911,2025-09-15,Full-Time,Morning,emp001798@retailsphere.com,9439690079,Yes
EMP001799,ST0142,Ekalinga Gaba,Male,Sales,Senior Associate,33003,2022-11-07,Full-Time,Morning,emp001799@retailsphere.com,9693609525,Yes
EMP001800,ST0178,William Lanka,Male,Sales,Associate,28743,2023-03-07,Full-Time,Morning,emp001800@retailsphere.com,9398660413,Yes
EMP001801,ST0013,Nihal Tata,Male,Sales,Associate,30330,2014-11-21,Full-Time,Evening,emp001801@retailsphere.com,9939493406,Yes
EMP001802,ST0073,Jalsa Tandon,Female,Sales,Associate,29986,2026-02-02,Full-Time,Morning,emp001802@retailsphere.com,9940370294,Yes
EMP001803,ST0157,Upma Wali,Female,Customer Support,Senior Associate,41171,2017-03-24,Full-Time,Morning,emp001803@retailsphere.com,9180756478,Yes
EMP001804,ST0011,Vasana Merchant,Female,Sales,Associate,22445,2013-03-22,Full-Time,Evening,emp001804@retailsphere.com,9622802074,Yes
EMP001805,ST0107,Charan Mukherjee,Male,HR,Supervisor,47715,2021-12-04,Full-Time,Morning,emp001805@retailsphere.com,9943408200,Yes
EMP001806,ST0180,Tanmayi Kapoor,Female,HR,Associate,22618,2012-10-23,Full-Time,Evening,emp001806@retailsphere.com,9603163758,Yes
EMP001807,ST0065,Nachiket Bandi,Male,Security,Associate,28728,2019-11-14,Full-Time,Morning,emp001807@retailsphere.com,9593667372,Yes
EMP001808,ST0088,Aadi Srinivasan,Male,Sales,Associate,25844,2017-02-21,Part-Time,Morning,emp001808@retailsphere.com,9973077447,Yes
EMP001809,ST0142,Keya Kuruvilla,Female,Sales,Associate,30463,2022-03-04,Full-Time,Evening,emp001809@retailsphere.com,9574597164,Yes
EMP001810,ST0168,Edhitha Edwin,Female,Inventory,Associate,28143,2023-05-12,Part-Time,Evening,emp001810@retailsphere.com,9335598313,Yes
EMP001811,ST0015,Ikshita Virk,Female,Sales,Supervisor,53143,2021-06-25,Full-Time,Morning,emp001811@retailsphere.com,9173427959,Yes
EMP001812,ST0053,Eshana Tella,Female,Billing,Assistant Manager,68399,2021-08-28,Full-Time,Morning,emp001812@retailsphere.com,9905845691,Yes
EMP001813,ST0146,Vyanjana Thaker,Female,Inventory,Associate,30308,2018-02-03,Full-Time,Evening,emp001813@retailsphere.com,9855787713,Yes
EMP001814,ST0188,Abhiram Devan,Male,Inventory,Supervisor,51508,2016-02-12,Full-Time,Evening,emp001814@retailsphere.com,9756407485,Yes
EMP001815,ST0165,Jeremiah Prashad,Male,Sales,Supervisor,45249,2022-07-07,Full-Time,Morning,emp001815@retailsphere.com,9960148582,Yes
EMP001816,ST0007,Lavanya Kalita,Female,Sales,Associate,23181,2013-10-11,Contract,Morning,emp001816@retailsphere.com,9619184918,Yes
EMP001817,ST0192,Jalsa Menon,Female,Inventory,Associate,25366,2016-09-16,Full-Time,Morning,emp001817@retailsphere.com,9359751659,Yes
EMP001818,ST0001,Baghyawati Raman,Female,Sales,Associate,24319,2011-09-09,Full-Time,Evening,emp001818@retailsphere.com,9782555090,Yes
EMP001819,ST0064,Vincent Bali,Male,Inventory,Supervisor,54544,2018-03-26,Part-Time,Evening,emp001819@retailsphere.com,9760546103,Yes
EMP001820,ST0064,Darpan Sur,Male,Billing,Associate,30511,2016-01-04,Full-Time,Evening,emp001820@retailsphere.com,9557358500,Yes
EMP001821,ST0185,Varsha Buch,Female,Inventory,Senior Associate,41726,2024-09-10,Full-Time,Morning,emp001821@retailsphere.com,9240351023,Yes
EMP001822,ST0143,Wishi Goda,Female,Sales,Associate,28649,2015-05-22,Full-Time,Evening,emp001822@retailsphere.com,9681759409,Yes
EMP001823,ST0073,Vyanjana Edwin,Female,Customer Support,Associate,22887,2019-03-03,Contract,Morning,emp001823@retailsphere.com,9207375934,Yes
EMP001824,ST0100,Tara Krish,Female,Sales,Supervisor,47492,2020-09-14,Full-Time,Evening,emp001824@retailsphere.com,9424990306,Yes
EMP001825,ST0081,Jalsa Mahal,Female,Billing,Senior Associate,38552,2013-01-19,Full-Time,Evening,emp001825@retailsphere.com,9410084058,Yes
EMP001826,ST0159,Harita Parmer,Female,Sales,Senior Associate,37347,2013-01-04,Full-Time,Morning,emp001826@retailsphere.com,9103921101,Yes
EMP001827,ST0106,Raagini Ray,Female,Billing,Associate,22139,2017-08-09,Full-Time,Morning,emp001827@retailsphere.com,9290680902,Yes
EMP001828,ST0164,Udarsh Swamy,Male,Billing,Senior Associate,32666,2014-05-13,Full-Time,Night,emp001828@retailsphere.com,9907872120,Yes
EMP001829,ST0064,Zaitra Babu,Female,Sales,Associate,25683,2016-06-28,Full-Time,Evening,emp001829@retailsphere.com,9588925193,Yes
EMP001830,ST0096,Ansh Bera,Male,HR,Assistant Manager,72252,2018-12-06,Full-Time,Evening,emp001830@retailsphere.com,9617035137,Yes
EMP001831,ST0079,Niharika Dada,Female,Customer Support,Associate,24792,2020-04-22,Full-Time,Night,emp001831@retailsphere.com,9161769020,Yes
EMP001832,ST0146,Ethan Dixit,Male,Sales,Associate,28185,2016-12-30,Part-Time,Evening,emp001832@retailsphere.com,9343204324,Yes
EMP001833,ST0100,Daksha Gulati,Female,Billing,Associate,25574,2026-06-16,Full-Time,Morning,emp001833@retailsphere.com,9852453001,Yes
EMP001834,ST0048,Tanvi Palan,Female,Billing,Senior Associate,32451,2024-09-23,Full-Time,Evening,emp001834@retailsphere.com,9177396252,Yes
EMP001835,ST0161,Rajata Datta,Female,Customer Support,Associate,30798,2011-12-20,Full-Time,Evening,emp001835@retailsphere.com,9100244375,Yes
EMP001836,ST0031,Ayushman Boase,Male,Sales,Associate,29302,2020-08-11,Part-Time,Night,emp001836@retailsphere.com,9105842063,Yes
EMP001837,ST0134,Banjeet Seshadri,Male,Inventory,Associate,24180,2020-03-20,Full-Time,Evening,emp001837@retailsphere.com,9339093209,Yes
EMP001838,ST0059,Saanvi Ganguly,Female,Inventory,Associate,29095,2023-11-05,Full-Time,Night,emp001838@retailsphere.com,9378545910,Yes
EMP001839,ST0049,Aditya Wagle,Male,Sales,Associate,23164,2026-06-09,Full-Time,Evening,emp001839@retailsphere.com,9712512749,Yes
EMP001840,ST0147,Harita Goswami,Female,Security,Supervisor,51720,2017-03-17,Full-Time,Morning,emp001840@retailsphere.com,9923924559,Yes
EMP001841,ST0123,Udarsh Grover,Male,Sales,Senior Associate,36147,2026-07-31,Full-Time,Night,emp001841@retailsphere.com,9490791452,Yes
EMP001842,ST0160,Hemal Agrawal,Female,Sales,Senior Associate,33776,2019-07-31,Full-Time,Morning,emp001842@retailsphere.com,9209691744,Yes
EMP001843,ST0089,Megha Agarwal,Female,Security,Associate,28906,2019-04-12,Full-Time,Morning,emp001843@retailsphere.com,9620401839,Yes
EMP001844,ST0012,Faras Kata,Male,Sales,Supervisor,48713,2017-06-28,Full-Time,Morning,emp001844@retailsphere.com,9136376462,Yes
EMP001845,ST0071,Joshua Raja,Male,Sales,Senior Associate,32965,2016-08-22,Full-Time,Evening,emp001845@retailsphere.com,9933771881,Yes
EMP001846,ST0124,Rachita Devan,Female,Sales,Supervisor,58727,2014-05-19,Contract,Evening,emp001846@retailsphere.com,9828125570,Yes
EMP001847,ST0156,Indira Roy,Female,Billing,Associate,23605,2013-03-29,Full-Time,Evening,emp001847@retailsphere.com,9575402125,Yes
EMP001848,ST0158,Guneet Raman,Male,Sales,Associate,25044,2023-10-20,Part-Time,Night,emp001848@retailsphere.com,9163359287,No
EMP001849,ST0077,Omaja Kar,Female,HR,Assistant Manager,75908,2026-05-03,Part-Time,Morning,emp001849@retailsphere.com,9863874333,Yes
EMP001850,ST0191,Gaurika Sehgal,Female,Sales,Associate,22138,2014-02-02,Full-Time,Evening,emp001850@retailsphere.com,9638679398,Yes
EMP001851,ST0018,Pahal Kale,Female,Customer Support,Associate,24171,2020-11-26,Full-Time,Night,emp001851@retailsphere.com,9451624031,Yes
EMP001852,ST0031,Nitesh Biswas,Male,Sales,Associate,31425,2016-10-06,Full-Time,Night,emp001852@retailsphere.com,9427739770,Yes
EMP001853,ST0053,Tamanna Bahri,Female,Sales,Associate,23725,2020-03-10,Full-Time,Morning,emp001853@retailsphere.com,9936444049,Yes
EMP001854,ST0007,Warinder Bali,Male,Sales,Associate,28523,2024-07-06,Full-Time,Morning,emp001854@retailsphere.com,9290118994,Yes
EMP001855,ST0180,Sathvik Yadav,Male,Billing,Senior Associate,35096,2018-09-17,Full-Time,Evening,emp001855@retailsphere.com,9945033184,Yes
EMP001856,ST0124,Nitesh Narula,Male,Customer Support,Associate,30714,2019-09-02,Full-Time,Evening,emp001856@retailsphere.com,9168389309,Yes
EMP001857,ST0034,Chakrika Bala,Female,Sales,Senior Associate,35562,2020-04-09,Full-Time,Night,emp001857@retailsphere.com,9535298577,Yes
EMP001858,ST0045,Hitesh Chadha,Male,Inventory,Supervisor,56869,2018-02-15,Full-Time,Night,emp001858@retailsphere.com,9763478841,Yes
EMP001859,ST0079,Girish Bhargava,Male,Security,Associate,30779,2019-03-29,Full-Time,Evening,emp001859@retailsphere.com,9614074122,Yes
EMP001860,ST0189,Abdul Ganguly,Male,HR,Supervisor,63566,2013-06-18,Full-Time,Morning,emp001860@retailsphere.com,9846948569,Yes
EMP001861,ST0011,Omya Sawhney,Female,Sales,Associate,31884,2016-12-02,Full-Time,Morning,emp001861@retailsphere.com,9548526042,Yes
EMP001862,ST0108,Abdul Uppal,Male,Customer Support,Associate,23680,2012-11-19,Full-Time,Morning,emp001862@retailsphere.com,9662491360,Yes
EMP001863,ST0019,Advaith Konda,Male,Sales,Associate,29676,2015-04-03,Full-Time,Evening,emp001863@retailsphere.com,9151735553,Yes
EMP001864,ST0050,Kabir Narula,Male,Inventory,Associate,29796,2014-03-06,Full-Time,Evening,emp001864@retailsphere.com,9828746879,Yes
EMP001865,ST0116,Vritti Nagarajan,Female,Billing,Associate,29109,2013-08-18,Full-Time,Morning,emp001865@retailsphere.com,9347933852,Yes
EMP001866,ST0179,Bhavya Kar,Female,Sales,Associate,28693,2014-04-29,Full-Time,Morning,emp001866@retailsphere.com,9176638928,Yes
EMP001867,ST0129,Patrick Sehgal,Male,Sales,Associate,24390,2018-07-11,Part-Time,Night,emp001867@retailsphere.com,9257672101,Yes
EMP001868,ST0050,Isha Lata,Female,Customer Support,Associate,25776,2020-07-26,Full-Time,Morning,emp001868@retailsphere.com,9367053354,Yes
EMP001869,ST0131,Ikbal Borra,Male,Sales,Supervisor,56861,2014-03-07,Full-Time,Morning,emp001869@retailsphere.com,9737830076,Yes
EMP001870,ST0176,Neelima Mahajan,Female,Sales,Supervisor,49823,2024-12-02,Part-Time,Morning,emp001870@retailsphere.com,9244174964,Yes
EMP001871,ST0019,Aarav Bhagat,Male,Sales,Manager,111038,2016-01-17,Full-Time,Evening,emp001871@retailsphere.com,9532808641,Yes
EMP001872,ST0177,Omisha Chaudhari,Female,Billing,Associate,25916,2017-04-22,Full-Time,Morning,emp001872@retailsphere.com,9682185590,Yes
EMP001873,ST0156,Oviya Toor,Female,Sales,Senior Associate,32933,2023-06-24,Full-Time,Morning,emp001873@retailsphere.com,9329994335,Yes
EMP001874,ST0181,Zilmil Taneja,Female,Inventory,Associate,24788,2017-07-17,Full-Time,Morning,emp001874@retailsphere.com,9859507318,Yes
EMP001875,ST0059,Anya Parsa,Female,Sales,Supervisor,64103,2024-09-21,Full-Time,Night,emp001875@retailsphere.com,9231418162,Yes
EMP001876,ST0195,Nihal Rout,Male,Sales,Senior Associate,36936,2011-09-21,Full-Time,Evening,emp001876@retailsphere.com,9850497829,Yes
EMP001877,ST0064,Anya Sharma,Female,Inventory,Senior Associate,33651,2017-09-06,Full-Time,Evening,emp001877@retailsphere.com,9755176851,Yes
EMP001878,ST0176,Vansha Raval,Female,Sales,Senior Associate,41408,2024-02-08,Full-Time,Morning,emp001878@retailsphere.com,9672937756,Yes
EMP001879,ST0096,Max Misra,Male,Sales,Associate,23007,2026-07-07,Full-Time,Evening,emp001879@retailsphere.com,9975311433,Yes
EMP001880,ST0109,Advaith Chanda,Male,Sales,Associate,23727,2020-09-09,Full-Time,Night,emp001880@retailsphere.com,9914587334,Yes
EMP001881,ST0191,Saanvi Batra,Female,Sales,Associate,27799,2017-01-28,Full-Time,Evening,emp001881@retailsphere.com,9583823108,Yes
EMP001882,ST0070,Tanay Shere,Male,Inventory,Supervisor,64393,2019-01-24,Full-Time,Morning,emp001882@retailsphere.com,9776720496,Yes
EMP001883,ST0068,Shaurya Sami,Male,Billing,Associate,23454,2019-09-26,Full-Time,Night,emp001883@retailsphere.com,9970062111,Yes
EMP001884,ST0096,Abhiram Chatterjee,Male,Inventory,Senior Associate,40499,2018-08-05,Full-Time,Evening,emp001884@retailsphere.com,9672964245,Yes
EMP001885,ST0198,Gunbir Kapadia,Male,Sales,Senior Associate,35846,2015-02-07,Full-Time,Morning,emp001885@retailsphere.com,9154868311,Yes
EMP001886,ST0043,Ekta Gera,Female,Billing,Senior Associate,40454,2023-03-26,Full-Time,Evening,emp001886@retailsphere.com,9431485124,Yes
EMP001887,ST0014,Warda Prasad,Female,Customer Support,Associate,22110,2016-11-27,Full-Time,Night,emp001887@retailsphere.com,9291966339,Yes
EMP001888,ST0189,Barkha Gala,Female,Billing,Senior Associate,32011,2023-02-14,Full-Time,Morning,emp001888@retailsphere.com,9756212676,Yes
EMP001889,ST0052,Ekantika Ramaswamy,Female,Billing,Associate,23901,2024-01-12,Contract,Morning,emp001889@retailsphere.com,9659906737,Yes
EMP001890,ST0007,Advika Hora,Female,Inventory,Manager,112909,2024-02-11,Full-Time,Evening,emp001890@retailsphere.com,9795205035,Yes
EMP001891,ST0175,Ganga Borah,Female,Customer Support,Associate,28255,2023-05-13,Full-Time,Morning,emp001891@retailsphere.com,9359575018,Yes
EMP001892,ST0076,Ojas Tak,Male,Billing,Associate,26108,2013-01-24,Full-Time,Morning,emp001892@retailsphere.com,9828066616,Yes
EMP001893,ST0133,Jack Chaudhari,Male,Sales,Senior Associate,33035,2020-12-18,Full-Time,Evening,emp001893@retailsphere.com,9902324450,Yes
EMP001894,ST0022,Amol Kar,Male,Sales,Associate,26023,2024-02-07,Full-Time,Evening,emp001894@retailsphere.com,9945812479,Yes
EMP001895,ST0075,Jairaj Dalal,Male,Inventory,Associate,22172,2018-11-23,Full-Time,Morning,emp001895@retailsphere.com,9394133876,Yes
EMP001896,ST0050,Warda Kadakia,Female,Inventory,Associate,29737,2014-10-06,Full-Time,Morning,emp001896@retailsphere.com,9955988396,Yes
EMP001897,ST0081,Advik Bhatt,Male,Sales,Associate,23063,2024-01-21,Full-Time,Evening,emp001897@retailsphere.com,9363151725,Yes
EMP001898,ST0181,Sara Kannan,Female,Customer Support,Associate,24349,2022-02-01,Contract,Morning,emp001898@retailsphere.com,9275890511,Yes
EMP001899,ST0073,Harsh Singhal,Male,Sales,Supervisor,56537,2015-12-27,Full-Time,Morning,emp001899@retailsphere.com,9808178875,Yes
EMP001900,ST0090,Nicholas Bhattacharyya,Male,Sales,Supervisor,57744,2019-10-19,Full-Time,Evening,emp001900@retailsphere.com,9673399964,Yes
EMP001901,ST0045,Chatresh Kant,Male,Sales,Associate,27571,2023-12-23,Full-Time,Morning,emp001901@retailsphere.com,9545882284,Yes
EMP001902,ST0135,Krish Saran,Male,Sales,Associate,22926,2020-04-11,Full-Time,Morning,emp001902@retailsphere.com,9971312581,Yes
EMP001903,ST0154,Harita Basu,Female,Inventory,Associate,23450,2011-09-15,Full-Time,Night,emp001903@retailsphere.com,9325662805,Yes
EMP001904,ST0159,Chaitaly Mitter,Female,Sales,Associate,27129,2021-06-22,Full-Time,Morning,emp001904@retailsphere.com,9685279984,Yes
EMP001905,ST0003,Bhavika Sinha,Female,Inventory,Senior Associate,34031,2013-10-08,Full-Time,Night,emp001905@retailsphere.com,9841037443,Yes
EMP001906,ST0113,Aditya Koshy,Male,Inventory,Associate,24681,2014-07-08,Full-Time,Evening,emp001906@retailsphere.com,9503931960,Yes
EMP001907,ST0090,Tristan Bhardwaj,Male,Billing,Manager,105663,2015-11-05,Full-Time,Morning,emp001907@retailsphere.com,9714585335,Yes
EMP001908,ST0063,Finn Barman,Male,Sales,Associate,25235,2023-01-29,Contract,Evening,emp001908@retailsphere.com,9175295825,Yes
EMP001909,ST0078,Udant Doctor,Male,Billing,Senior Associate,41761,2023-01-31,Full-Time,Evening,emp001909@retailsphere.com,9780479870,Yes
EMP001910,ST0028,Sara Kapadia,Female,Sales,Associate,31574,2012-11-11,Full-Time,Morning,emp001910@retailsphere.com,9520210361,Yes
EMP001911,ST0013,Upma Rao,Female,Billing,Senior Associate,34448,2013-07-04,Full-Time,Evening,emp001911@retailsphere.com,9606914950,Yes
EMP001912,ST0145,Urvi Mukherjee,Female,Security,Associate,25080,2024-01-03,Full-Time,Morning,emp001912@retailsphere.com,9500241099,Yes
EMP001913,ST0127,Arjun Ramakrishnan,Male,Inventory,Associate,29101,2020-03-15,Full-Time,Evening,emp001913@retailsphere.com,9101335410,Yes
EMP001914,ST0151,Ladli Reddy,Female,Security,Associate,22201,2018-10-25,Full-Time,Morning,emp001914@retailsphere.com,9662460840,Yes
EMP001915,ST0147,Charvi Pant,Female,Sales,Associate,25167,2016-03-30,Full-Time,Morning,emp001915@retailsphere.com,9357938368,Yes
EMP001916,ST0025,Triya Mander,Female,Security,Associate,29216,2023-12-16,Full-Time,Morning,emp001916@retailsphere.com,9484331466,Yes
EMP001917,ST0003,Dayamai Prasad,Female,Sales,Associate,31170,2024-09-11,Full-Time,Evening,emp001917@retailsphere.com,9311033340,Yes
EMP001918,ST0177,Zarna Basu,Female,Billing,Associate,26169,2024-02-14,Full-Time,Morning,emp001918@retailsphere.com,9629361420,No
EMP001919,ST0179,Abhimanyu Pall,Male,Sales,Associate,28350,2025-05-27,Contract,Evening,emp001919@retailsphere.com,9606625571,Yes
EMP001920,ST0176,Pushti Sami,Female,HR,Senior Associate,37136,2018-03-24,Full-Time,Morning,emp001920@retailsphere.com,9716706966,Yes
EMP001921,ST0027,Harsh Dora,Male,Customer Support,Associate,28049,2024-07-24,Full-Time,Morning,emp001921@retailsphere.com,9631175896,Yes
EMP001922,ST0122,Atharv Agate,Male,HR,Senior Associate,42031,2020-12-02,Full-Time,Morning,emp001922@retailsphere.com,9356208840,Yes
EMP001923,ST0061,Yamini Khanna,Female,Security,Senior Associate,34991,2014-10-30,Full-Time,Evening,emp001923@retailsphere.com,9994298887,Yes
EMP001924,ST0138,Megha Dube,Female,Billing,Associate,24991,2018-07-02,Full-Time,Night,emp001924@retailsphere.com,9146361073,Yes
EMP001925,ST0121,Gagan Chand,Male,Billing,Supervisor,61473,2025-03-05,Full-Time,Evening,emp001925@retailsphere.com,9991947617,Yes
EMP001926,ST0126,Nilima Purohit,Female,Sales,Associate,26890,2017-11-03,Full-Time,Morning,emp001926@retailsphere.com,9997610236,Yes
EMP001927,ST0117,Noah Kaul,Male,Sales,Associate,28742,2019-12-20,Full-Time,Morning,emp001927@retailsphere.com,9484997752,Yes
EMP001928,ST0051,Harshil Buch,Male,Sales,Associate,27481,2018-08-16,Full-Time,Evening,emp001928@retailsphere.com,9379861619,Yes
EMP001929,ST0152,Logan Shanker,Male,Inventory,Associate,28981,2023-11-21,Full-Time,Evening,emp001929@retailsphere.com,9978373387,Yes
EMP001930,ST0136,Udyati Krishna,Female,Billing,Senior Associate,42094,2022-01-07,Full-Time,Morning,emp001930@retailsphere.com,9862387805,Yes
EMP001931,ST0107,Zaid Kakar,Male,Sales,Supervisor,50782,2016-08-17,Full-Time,Evening,emp001931@retailsphere.com,9995834010,Yes
EMP001932,ST0058,Nirja Baral,Female,Inventory,Supervisor,56966,2012-02-04,Full-Time,Morning,emp001932@retailsphere.com,9338841211,Yes
EMP001933,ST0174,Pahal Goswami,Female,Sales,Senior Associate,38848,2018-12-12,Full-Time,Morning,emp001933@retailsphere.com,9177695656,Yes
EMP001934,ST0138,Shaurya Prashad,Male,Sales,Associate,29768,2018-06-05,Full-Time,Morning,emp001934@retailsphere.com,9946545037,Yes
EMP001935,ST0155,Isaac Kurian,Male,Customer Support,Associate,22926,2013-01-04,Full-Time,Morning,emp001935@retailsphere.com,9984511574,Yes
EMP001936,ST0122,Tanveer Parekh,Male,Inventory,Senior Associate,44913,2012-06-14,Full-Time,Evening,emp001936@retailsphere.com,9810686968,Yes
EMP001937,ST0025,Kevin Patla,Male,Sales,Assistant Manager,70070,2021-02-11,Full-Time,Morning,emp001937@retailsphere.com,9675269914,Yes
EMP001938,ST0083,Yachana Mann,Female,Billing,Associate,27621,2012-07-28,Full-Time,Morning,emp001938@retailsphere.com,9676319909,Yes
EMP001939,ST0185,Ryan Ganesan,Male,Billing,Associate,30522,2022-02-11,Full-Time,Night,emp001939@retailsphere.com,9452067498,Yes
EMP001940,ST0087,Chameli Wason,Female,HR,Senior Associate,33451,2015-07-11,Full-Time,Morning,emp001940@retailsphere.com,9466823394,Yes
EMP001941,ST0118,Maya Munshi,Female,Billing,Associate,27111,2018-11-22,Full-Time,Night,emp001941@retailsphere.com,9692958422,No
EMP001942,ST0183,Jeet Ram,Male,Security,Associate,28397,2017-11-01,Full-Time,Morning,emp001942@retailsphere.com,9843920317,Yes
EMP001943,ST0088,Jeremiah Dugal,Male,Sales,Associate,22862,2024-02-24,Full-Time,Morning,emp001943@retailsphere.com,9201696554,Yes
EMP001944,ST0025,Simon Barad,Male,Sales,Associate,29614,2014-08-28,Full-Time,Evening,emp001944@retailsphere.com,9327481247,Yes
EMP001945,ST0160,Triveni Buch,Female,Inventory,Associate,25867,2024-12-08,Full-Time,Evening,emp001945@retailsphere.com,9200517747,Yes
EMP001946,ST0048,Damini Mandal,Female,HR,Associate,22720,2023-05-06,Full-Time,Morning,emp001946@retailsphere.com,9906058617,Yes
EMP001947,ST0020,Vivaan Ram,Male,Sales,Associate,26753,2019-01-04,Full-Time,Morning,emp001947@retailsphere.com,9224374095,Yes
EMP001948,ST0086,Janani Sunder,Female,Sales,Senior Associate,38281,2020-02-05,Full-Time,Morning,emp001948@retailsphere.com,9464534616,Yes
EMP001949,ST0137,Radha Luthra,Female,Sales,Supervisor,46793,2023-07-18,Contract,Morning,emp001949@retailsphere.com,9602179148,No
EMP001950,ST0103,Aarav Rana,Male,Inventory,Associate,23530,2023-05-05,Full-Time,Morning,emp001950@retailsphere.com,9443330275,Yes
EMP001951,ST0172,Gaurang Rajagopal,Male,Customer Support,Associate,24736,2020-12-23,Contract,Morning,emp001951@retailsphere.com,9685800546,Yes
EMP001952,ST0056,Chakrika Din,Female,Customer Support,Associate,27239,2016-11-26,Part-Time,Morning,emp001952@retailsphere.com,9323998121,Yes
EMP001953,ST0157,Oviya Panchal,Female,Security,Supervisor,50769,2025-11-27,Full-Time,Morning,emp001953@retailsphere.com,9150472004,Yes
EMP001954,ST0164,Bhavani Chander,Female,Inventory,Senior Associate,38544,2023-10-01,Full-Time,Night,emp001954@retailsphere.com,9543422702,Yes
EMP001955,ST0029,Mugdha Mody,Female,Customer Support,Associate,24257,2016-05-10,Full-Time,Evening,emp001955@retailsphere.com,9675778322,Yes
EMP001956,ST0126,Wazir Sibal,Male,Security,Associate,29878,2021-04-05,Full-Time,Evening,emp001956@retailsphere.com,9695626930,Yes
EMP001957,ST0127,Lipika Bose,Female,Inventory,Associate,25612,2017-05-11,Full-Time,Evening,emp001957@retailsphere.com,9927777828,Yes
EMP001958,ST0047,Vedika Sani,Female,Sales,Associate,30735,2023-05-08,Full-Time,Evening,emp001958@retailsphere.com,9340200413,Yes
EMP001959,ST0181,Darpan Minhas,Male,HR,Associate,30267,2018-11-20,Contract,Morning,emp001959@retailsphere.com,9946146917,Yes
EMP001960,ST0066,Januja Bansal,Female,Inventory,Senior Associate,39955,2024-09-12,Full-Time,Evening,emp001960@retailsphere.com,9251964796,Yes
EMP001961,ST0168,Arin Chhabra,Male,HR,Associate,26025,2017-08-09,Full-Time,Morning,emp001961@retailsphere.com,9612649850,Yes
EMP001962,ST0104,Chandran Gole,Male,Customer Support,Supervisor,56127,2013-02-06,Full-Time,Evening,emp001962@retailsphere.com,9285150772,Yes
EMP001963,ST0031,Hitesh Uppal,Male,Sales,Senior Associate,32250,2014-01-12,Full-Time,Morning,emp001963@retailsphere.com,9453352648,Yes
EMP001964,ST0006,Patrick Handa,Male,Billing,Supervisor,54432,2016-06-07,Full-Time,Evening,emp001964@retailsphere.com,9169032243,Yes
EMP001965,ST0179,Zehaan Halder,Male,Customer Support,Manager,94938,2023-03-18,Part-Time,Night,emp001965@retailsphere.com,9594390081,Yes
EMP001966,ST0072,Kalpit Dutt,Male,HR,Assistant Manager,65400,2015-02-13,Part-Time,Morning,emp001966@retailsphere.com,9565880905,Yes
EMP001967,ST0199,Brinda Yohannan,Female,HR,Senior Associate,35201,2012-05-19,Full-Time,Evening,emp001967@retailsphere.com,9894551516,Yes
EMP001968,ST0195,Ekanta Dave,Female,Customer Support,Associate,22358,2025-04-02,Full-Time,Evening,emp001968@retailsphere.com,9650938573,Yes
EMP001969,ST0063,Sachi Ramesh,Female,Billing,Associate,27064,2020-08-26,Full-Time,Evening,emp001969@retailsphere.com,9153933270,Yes
EMP001970,ST0116,Aarini Bansal,Female,Security,Associate,30990,2016-01-06,Full-Time,Evening,emp001970@retailsphere.com,9360087659,Yes
EMP001971,ST0181,Oni Subramaniam,Female,Sales,Senior Associate,39770,2018-01-27,Full-Time,Morning,emp001971@retailsphere.com,9766421955,Yes
EMP001972,ST0138,Januja Saraf,Female,Sales,Associate,24778,2023-05-26,Full-Time,Morning,emp001972@retailsphere.com,9424975237,No
EMP001973,ST0040,Oni Ray,Female,Security,Associate,25210,2023-03-06,Full-Time,Night,emp001973@retailsphere.com,9333991087,Yes
EMP001974,ST0048,Aarnav Ramachandran,Male,Billing,Associate,27969,2022-03-04,Full-Time,Morning,emp001974@retailsphere.com,9766471485,Yes
EMP001975,ST0050,Pahal Char,Female,Customer Support,Associate,23202,2025-10-08,Full-Time,Night,emp001975@retailsphere.com,9972041993,Yes
EMP001976,ST0058,Michael Chahal,Male,Inventory,Associate,25873,2017-04-16,Full-Time,Morning,emp001976@retailsphere.com,9381511665,Yes
EMP001977,ST0098,Saanvi Dubey,Female,Customer Support,Associate,25804,2019-07-30,Part-Time,Morning,emp001977@retailsphere.com,9960846635,Yes
EMP001978,ST0116,Nitara Kuruvilla,Female,Inventory,Associate,25315,2016-11-14,Full-Time,Morning,emp001978@retailsphere.com,9370703108,Yes
EMP001979,ST0123,Ridhi Aggarwal,Female,Sales,Supervisor,47790,2023-04-17,Part-Time,Evening,emp001979@retailsphere.com,9632578508,Yes
EMP001980,ST0065,Watika Bumb,Female,Inventory,Associate,29213,2016-02-15,Full-Time,Morning,emp001980@retailsphere.com,9468410591,Yes
EMP001981,ST0079,Urvashi Sarkar,Female,Billing,Associate,29631,2014-03-07,Full-Time,Night,emp001981@retailsphere.com,9767604653,Yes
EMP001982,ST0191,Jacob Bedi,Male,Sales,Associate,24621,2014-12-07,Contract,Evening,emp001982@retailsphere.com,9860237982,Yes
EMP001983,ST0145,Devika Oak,Female,Billing,Associate,28319,2017-12-14,Full-Time,Night,emp001983@retailsphere.com,9758125774,Yes
EMP001984,ST0034,Aadi Jayaraman,Male,Sales,Supervisor,50670,2023-03-10,Full-Time,Morning,emp001984@retailsphere.com,9120031967,Yes
EMP001985,ST0106,Anthony Kuruvilla,Male,Billing,Associate,24454,2020-03-01,Full-Time,Night,emp001985@retailsphere.com,9495422355,Yes
EMP001986,ST0037,Arin Agarwal,Male,Sales,Associate,22465,2023-05-31,Part-Time,Morning,emp001986@retailsphere.com,9768913694,Yes
EMP001987,ST0187,Advik Chaudry,Male,HR,Senior Associate,41209,2020-06-06,Part-Time,Morning,emp001987@retailsphere.com,9460911698,Yes
EMP001988,ST0161,Ekta Pau,Female,Billing,Associate,25622,2020-09-04,Full-Time,Evening,emp001988@retailsphere.com,9980772092,Yes
EMP001989,ST0174,Ekaraj Sankaran,Male,HR,Associate,28681,2020-07-19,Full-Time,Morning,emp001989@retailsphere.com,9583805887,Yes
EMP001990,ST0018,Zaid Sharaf,Male,HR,Associate,27202,2021-06-08,Full-Time,Evening,emp001990@retailsphere.com,9260230456,Yes
EMP001991,ST0035,Azaan Acharya,Male,Customer Support,Supervisor,57084,2014-05-06,Part-Time,Evening,emp001991@retailsphere.com,9491900055,Yes
EMP001992,ST0103,Praneel Sangha,Male,Billing,Associate,30773,2018-11-07,Full-Time,Night,emp001992@retailsphere.com,9262148774,Yes
EMP001993,ST0072,Gautami Wagle,Female,Sales,Associate,24609,2014-06-28,Full-Time,Evening,emp001993@retailsphere.com,9645572544,Yes
EMP001994,ST0050,Ranbir Kunda,Male,Inventory,Associate,23606,2018-08-05,Full-Time,Evening,emp001994@retailsphere.com,9646096026,Yes
EMP001995,ST0070,Sathvik Goswami,Male,Sales,Supervisor,53693,2025-04-15,Full-Time,Evening,emp001995@retailsphere.com,9970698641,Yes
EMP001996,ST0020,Nidra Shere,Female,Security,Associate,29458,2021-05-04,Full-Time,Morning,emp001996@retailsphere.com,9336835688,Yes
EMP001997,ST0133,Neelima Bhatnagar,Female,Billing,Associate,25556,2020-02-25,Full-Time,Morning,emp001997@retailsphere.com,9628732398,Yes
EMP001998,ST0136,Varenya Swaminathan,Female,Sales,Assistant Manager,65012,2019-06-10,Part-Time,Morning,emp001998@retailsphere.com,9748799725,Yes
EMP001999,ST0105,Yoshita Chawla,Female,Sales,Associate,24667,2013-10-13,Full-Time,Evening,emp001999@retailsphere.com,9645095312,Yes
EMP002000,ST0058,Ekantika Majumdar,Female,Billing,Senior Associate,44489,2016-05-17,Full-Time,Morning,emp002000@retailsphere.com,9714443747,Yes
EMP002001,ST0083,Abha Majumdar,Female,Billing,Senior Associate,35416,2024-12-04,Full-Time,Morning,emp002001@retailsphere.com,9380709976,Yes
EMP002002,ST0001,Anamika Soni,Female,Security,Senior Associate,37744,2014-10-08,Full-Time,Evening,emp002002@retailsphere.com,9697056976,Yes
EMP002003,ST0170,Bhavna Kala,Female,Sales,Associate,29239,2025-09-09,Full-Time,Evening,emp002003@retailsphere.com,9886513391,Yes
EMP002004,ST0106,Umang Narayanan,Male,Sales,Associate,30534,2020-08-01,Full-Time,Evening,emp002004@retailsphere.com,9757957015,Yes
EMP002005,ST0040,Qabil Mani,Male,Sales,Associate,27336,2015-03-25,Part-Time,Evening,emp002005@retailsphere.com,9989234597,Yes
EMP002006,ST0181,George Dalal,Male,Customer Support,Manager,118032,2025-04-01,Full-Time,Morning,emp002006@retailsphere.com,9759815986,Yes
EMP002007,ST0180,Jonathan Bhargava,Male,Customer Support,Associate,23169,2015-04-15,Contract,Morning,emp002007@retailsphere.com,9686737968,Yes
EMP002008,ST0100,Ojas Gaba,Male,Sales,Senior Associate,41697,2012-06-16,Part-Time,Evening,emp002008@retailsphere.com,9555817747,Yes
EMP002009,ST0048,Nicholas Chaudry,Male,Inventory,Associate,29459,2018-11-11,Full-Time,Morning,emp002009@retailsphere.com,9181244555,Yes
EMP002010,ST0123,Dalbir Mody,Male,Billing,Senior Associate,43336,2024-04-18,Contract,Evening,emp002010@retailsphere.com,9414801452,Yes
EMP002011,ST0168,Vritti Choudhury,Female,Security,Associate,29391,2018-10-12,Full-Time,Evening,emp002011@retailsphere.com,9334732693,Yes
EMP002012,ST0074,Jack Sehgal,Male,Security,Associate,29903,2016-08-03,Part-Time,Evening,emp002012@retailsphere.com,9882122503,Yes
EMP002013,ST0178,Xavier Modi,Male,Security,Senior Associate,38577,2020-03-30,Full-Time,Evening,emp002013@retailsphere.com,9520783192,Yes
EMP002014,ST0196,Azaan Dave,Male,Sales,Associate,31392,2021-11-03,Contract,Evening,emp002014@retailsphere.com,9682536528,Yes
EMP002015,ST0073,Qasim Chopra,Male,Inventory,Associate,22263,2022-05-26,Full-Time,Night,emp002015@retailsphere.com,9123019597,Yes
EMP002016,ST0149,Adweta Sama,Female,Customer Support,Senior Associate,32854,2025-07-23,Full-Time,Evening,emp002016@retailsphere.com,9609633401,Yes
EMP002017,ST0151,Ayushman Gola,Male,Security,Associate,24995,2025-08-20,Full-Time,Morning,emp002017@retailsphere.com,9468484144,Yes
EMP002018,ST0189,Irya Seth,Female,Inventory,Associate,28276,2023-02-27,Full-Time,Evening,emp002018@retailsphere.com,9880526340,Yes
EMP002019,ST0100,Vamakshi Kamdar,Female,Sales,Senior Associate,34773,2023-06-20,Full-Time,Morning,emp002019@retailsphere.com,9142793099,Yes
EMP002020,ST0091,Mohini Mane,Female,Security,Associate,30479,2021-05-26,Full-Time,Evening,emp002020@retailsphere.com,9443532895,Yes
EMP002021,ST0118,Leela Baria,Female,Sales,Assistant Manager,81545,2023-11-03,Contract,Night,emp002021@retailsphere.com,9137790117,Yes
EMP002022,ST0081,Wakeeta Cheema,Female,Sales,Senior Associate,41042,2026-04-24,Full-Time,Evening,emp002022@retailsphere.com,9836562638,Yes
EMP002023,ST0075,Hemang Banerjee,Male,Security,Associate,31065,2018-08-11,Full-Time,Evening,emp002023@retailsphere.com,9782566919,Yes
EMP002024,ST0166,Panini Kala,Female,Billing,Supervisor,48293,2019-07-16,Full-Time,Morning,emp002024@retailsphere.com,9434681574,Yes
EMP002025,ST0142,Nikita Lala,Female,Billing,Associate,27660,2024-03-06,Contract,Morning,emp002025@retailsphere.com,9701466950,Yes
EMP002026,ST0036,Nidra Goswami,Female,Security,Associate,30137,2024-05-04,Full-Time,Evening,emp002026@retailsphere.com,9609470087,Yes
EMP002027,ST0068,Unni Narasimhan,Female,Security,Associate,31882,2014-01-14,Part-Time,Morning,emp002027@retailsphere.com,9886718866,Yes
EMP002028,ST0034,Turvi Chacko,Female,Sales,Senior Associate,44913,2017-09-28,Full-Time,Evening,emp002028@retailsphere.com,9186133942,Yes
EMP002029,ST0101,David Nagy,Male,HR,Associate,26807,2025-03-25,Full-Time,Morning,emp002029@retailsphere.com,9667708435,Yes
EMP002030,ST0064,Chaitaly Srinivasan,Female,Security,Associate,28840,2019-02-10,Full-Time,Evening,emp002030@retailsphere.com,9320636055,Yes
EMP002031,ST0050,Gayathri Srinivasan,Female,Security,Senior Associate,43753,2014-08-09,Part-Time,Morning,emp002031@retailsphere.com,9702431271,Yes
EMP002032,ST0083,Nidhi Raval,Female,Billing,Supervisor,60592,2021-04-28,Full-Time,Evening,emp002032@retailsphere.com,9482245381,Yes
EMP002033,ST0103,Hemani Thaker,Female,Billing,Associate,31732,2026-01-19,Full-Time,Morning,emp002033@retailsphere.com,9508557068,Yes
EMP002034,ST0132,Ekanta Korpal,Female,Sales,Associate,29225,2017-05-09,Full-Time,Evening,emp002034@retailsphere.com,9205039012,Yes
EMP002035,ST0117,Yagnesh Pandya,Male,HR,Associate,22121,2018-03-27,Full-Time,Evening,emp002035@retailsphere.com,9188205653,Yes
EMP002036,ST0150,Arya Chhabra,Female,Sales,Associate,24272,2021-04-27,Full-Time,Evening,emp002036@retailsphere.com,9587310942,Yes
EMP002037,ST0150,Laksh Sem,Male,Inventory,Associate,29834,2021-07-26,Full-Time,Morning,emp002037@retailsphere.com,9429604525,Yes
EMP002038,ST0110,Jairaj Jani,Male,Billing,Associate,24798,2025-12-26,Full-Time,Morning,emp002038@retailsphere.com,9536417096,No
EMP002039,ST0026,Eesha Sahota,Female,Inventory,Assistant Manager,87354,2023-11-21,Full-Time,Night,emp002039@retailsphere.com,9311157017,Yes
EMP002040,ST0012,Vanya Upadhyay,Female,Sales,Associate,30682,2014-09-02,Full-Time,Morning,emp002040@retailsphere.com,9320362585,Yes
EMP002041,ST0092,Joshua Dhawan,Male,Billing,Associate,23253,2021-01-04,Full-Time,Evening,emp002041@retailsphere.com,9875060513,Yes
EMP002042,ST0189,Finn Biswas,Male,Sales,Associate,28425,2014-05-21,Full-Time,Evening,emp002042@retailsphere.com,9653523043,Yes
EMP002043,ST0199,Janani Munshi,Female,Billing,Associate,30234,2020-12-17,Full-Time,Evening,emp002043@retailsphere.com,9192657001,Yes
EMP002044,ST0160,Triya Patla,Female,Sales,Associate,23869,2021-09-27,Full-Time,Evening,emp002044@retailsphere.com,9863198250,Yes
EMP002045,ST0082,Charles Bhagat,Male,Sales,Assistant Manager,85039,2014-09-03,Full-Time,Morning,emp002045@retailsphere.com,9488460591,Yes
EMP002046,ST0190,Onveer Shah,Male,Billing,Associate,29602,2018-09-12,Full-Time,Evening,emp002046@retailsphere.com,9988669325,Yes
EMP002047,ST0092,Harinakshi Nair,Female,Customer Support,Associate,27517,2024-04-26,Full-Time,Morning,emp002047@retailsphere.com,9966972031,Yes
EMP002048,ST0081,Yuvraj Subramanian,Male,Sales,Senior Associate,37377,2013-03-30,Full-Time,Evening,emp002048@retailsphere.com,9167851271,Yes
EMP002049,ST0040,Indali Dora,Female,Sales,Associate,24834,2022-12-13,Full-Time,Morning,emp002049@retailsphere.com,9564169625,Yes
EMP002050,ST0098,Pooja Nagar,Female,Customer Support,Associate,26775,2012-01-06,Full-Time,Night,emp002050@retailsphere.com,9839215492,Yes
EMP002051,ST0152,Gaurang Kalla,Male,Customer Support,Associate,30117,2021-04-13,Full-Time,Evening,emp002051@retailsphere.com,9792479045,Yes
EMP002052,ST0007,Zarna Pall,Female,Security,Associate,30926,2023-10-28,Full-Time,Evening,emp002052@retailsphere.com,9915702409,Yes
EMP002053,ST0129,Krishna Babu,Female,Security,Senior Associate,36928,2023-05-22,Full-Time,Morning,emp002053@retailsphere.com,9485264327,Yes
EMP002054,ST0195,Lajita Dhawan,Female,HR,Senior Associate,39468,2021-10-28,Full-Time,Night,emp002054@retailsphere.com,9434167870,Yes
EMP002055,ST0077,Robert Mohan,Male,Sales,Assistant Manager,74120,2025-03-24,Part-Time,Morning,emp002055@retailsphere.com,9335792856,Yes
EMP002056,ST0175,Siya Lanka,Female,Inventory,Associate,25361,2023-10-02,Contract,Morning,emp002056@retailsphere.com,9856591424,Yes
EMP002057,ST0174,Tristan Vohra,Male,Sales,Supervisor,49636,2020-12-11,Full-Time,Morning,emp002057@retailsphere.com,9465452431,Yes
EMP002058,ST0139,Sachi Sodhi,Female,Inventory,Supervisor,64404,2020-01-21,Full-Time,Evening,emp002058@retailsphere.com,9315952116,Yes
EMP002059,ST0135,Hardik Pai,Male,Sales,Manager,105921,2014-08-06,Full-Time,Morning,emp002059@retailsphere.com,9370589708,Yes
EMP002060,ST0186,Aishani Venkataraman,Female,Security,Associate,30026,2018-01-28,Full-Time,Evening,emp002060@retailsphere.com,9470134604,Yes
EMP002061,ST0059,Tripti Desai,Female,Inventory,Associate,31676,2024-04-14,Full-Time,Morning,emp002061@retailsphere.com,9972550605,Yes
EMP002062,ST0084,Falguni Merchant,Female,Security,Senior Associate,41532,2025-10-24,Full-Time,Morning,emp002062@retailsphere.com,9176442753,Yes
EMP002063,ST0066,Joshua Mital,Male,HR,Associate,25328,2022-11-05,Full-Time,Night,emp002063@retailsphere.com,9835681161,Yes
EMP002064,ST0124,Brijesh Seshadri,Male,Sales,Associate,23787,2020-06-20,Part-Time,Evening,emp002064@retailsphere.com,9809377942,Yes
EMP002065,ST0185,Harish Dada,Male,Sales,Associate,26947,2014-01-02,Full-Time,Morning,emp002065@retailsphere.com,9334431622,Yes
EMP002066,ST0065,Ekapad Ghosh,Male,Sales,Associate,26182,2022-06-25,Full-Time,Morning,emp002066@retailsphere.com,9643831482,Yes
EMP002067,ST0190,Faqid Nagarajan,Male,Sales,Associate,23605,2026-06-05,Full-Time,Morning,emp002067@retailsphere.com,9307744971,Yes
EMP002068,ST0146,Yashvi Kata,Female,Billing,Associate,29529,2025-04-12,Contract,Evening,emp002068@retailsphere.com,9838546521,Yes
EMP002069,ST0012,Omkaar Dutta,Male,Sales,Associate,30450,2017-08-12,Full-Time,Morning,emp002069@retailsphere.com,9339671386,Yes
EMP002070,ST0026,Lucky Bhargava,Male,Inventory,Associate,30968,2012-08-17,Full-Time,Morning,emp002070@retailsphere.com,9698014284,Yes
EMP002071,ST0160,Sudiksha Gaba,Female,Billing,Associate,26888,2024-02-16,Full-Time,Evening,emp002071@retailsphere.com,9320500447,Yes
EMP002072,ST0127,Nisha Nair,Female,Sales,Associate,22123,2014-04-26,Full-Time,Night,emp002072@retailsphere.com,9251093415,Yes
EMP002073,ST0082,Krish Rana,Male,Sales,Associate,24071,2025-06-12,Contract,Morning,emp002073@retailsphere.com,9113803388,Yes
EMP002074,ST0113,Ronith Shah,Male,Sales,Associate,27802,2020-10-17,Full-Time,Morning,emp002074@retailsphere.com,9610671728,Yes
EMP002075,ST0169,Samarth Chauhan,Male,Billing,Associate,31748,2024-07-25,Full-Time,Night,emp002075@retailsphere.com,9177399074,Yes
EMP002076,ST0132,Bhavika Panchal,Female,Sales,Associate,22189,2025-02-19,Full-Time,Evening,emp002076@retailsphere.com,9939245912,Yes
EMP002077,ST0152,Christopher Bhardwaj,Male,Sales,Senior Associate,35171,2023-08-01,Full-Time,Evening,emp002077@retailsphere.com,9812479468,Yes
EMP002078,ST0062,Advik Peri,Male,Security,Associate,29802,2015-12-31,Full-Time,Night,emp002078@retailsphere.com,9317821499,Yes
EMP002079,ST0158,Baljiwan Kohli,Male,Sales,Manager,103991,2012-01-24,Full-Time,Evening,emp002079@retailsphere.com,9132331127,Yes
EMP002080,ST0038,Aarush Andra,Male,Security,Senior Associate,43456,2016-05-14,Full-Time,Night,emp002080@retailsphere.com,9920653459,Yes
EMP002081,ST0051,Balveer Gulati,Male,Billing,Associate,27689,2013-04-24,Contract,Evening,emp002081@retailsphere.com,9227591282,Yes
EMP002082,ST0136,Aahana Nagar,Female,Sales,Associate,27322,2020-03-28,Full-Time,Morning,emp002082@retailsphere.com,9218435765,Yes
EMP002083,ST0150,Lakshit Konda,Male,Billing,Manager,91838,2025-01-27,Full-Time,Morning,emp002083@retailsphere.com,9374045785,Yes
EMP002084,ST0157,Yuvraj Mangal,Male,Customer Support,Associate,29308,2016-06-25,Part-Time,Evening,emp002084@retailsphere.com,9969027616,Yes
EMP002085,ST0143,Guneet Manda,Male,Sales,Supervisor,54842,2012-08-11,Full-Time,Morning,emp002085@retailsphere.com,9260532929,Yes
EMP002086,ST0102,Amara Cherian,Female,Inventory,Associate,24326,2022-05-20,Full-Time,Night,emp002086@retailsphere.com,9815999091,Yes
EMP002087,ST0042,Yoshita Tandon,Female,Sales,Senior Associate,35742,2019-08-01,Full-Time,Evening,emp002087@retailsphere.com,9342722984,Yes
EMP002088,ST0085,Kiaan Dixit,Male,Billing,Associate,24747,2020-09-06,Part-Time,Evening,emp002088@retailsphere.com,9504953724,Yes
EMP002089,ST0029,Ati Desai,Female,HR,Associate,28057,2020-07-16,Full-Time,Evening,emp002089@retailsphere.com,9557392624,Yes
EMP002090,ST0106,Leela Nanda,Female,Billing,Associate,26840,2017-08-07,Full-Time,Morning,emp002090@retailsphere.com,9490737968,Yes
EMP002091,ST0057,Aditya Rai,Male,Inventory,Associate,22047,2017-12-31,Full-Time,Evening,emp002091@retailsphere.com,9223422231,Yes
EMP002092,ST0176,Zayyan Singhal,Male,Customer Support,Associate,23931,2024-02-15,Full-Time,Morning,emp002092@retailsphere.com,9839733525,Yes
EMP002093,ST0114,Wakeeta Shere,Female,Sales,Associate,22812,2015-04-02,Full-Time,Morning,emp002093@retailsphere.com,9788024456,Yes
EMP002094,ST0148,Bina Mahajan,Female,HR,Associate,23959,2019-07-03,Full-Time,Evening,emp002094@retailsphere.com,9627017320,Yes
EMP002095,ST0111,Janya Lala,Female,Billing,Associate,30903,2020-02-28,Full-Time,Morning,emp002095@retailsphere.com,9533084205,Yes
EMP002096,ST0180,Dakshesh Lata,Male,Sales,Assistant Manager,85792,2014-11-14,Full-Time,Morning,emp002096@retailsphere.com,9444423371,Yes
EMP002097,ST0010,Udarsh Behl,Male,Billing,Associate,24662,2016-09-19,Full-Time,Night,emp002097@retailsphere.com,9125106514,Yes
EMP002098,ST0137,Neelima Upadhyay,Female,Sales,Associate,24318,2014-07-21,Full-Time,Night,emp002098@retailsphere.com,9273397490,Yes
EMP002099,ST0128,Charvi Ganesh,Female,Customer Support,Associate,28884,2019-10-18,Full-Time,Morning,emp002099@retailsphere.com,9913516636,Yes
EMP002100,ST0119,Krishna Rama,Male,HR,Senior Associate,40821,2018-03-18,Full-Time,Morning,emp002100@retailsphere.com,9782981649,Yes
EMP002101,ST0011,Rayaan Dara,Male,Sales,Associate,25883,2020-11-19,Full-Time,Morning,emp002101@retailsphere.com,9480964546,Yes
EMP002102,ST0058,Neel Bala,Male,Billing,Associate,29069,2017-07-04,Full-Time,Evening,emp002102@retailsphere.com,9891889053,Yes
EMP002103,ST0188,Warjas Bobal,Male,Sales,Associate,24947,2018-02-02,Full-Time,Morning,emp002103@retailsphere.com,9849890936,Yes
EMP002104,ST0183,Sanya Ben,Female,Security,Associate,22071,2022-11-23,Part-Time,Morning,emp002104@retailsphere.com,9547100551,Yes
EMP002105,ST0088,Ekantika Kibe,Female,Sales,Supervisor,47819,2012-10-25,Part-Time,Evening,emp002105@retailsphere.com,9430852521,Yes
EMP002106,ST0080,Caleb Johal,Male,Sales,Associate,31680,2017-04-17,Full-Time,Morning,emp002106@retailsphere.com,9436176710,Yes
EMP002107,ST0059,Thomas Mody,Male,Billing,Associate,27948,2016-12-14,Full-Time,Morning,emp002107@retailsphere.com,9143130426,Yes
EMP002108,ST0097,Ryan Ahuja,Male,Security,Associate,26858,2018-01-10,Full-Time,Night,emp002108@retailsphere.com,9347035195,Yes
EMP002109,ST0183,Chatresh Ravel,Male,Billing,Senior Associate,33279,2022-12-01,Contract,Evening,emp002109@retailsphere.com,9431415427,Yes
EMP002110,ST0001,Dalaja Shetty,Female,Customer Support,Associate,31491,2014-12-14,Full-Time,Morning,emp002110@retailsphere.com,9540646809,Yes
EMP002111,ST0099,Faqid Lata,Male,Billing,Senior Associate,39804,2024-04-17,Full-Time,Evening,emp002111@retailsphere.com,9688422990,Yes
EMP002112,ST0003,Dayita Chand,Female,Sales,Associate,25382,2021-04-29,Part-Time,Night,emp002112@retailsphere.com,9814164230,Yes
EMP002113,ST0180,Indira Manda,Female,Sales,Senior Associate,39637,2019-10-02,Full-Time,Evening,emp002113@retailsphere.com,9997871298,Yes
EMP002114,ST0050,Balhaar Palan,Male,Sales,Senior Associate,36571,2018-07-30,Full-Time,Night,emp002114@retailsphere.com,9997486129,Yes
EMP002115,ST0064,Yamini Bhatt,Female,Sales,Supervisor,51990,2012-05-11,Full-Time,Morning,emp002115@retailsphere.com,9405996858,Yes
EMP002116,ST0125,Zehaan Lal,Male,Billing,Associate,30653,2025-03-11,Full-Time,Night,emp002116@retailsphere.com,9343914076,No
EMP002117,ST0105,Suhani Shanker,Female,Sales,Associate,26235,2013-05-16,Full-Time,Morning,emp002117@retailsphere.com,9968591745,Yes
EMP002118,ST0165,Kabir Mangal,Male,Sales,Associate,23126,2013-10-01,Part-Time,Morning,emp002118@retailsphere.com,9787978915,Yes
EMP002119,ST0010,Panini Dora,Female,Inventory,Senior Associate,34624,2021-08-07,Full-Time,Evening,emp002119@retailsphere.com,9676390898,Yes
EMP002120,ST0095,Nakul Bhattacharyya,Male,Sales,Supervisor,56427,2024-02-07,Full-Time,Evening,emp002120@retailsphere.com,9685969837,Yes
EMP002121,ST0010,Zehaan Parekh,Male,Sales,Manager,126628,2012-03-19,Full-Time,Evening,emp002121@retailsphere.com,9251589274,Yes
EMP002122,ST0138,Peter Balasubramanian,Male,HR,Associate,28997,2013-06-12,Full-Time,Morning,emp002122@retailsphere.com,9282860756,Yes
EMP002123,ST0132,Charan Radhakrishnan,Male,Inventory,Associate,29516,2023-01-17,Full-Time,Morning,emp002123@retailsphere.com,9966772515,Yes
EMP002124,ST0085,Onveer Dayal,Male,Inventory,Senior Associate,34275,2024-12-19,Full-Time,Evening,emp002124@retailsphere.com,9284874025,Yes
EMP002125,ST0095,Qarin Baria,Male,Customer Support,Associate,26223,2024-03-31,Full-Time,Morning,emp002125@retailsphere.com,9557385570,Yes
EMP002126,ST0006,Kala Keer,Female,Sales,Associate,26609,2021-06-17,Full-Time,Evening,emp002126@retailsphere.com,9538402534,Yes
EMP002127,ST0108,Darsh Savant,Male,Sales,Senior Associate,33356,2012-11-21,Full-Time,Evening,emp002127@retailsphere.com,9193330275,Yes
EMP002128,ST0159,Harini Deep,Female,Billing,Supervisor,63180,2024-04-22,Full-Time,Morning,emp002128@retailsphere.com,9822367034,Yes
EMP002129,ST0119,Sara Walia,Female,Customer Support,Associate,23987,2013-09-22,Full-Time,Morning,emp002129@retailsphere.com,9509749711,Yes
EMP002130,ST0084,Raksha Divan,Female,Sales,Senior Associate,35034,2016-04-27,Full-Time,Evening,emp002130@retailsphere.com,9177348581,Yes
EMP002131,ST0118,Girik Ben,Male,Sales,Senior Associate,40053,2024-07-05,Full-Time,Night,emp002131@retailsphere.com,9548795181,Yes
EMP002132,ST0003,Turvi Hegde,Female,Customer Support,Senior Associate,43701,2016-09-07,Full-Time,Morning,emp002132@retailsphere.com,9790957955,Yes
EMP002133,ST0023,Ojasvi Ratti,Female,Inventory,Associate,29194,2026-03-06,Full-Time,Night,emp002133@retailsphere.com,9818586391,Yes
EMP002134,ST0070,Chameli Kari,Female,Security,Associate,26584,2025-06-10,Full-Time,Morning,emp002134@retailsphere.com,9273779822,Yes
EMP002135,ST0068,Zaitra Patla,Female,Sales,Associate,23957,2015-10-08,Full-Time,Morning,emp002135@retailsphere.com,9255074832,Yes
EMP002136,ST0199,Divya Sanghvi,Female,Sales,Assistant Manager,68327,2018-02-13,Full-Time,Evening,emp002136@retailsphere.com,9648532465,Yes
EMP002137,ST0066,Abhiram Bala,Male,Sales,Associate,23580,2017-03-15,Full-Time,Evening,emp002137@retailsphere.com,9147457002,Yes
EMP002138,ST0188,Abha Sandal,Female,Sales,Senior Associate,41655,2018-05-21,Full-Time,Morning,emp002138@retailsphere.com,9322426557,Yes
EMP002139,ST0027,Wazir Choudhury,Male,Sales,Associate,24064,2014-01-28,Full-Time,Evening,emp002139@retailsphere.com,9586184088,Yes
EMP002140,ST0154,Ekalinga Suri,Male,Security,Associate,25642,2019-12-30,Full-Time,Evening,emp002140@retailsphere.com,9579220014,Yes
EMP002141,ST0120,Orinder Murthy,Male,Sales,Associate,24272,2026-04-06,Part-Time,Night,emp002141@retailsphere.com,9250602745,Yes
EMP002142,ST0131,Vrinda Raja,Female,Sales,Associate,28529,2018-02-16,Full-Time,Evening,emp002142@retailsphere.com,9349120381,Yes
EMP002143,ST0107,Megha Sabharwal,Female,Sales,Associate,31461,2022-03-10,Full-Time,Night,emp002143@retailsphere.com,9554718941,Yes
EMP002144,ST0035,Zinal Sundaram,Female,HR,Supervisor,58005,2012-08-21,Full-Time,Evening,emp002144@retailsphere.com,9348536103,Yes
EMP002145,ST0125,Wazir Chokshi,Male,Customer Support,Associate,24178,2013-02-05,Full-Time,Night,emp002145@retailsphere.com,9382222009,Yes
EMP002146,ST0133,Ayush Barad,Male,Sales,Associate,28797,2022-08-02,Full-Time,Morning,emp002146@retailsphere.com,9422692410,Yes
EMP002147,ST0150,Charvi Chaudhari,Female,Billing,Associate,31242,2025-10-02,Full-Time,Evening,emp002147@retailsphere.com,9104786177,Yes
EMP002148,ST0143,Utkarsh Banerjee,Male,Sales,Senior Associate,37173,2020-03-04,Part-Time,Morning,emp002148@retailsphere.com,9897856560,Yes
EMP002149,ST0006,Wridesh Natarajan,Male,Sales,Associate,24876,2024-10-20,Full-Time,Night,emp002149@retailsphere.com,9943626401,Yes
EMP002150,ST0154,Varsha Iyengar,Female,Inventory,Associate,30387,2015-04-26,Full-Time,Evening,emp002150@retailsphere.com,9583233934,Yes
EMP002151,ST0124,Simon Rege,Male,Sales,Manager,106430,2021-06-20,Part-Time,Evening,emp002151@retailsphere.com,9784186582,Yes
EMP002152,ST0195,Forum Dhawan,Female,Customer Support,Associate,23353,2017-12-02,Full-Time,Morning,emp002152@retailsphere.com,9800127902,Yes
EMP002153,ST0175,Matthew Mall,Male,Sales,Associate,30496,2018-05-08,Full-Time,Evening,emp002153@retailsphere.com,9514616493,Yes
EMP002154,ST0010,Oscar Bhavsar,Male,Inventory,Senior Associate,33281,2017-10-26,Full-Time,Morning,emp002154@retailsphere.com,9114217235,Yes
EMP002155,ST0169,Nandini Boase,Female,Billing,Supervisor,60691,2025-10-18,Full-Time,Morning,emp002155@retailsphere.com,9204880750,Yes
EMP002156,ST0117,Yatan Madan,Male,Customer Support,Manager,93995,2022-03-12,Full-Time,Evening,emp002156@retailsphere.com,9540814978,Yes
EMP002157,ST0140,Lavanya Gandhi,Female,Billing,Supervisor,50812,2025-10-28,Full-Time,Morning,emp002157@retailsphere.com,9183076639,Yes
EMP002158,ST0028,Rachit Ramesh,Male,Sales,Associate,30925,2023-01-01,Full-Time,Evening,emp002158@retailsphere.com,9410398738,Yes
EMP002159,ST0124,Dev Kala,Male,Billing,Associate,31146,2020-01-01,Full-Time,Night,emp002159@retailsphere.com,9638485153,Yes
EMP002160,ST0144,Zehaan Agarwal,Male,Sales,Associate,31690,2024-05-10,Full-Time,Morning,emp002160@retailsphere.com,9506098306,Yes
EMP002161,ST0036,Chasmum Basu,Female,Inventory,Associate,26661,2019-10-10,Full-Time,Morning,emp002161@retailsphere.com,9597795806,Yes
EMP002162,ST0059,Zansi Uppal,Female,Inventory,Associate,30741,2020-03-27,Full-Time,Evening,emp002162@retailsphere.com,9427956306,Yes
EMP002163,ST0082,Chatresh Bhalla,Male,Billing,Manager,96369,2014-05-31,Full-Time,Morning,emp002163@retailsphere.com,9365152333,Yes
EMP002164,ST0108,Finn Gour,Male,Sales,Associate,26548,2024-10-27,Full-Time,Morning,emp002164@retailsphere.com,9857364151,Yes
EMP002165,ST0099,Abhiram Bhatt,Male,Inventory,Senior Associate,44453,2012-08-02,Part-Time,Evening,emp002165@retailsphere.com,9508539384,Yes
EMP002166,ST0121,Anusha Chada,Female,Customer Support,Senior Associate,41798,2017-11-27,Full-Time,Morning,emp002166@retailsphere.com,9485052898,Yes
EMP002167,ST0123,Ucchal Ram,Female,Sales,Supervisor,63181,2017-09-20,Full-Time,Morning,emp002167@retailsphere.com,9243080594,Yes
EMP002168,ST0179,Yashawini Dass,Female,Sales,Associate,31062,2021-11-01,Full-Time,Night,emp002168@retailsphere.com,9874755506,Yes
EMP002169,ST0109,Lajita Raju,Female,Sales,Senior Associate,42871,2025-07-06,Full-Time,Morning,emp002169@retailsphere.com,9317294906,Yes
EMP002170,ST0152,Rajata Mitter,Female,Sales,Supervisor,52519,2015-07-13,Full-Time,Morning,emp002170@retailsphere.com,9103384495,Yes
EMP002171,ST0177,Zinal Prasad,Female,Inventory,Associate,27707,2024-02-03,Full-Time,Night,emp002171@retailsphere.com,9579842148,Yes
EMP002172,ST0188,Yutika Mittal,Female,Inventory,Associate,31502,2017-02-10,Full-Time,Morning,emp002172@retailsphere.com,9692958226,Yes
EMP002173,ST0166,Raghav Narayan,Male,Sales,Associate,27254,2011-11-03,Part-Time,Night,emp002173@retailsphere.com,9581681031,No
EMP002174,ST0188,Avi Grewal,Male,Sales,Associate,29616,2015-07-22,Full-Time,Morning,emp002174@retailsphere.com,9113707629,Yes
EMP002175,ST0059,Vedika Desai,Female,Sales,Associate,25895,2015-11-07,Full-Time,Evening,emp002175@retailsphere.com,9519164083,Yes
EMP002176,ST0124,Diya Dey,Female,Sales,Associate,22503,2021-09-07,Full-Time,Evening,emp002176@retailsphere.com,9822961932,Yes
EMP002177,ST0117,Warinder Rattan,Male,Inventory,Associate,28165,2018-01-18,Full-Time,Morning,emp002177@retailsphere.com,9196979896,Yes
EMP002178,ST0089,Devika Nath,Female,Inventory,Associate,25038,2019-09-09,Full-Time,Evening,emp002178@retailsphere.com,9639622486,Yes
EMP002179,ST0076,Joshua Bahl,Male,HR,Associate,23437,2020-06-01,Full-Time,Morning,emp002179@retailsphere.com,9836846914,Yes
EMP002180,ST0163,Bhanumati Deep,Female,Sales,Associate,24818,2021-09-24,Full-Time,Morning,emp002180@retailsphere.com,9636577142,Yes
EMP002181,ST0067,Veer Misra,Male,Sales,Associate,30639,2018-10-12,Part-Time,Evening,emp002181@retailsphere.com,9124343105,Yes
EMP002182,ST0069,Rajata Srinivasan,Female,Inventory,Associate,23956,2013-12-16,Contract,Evening,emp002182@retailsphere.com,9406145537,Yes
EMP002183,ST0091,Nathaniel Bhargava,Male,Security,Associate,28242,2025-03-17,Full-Time,Morning,emp002183@retailsphere.com,9786218592,Yes
EMP002184,ST0131,Dalbir Grover,Male,Security,Supervisor,58337,2014-12-13,Full-Time,Morning,emp002184@retailsphere.com,9615411856,Yes
EMP002185,ST0107,Yatan Dalal,Male,Sales,Associate,29444,2020-05-11,Full-Time,Morning,emp002185@retailsphere.com,9950388121,Yes
EMP002186,ST0175,Ekalinga Comar,Male,Inventory,Senior Associate,32863,2022-10-15,Full-Time,Morning,emp002186@retailsphere.com,9567858076,Yes
EMP002187,ST0151,Nakul Ganesan,Male,Inventory,Associate,24537,2013-11-27,Full-Time,Morning,emp002187@retailsphere.com,9182388687,Yes
EMP002188,ST0003,Vrinda Gulati,Female,Customer Support,Associate,25961,2012-01-24,Part-Time,Morning,emp002188@retailsphere.com,9803894377,Yes
EMP002189,ST0141,Agastya Choudhury,Male,Inventory,Associate,26986,2019-09-05,Full-Time,Night,emp002189@retailsphere.com,9105237119,Yes
EMP002190,ST0004,Sneha Palla,Female,Sales,Associate,26482,2017-07-26,Full-Time,Evening,emp002190@retailsphere.com,9305279140,Yes
EMP002191,ST0191,Yashasvi Kaul,Female,Inventory,Associate,26265,2019-03-11,Part-Time,Morning,emp002191@retailsphere.com,9560038617,Yes
EMP002192,ST0071,Samaksh Murty,Male,HR,Associate,31169,2024-01-29,Full-Time,Evening,emp002192@retailsphere.com,9997134183,Yes
EMP002193,ST0133,Aarav Vohra,Male,Sales,Assistant Manager,88831,2019-04-17,Full-Time,Night,emp002193@retailsphere.com,9172177012,Yes
EMP002194,ST0125,Abha Bajaj,Female,Sales,Senior Associate,32981,2014-06-26,Full-Time,Morning,emp002194@retailsphere.com,9212339038,Yes
EMP002195,ST0089,Mitali Rout,Female,Inventory,Associate,24913,2022-10-24,Full-Time,Night,emp002195@retailsphere.com,9896596249,Yes
EMP002196,ST0152,Mahika Wason,Female,Customer Support,Associate,24374,2020-03-28,Full-Time,Evening,emp002196@retailsphere.com,9861612312,Yes
EMP002197,ST0123,Rudra Zachariah,Male,Customer Support,Associate,26487,2013-06-07,Full-Time,Morning,emp002197@retailsphere.com,9397769607,Yes
EMP002198,ST0160,Harshil Lal,Male,Billing,Associate,23983,2019-01-22,Full-Time,Morning,emp002198@retailsphere.com,9878898955,Yes
EMP002199,ST0061,Pooja Singh,Female,HR,Supervisor,61343,2020-03-22,Part-Time,Evening,emp002199@retailsphere.com,9354742457,Yes
EMP002200,ST0181,Baghyawati Sanghvi,Female,Billing,Associate,24599,2012-11-14,Full-Time,Morning,emp002200@retailsphere.com,9386771485,Yes
EMP002201,ST0069,Nidra Mitra,Female,Billing,Associate,23946,2021-11-02,Part-Time,Evening,emp002201@retailsphere.com,9199271072,Yes
EMP002202,ST0032,William Saraf,Male,Sales,Associate,29698,2018-03-12,Full-Time,Evening,emp002202@retailsphere.com,9119834935,Yes
EMP002203,ST0160,Darsh Shukla,Male,Sales,Associate,31248,2022-11-10,Full-Time,Morning,emp002203@retailsphere.com,9626476949,Yes
EMP002204,ST0084,Yug Varghese,Male,Sales,Associate,22320,2018-09-07,Full-Time,Night,emp002204@retailsphere.com,9764444494,Yes
EMP002205,ST0036,Raagini Nagy,Female,Sales,Supervisor,50599,2022-05-09,Contract,Evening,emp002205@retailsphere.com,9494636923,Yes
EMP002206,ST0190,Upadhriti Pant,Female,Sales,Associate,25813,2019-12-08,Full-Time,Evening,emp002206@retailsphere.com,9348090352,Yes
EMP002207,ST0090,Prisha Doctor,Female,HR,Assistant Manager,84514,2025-01-15,Full-Time,Morning,emp002207@retailsphere.com,9566956058,Yes
EMP002208,ST0198,Kritika Amble,Female,Customer Support,Assistant Manager,67442,2015-05-07,Contract,Evening,emp002208@retailsphere.com,9673880955,Yes
EMP002209,ST0101,Barkha Bandi,Female,Sales,Associate,27242,2017-06-16,Full-Time,Evening,emp002209@retailsphere.com,9686724227,Yes
EMP002210,ST0141,Advaith Rajan,Male,Customer Support,Associate,31404,2023-04-10,Full-Time,Night,emp002210@retailsphere.com,9713370497,Yes
EMP002211,ST0125,Anika Ahuja,Female,Sales,Associate,26197,2019-07-02,Full-Time,Morning,emp002211@retailsphere.com,9666260702,Yes
EMP002212,ST0023,Manan Mand,Male,Security,Associate,30376,2014-05-21,Part-Time,Night,emp002212@retailsphere.com,9762925188,Yes
EMP002213,ST0125,Lipika Raju,Female,Customer Support,Supervisor,54631,2011-08-07,Full-Time,Evening,emp002213@retailsphere.com,9103922478,Yes
EMP002214,ST0199,Chatura Golla,Male,Sales,Manager,97599,2022-08-27,Part-Time,Night,emp002214@retailsphere.com,9610765428,Yes
EMP002215,ST0055,Zaitra Rajagopal,Female,Billing,Senior Associate,32761,2024-11-15,Full-Time,Evening,emp002215@retailsphere.com,9756261664,Yes
EMP002216,ST0199,Ishaan Dalal,Male,Sales,Senior Associate,39176,2020-02-12,Part-Time,Evening,emp002216@retailsphere.com,9968135193,Yes
EMP002217,ST0182,Faris Bakshi,Male,Sales,Associate,26559,2020-05-27,Part-Time,Evening,emp002217@retailsphere.com,9247196669,Yes
EMP002218,ST0122,Anamika Kumer,Female,HR,Associate,24385,2022-07-21,Full-Time,Evening,emp002218@retailsphere.com,9773770404,Yes
EMP002219,ST0065,Jagat Subramanian,Male,Billing,Assistant Manager,71208,2022-06-27,Full-Time,Morning,emp002219@retailsphere.com,9557843963,Yes
EMP002220,ST0008,Gautam Ratta,Male,Billing,Supervisor,59730,2024-12-16,Part-Time,Morning,emp002220@retailsphere.com,9802952050,Yes
EMP002221,ST0161,Balendra Gara,Male,Security,Associate,25555,2024-06-24,Contract,Morning,emp002221@retailsphere.com,9412453155,Yes
EMP002222,ST0109,Quincy Apte,Male,Customer Support,Associate,23817,2026-01-10,Full-Time,Evening,emp002222@retailsphere.com,9905844838,Yes
EMP002223,ST0114,Jai Sandal,Male,Sales,Associate,24201,2015-07-11,Full-Time,Morning,emp002223@retailsphere.com,9356315357,Yes
EMP002224,ST0177,Bhavika Suri,Female,Security,Supervisor,49745,2023-04-26,Full-Time,Evening,emp002224@retailsphere.com,9911852490,Yes
EMP002225,ST0001,Veer Ghose,Male,Sales,Associate,26227,2012-11-06,Full-Time,Morning,emp002225@retailsphere.com,9506779371,Yes
EMP002226,ST0032,Kavya Nagi,Female,Inventory,Supervisor,64569,2016-01-02,Full-Time,Evening,emp002226@retailsphere.com,9293320307,Yes
EMP002227,ST0044,Jonathan Mishra,Male,Sales,Associate,26618,2012-12-06,Full-Time,Morning,emp002227@retailsphere.com,9917219354,Yes
EMP002228,ST0165,Jonathan Joshi,Male,Sales,Associate,27240,2012-06-18,Full-Time,Evening,emp002228@retailsphere.com,9578872592,Yes
EMP002229,ST0083,Harini Gopal,Female,Billing,Associate,28149,2024-12-19,Full-Time,Morning,emp002229@retailsphere.com,9526356750,Yes
EMP002230,ST0136,Shivani Som,Female,Sales,Associate,26024,2017-09-19,Full-Time,Evening,emp002230@retailsphere.com,9270173730,Yes
EMP002231,ST0137,Pushti Saini,Female,Sales,Assistant Manager,72867,2019-07-31,Full-Time,Evening,emp002231@retailsphere.com,9155364371,Yes
EMP002232,ST0145,Jagrati Munshi,Female,Inventory,Senior Associate,33772,2025-01-20,Full-Time,Evening,emp002232@retailsphere.com,9396358278,Yes
EMP002233,ST0012,Yahvi Pathak,Female,Sales,Associate,26748,2024-10-10,Full-Time,Morning,emp002233@retailsphere.com,9407964634,Yes
EMP002234,ST0127,Falak Bandi,Female,Sales,Associate,25918,2017-06-05,Part-Time,Night,emp002234@retailsphere.com,9182078370,Yes
EMP002235,ST0033,Meghana Dara,Female,Billing,Associate,31936,2023-06-04,Full-Time,Morning,emp002235@retailsphere.com,9540739789,Yes
EMP002236,ST0102,Lopa Parikh,Female,Customer Support,Supervisor,56173,2021-01-26,Full-Time,Evening,emp002236@retailsphere.com,9806810126,Yes
EMP002237,ST0127,Keya Karpe,Female,Sales,Associate,27088,2018-09-02,Contract,Evening,emp002237@retailsphere.com,9703804507,Yes
EMP002238,ST0084,Bhavya Ahluwalia,Female,Sales,Senior Associate,36647,2018-08-15,Full-Time,Morning,emp002238@retailsphere.com,9677528815,Yes
EMP002239,ST0123,Thomas Roy,Male,Security,Supervisor,63407,2016-01-24,Part-Time,Morning,emp002239@retailsphere.com,9566408286,Yes
EMP002240,ST0193,Kiaan Parmar,Male,Billing,Associate,23132,2014-12-22,Full-Time,Evening,emp002240@retailsphere.com,9101531976,Yes
EMP002241,ST0083,Turvi Salvi,Female,Billing,Senior Associate,34330,2019-08-28,Full-Time,Morning,emp002241@retailsphere.com,9328751663,Yes
EMP002242,ST0143,Advaith Kashyap,Male,Billing,Supervisor,48232,2016-02-10,Full-Time,Evening,emp002242@retailsphere.com,9838377516,Yes
EMP002243,ST0196,Vrinda Mahal,Female,Sales,Associate,29862,2018-01-18,Full-Time,Morning,emp002243@retailsphere.com,9600700526,Yes
EMP002244,ST0167,Jason Srinivas,Male,Customer Support,Senior Associate,42037,2016-01-26,Full-Time,Night,emp002244@retailsphere.com,9237608647,Yes
EMP002245,ST0129,Radha Gandhi,Female,Inventory,Associate,27588,2023-10-28,Full-Time,Evening,emp002245@retailsphere.com,9279930559,Yes
EMP002246,ST0043,Girik Dasgupta,Male,Customer Support,Associate,27446,2024-07-04,Full-Time,Evening,emp002246@retailsphere.com,9805560029,Yes
EMP002247,ST0127,Sarthak Loke,Male,Security,Assistant Manager,68704,2018-01-22,Full-Time,Evening,emp002247@retailsphere.com,9176091126,Yes
EMP002248,ST0104,Zinal Sen,Female,Sales,Associate,30803,2011-12-31,Full-Time,Morning,emp002248@retailsphere.com,9321107763,Yes
EMP002249,ST0180,Ikshita Narang,Female,Sales,Supervisor,56513,2017-11-18,Full-Time,Morning,emp002249@retailsphere.com,9836325895,Yes
EMP002250,ST0145,Onveer Gala,Male,Sales,Associate,26461,2020-01-18,Full-Time,Morning,emp002250@retailsphere.com,9260751272,Yes
EMP002251,ST0189,Ayushman Dhaliwal,Male,Security,Senior Associate,38125,2021-03-11,Full-Time,Morning,emp002251@retailsphere.com,9988100272,Yes
EMP002252,ST0022,Neelima Anne,Female,Inventory,Associate,24131,2014-08-01,Full-Time,Morning,emp002252@retailsphere.com,9363991567,Yes
EMP002253,ST0124,Panini Chauhan,Female,Sales,Senior Associate,36701,2016-06-27,Full-Time,Morning,emp002253@retailsphere.com,9473643321,Yes
EMP002254,ST0120,Meera Chaudhari,Female,Sales,Associate,31237,2018-07-20,Full-Time,Morning,emp002254@retailsphere.com,9818030717,Yes
EMP002255,ST0011,Faris Nazareth,Male,Sales,Associate,26194,2014-09-27,Full-Time,Evening,emp002255@retailsphere.com,9930687443,Yes
EMP002256,ST0092,Anvi Menon,Female,Security,Associate,25392,2021-04-15,Full-Time,Morning,emp002256@retailsphere.com,9999819708,Yes
EMP002257,ST0150,Upadhriti Cherian,Female,Sales,Senior Associate,36869,2013-03-22,Full-Time,Morning,emp002257@retailsphere.com,9989774053,Yes
EMP002258,ST0105,Yachana Kari,Female,Billing,Supervisor,60446,2015-10-10,Full-Time,Morning,emp002258@retailsphere.com,9455210091,Yes
EMP002259,ST0167,Omya Jani,Female,Sales,Associate,28224,2023-12-23,Full-Time,Evening,emp002259@retailsphere.com,9869351263,Yes
EMP002260,ST0011,Onveer Grewal,Male,Inventory,Senior Associate,42742,2012-09-09,Full-Time,Morning,emp002260@retailsphere.com,9211739071,Yes
EMP002261,ST0123,Krishna Hari,Male,Inventory,Associate,30102,2024-04-15,Full-Time,Morning,emp002261@retailsphere.com,9502755996,Yes
EMP002262,ST0132,Tejas Rege,Male,HR,Senior Associate,44114,2023-08-29,Full-Time,Night,emp002262@retailsphere.com,9748351470,Yes
EMP002263,ST0033,Charvi Korpal,Female,Security,Supervisor,63225,2014-02-24,Full-Time,Evening,emp002263@retailsphere.com,9163575221,Yes
EMP002264,ST0087,Siya Basu,Female,Sales,Associate,31654,2015-12-08,Full-Time,Morning,emp002264@retailsphere.com,9350027589,Yes
EMP002265,ST0079,Azaan Sathe,Male,Sales,Senior Associate,35762,2019-02-10,Full-Time,Morning,emp002265@retailsphere.com,9556513812,Yes
EMP002266,ST0018,Nidra Parekh,Female,Inventory,Associate,26901,2012-06-08,Full-Time,Night,emp002266@retailsphere.com,9683491501,Yes
EMP002267,ST0168,Meera Tara,Female,Billing,Assistant Manager,68733,2022-06-03,Full-Time,Evening,emp002267@retailsphere.com,9184515997,No
EMP002268,ST0035,Jai Karpe,Male,Sales,Assistant Manager,79419,2024-08-08,Full-Time,Morning,emp002268@retailsphere.com,9608116696,Yes
EMP002269,ST0180,Wriddhish Tripathi,Male,Security,Associate,28063,2018-05-12,Full-Time,Evening,emp002269@retailsphere.com,9237795363,Yes
EMP002270,ST0158,Champak Bali,Male,Security,Associate,26664,2013-10-10,Full-Time,Night,emp002270@retailsphere.com,9257010038,Yes
EMP002271,ST0094,Widisha Chander,Female,Sales,Senior Associate,36561,2016-03-13,Full-Time,Night,emp002271@retailsphere.com,9480291028,Yes
EMP002272,ST0191,Radha Barad,Female,Inventory,Associate,23507,2012-05-25,Full-Time,Morning,emp002272@retailsphere.com,9922469378,Yes
EMP002273,ST0091,Rayaan Bedi,Male,Sales,Associate,29339,2023-03-06,Full-Time,Morning,emp002273@retailsphere.com,9984903933,Yes
EMP002274,ST0039,Nakul Jhaveri,Male,Billing,Associate,24841,2014-11-17,Full-Time,Morning,emp002274@retailsphere.com,9538117159,Yes
EMP002275,ST0122,Tanveer Baria,Male,Sales,Associate,23367,2013-06-01,Full-Time,Morning,emp002275@retailsphere.com,9904650182,Yes
EMP002276,ST0064,Adya Hayer,Female,Sales,Associate,30987,2021-05-11,Full-Time,Morning,emp002276@retailsphere.com,9487230422,Yes
EMP002277,ST0041,Fitan Shetty,Male,Inventory,Associate,28287,2023-06-10,Full-Time,Evening,emp002277@retailsphere.com,9668991358,Yes
EMP002278,ST0070,Girindra Dave,Male,Billing,Supervisor,45976,2018-08-11,Full-Time,Morning,emp002278@retailsphere.com,9869512981,Yes
EMP002279,ST0072,Ekantika Lall,Female,Billing,Associate,22594,2020-02-11,Part-Time,Morning,emp002279@retailsphere.com,9825535538,Yes
EMP002280,ST0152,Unnati Golla,Female,Sales,Supervisor,49375,2012-05-12,Part-Time,Morning,emp002280@retailsphere.com,9150537818,Yes
EMP002281,ST0101,Wishi Tella,Female,Sales,Senior Associate,44588,2019-04-11,Full-Time,Evening,emp002281@retailsphere.com,9880401190,Yes
EMP002282,ST0176,Leena Raval,Female,Sales,Manager,115403,2026-03-10,Part-Time,Evening,emp002282@retailsphere.com,9395623711,Yes
EMP002283,ST0090,Gunbir Roy,Male,Customer Support,Associate,23157,2024-07-28,Full-Time,Morning,emp002283@retailsphere.com,9331067479,Yes
EMP002284,ST0037,Keya Bakshi,Female,Sales,Associate,27378,2014-01-30,Full-Time,Night,emp002284@retailsphere.com,9641769135,Yes
EMP002285,ST0036,Ansh Banerjee,Male,Inventory,Associate,27212,2018-05-01,Part-Time,Evening,emp002285@retailsphere.com,9470255214,Yes
EMP002286,ST0193,Sneha Swamy,Female,Customer Support,Assistant Manager,69595,2019-05-28,Full-Time,Evening,emp002286@retailsphere.com,9978859033,Yes
EMP002287,ST0118,Jai Tandon,Male,Sales,Associate,24235,2020-05-06,Full-Time,Night,emp002287@retailsphere.com,9424095780,No
EMP002288,ST0091,Devansh Kashyap,Male,Sales,Senior Associate,37703,2012-01-04,Full-Time,Evening,emp002288@retailsphere.com,9889171000,Yes
EMP002289,ST0020,Arjun Memon,Male,Inventory,Associate,22156,2019-02-11,Full-Time,Night,emp002289@retailsphere.com,9558490755,Yes
EMP002290,ST0044,Onveer Wason,Male,Sales,Assistant Manager,72739,2021-09-07,Full-Time,Morning,emp002290@retailsphere.com,9107077836,Yes
EMP002291,ST0144,Libni Barman,Female,Inventory,Associate,22096,2022-09-19,Full-Time,Evening,emp002291@retailsphere.com,9554514766,Yes
EMP002292,ST0124,Hitesh Aurora,Male,Inventory,Senior Associate,36836,2013-09-24,Full-Time,Morning,emp002292@retailsphere.com,9227922315,Yes
EMP002293,ST0098,Chandani Bail,Female,Customer Support,Associate,22976,2024-11-09,Full-Time,Morning,emp002293@retailsphere.com,9654227326,Yes
EMP002294,ST0050,Faras Sastry,Male,Customer Support,Associate,23146,2023-10-11,Full-Time,Morning,emp002294@retailsphere.com,9937056037,Yes
EMP002295,ST0149,Chaman Kamdar,Female,Sales,Associate,22101,2012-01-07,Full-Time,Evening,emp002295@retailsphere.com,9546779133,Yes
EMP002296,ST0088,William Rastogi,Male,Sales,Associate,22569,2024-02-17,Full-Time,Night,emp002296@retailsphere.com,9865425155,Yes
EMP002297,ST0072,Aayush Kala,Male,Security,Associate,22232,2012-12-09,Full-Time,Morning,emp002297@retailsphere.com,9624954280,Yes
EMP002298,ST0008,Nathaniel Dass,Male,Security,Associate,25502,2026-07-06,Full-Time,Morning,emp002298@retailsphere.com,9958393626,Yes
EMP002299,ST0029,Ubika More,Female,Security,Associate,22051,2024-08-14,Full-Time,Evening,emp002299@retailsphere.com,9744488120,Yes
EMP002300,ST0057,Pooja Varghese,Female,Security,Supervisor,54195,2023-12-03,Full-Time,Morning,emp002300@retailsphere.com,9620267182,Yes
EMP002301,ST0099,Edhitha Anne,Female,Billing,Assistant Manager,69700,2021-06-06,Full-Time,Night,emp002301@retailsphere.com,9302166790,Yes
EMP002302,ST0026,Nihal Oza,Male,Sales,Associate,23240,2026-04-24,Full-Time,Night,emp002302@retailsphere.com,9837681706,Yes
EMP002303,ST0008,Elijah Sathe,Male,Sales,Associate,26567,2014-07-27,Full-Time,Evening,emp002303@retailsphere.com,9871350223,Yes
EMP002304,ST0141,Aashi Chaudhari,Female,Customer Support,Associate,23053,2012-03-30,Full-Time,Evening,emp002304@retailsphere.com,9241461697,Yes
EMP002305,ST0157,Vinaya Sant,Female,Billing,Associate,24368,2026-07-06,Part-Time,Evening,emp002305@retailsphere.com,9251535615,Yes
EMP002306,ST0149,Wriddhish Kale,Male,Billing,Senior Associate,37957,2020-01-19,Full-Time,Morning,emp002306@retailsphere.com,9852748874,Yes
EMP002307,ST0057,Fiyaz Grewal,Male,Sales,Associate,28718,2012-07-31,Full-Time,Evening,emp002307@retailsphere.com,9108425890,Yes
EMP002308,ST0198,Rachit Nair,Male,Sales,Associate,24200,2021-01-08,Part-Time,Evening,emp002308@retailsphere.com,9637803325,Yes
EMP002309,ST0004,Kritika Raghavan,Female,HR,Associate,30152,2018-05-09,Part-Time,Evening,emp002309@retailsphere.com,9718094369,Yes
EMP002310,ST0018,Sachi Chowdhury,Female,Inventory,Senior Associate,39499,2023-08-21,Full-Time,Morning,emp002310@retailsphere.com,9243885794,Yes
EMP002311,ST0156,Imaran Vohra,Male,Sales,Supervisor,56389,2018-12-03,Full-Time,Evening,emp002311@retailsphere.com,9354271582,Yes
EMP002312,ST0049,Jagrati Choudhary,Female,Sales,Supervisor,63438,2023-12-28,Contract,Evening,emp002312@retailsphere.com,9237079812,Yes
EMP002313,ST0002,Vidhi Sundaram,Female,Sales,Associate,23197,2023-08-15,Full-Time,Morning,emp002313@retailsphere.com,9116893811,Yes
EMP002314,ST0022,Isaac Wali,Male,Inventory,Assistant Manager,86495,2022-09-20,Full-Time,Morning,emp002314@retailsphere.com,9174613068,Yes
EMP002315,ST0097,Hitesh Chaudhari,Male,Inventory,Associate,29873,2011-08-01,Full-Time,Morning,emp002315@retailsphere.com,9470411156,Yes
EMP002316,ST0091,Viraj Swamy,Male,Sales,Associate,23968,2018-10-01,Full-Time,Morning,emp002316@retailsphere.com,9843237872,Yes
EMP002317,ST0129,Nitesh D’Alia,Male,Sales,Associate,28525,2024-02-26,Full-Time,Evening,emp002317@retailsphere.com,9636445007,Yes
EMP002318,ST0163,Anya Ramaswamy,Female,Billing,Associate,30871,2021-12-26,Full-Time,Evening,emp002318@retailsphere.com,9193294370,Yes
EMP002319,ST0162,Dalaja Pingle,Female,Customer Support,Associate,22042,2014-01-21,Part-Time,Evening,emp002319@retailsphere.com,9774440814,Yes
EMP002320,ST0171,Idika Tandon,Female,Sales,Associate,29653,2022-06-13,Full-Time,Morning,emp002320@retailsphere.com,9181936900,Yes
EMP002321,ST0173,Megha Swaminathan,Female,Billing,Associate,27750,2024-03-22,Full-Time,Night,emp002321@retailsphere.com,9357213134,Yes
EMP002322,ST0200,Suhani Rajagopal,Female,Sales,Associate,24840,2016-03-08,Full-Time,Evening,emp002322@retailsphere.com,9283452706,Yes
EMP002323,ST0077,Irya Nagarajan,Female,Sales,Senior Associate,35846,2020-05-27,Full-Time,Morning,emp002323@retailsphere.com,9285865552,Yes
EMP002324,ST0042,Nihal Vyas,Male,Billing,Senior Associate,37431,2022-07-23,Full-Time,Evening,emp002324@retailsphere.com,9712500874,Yes
EMP002325,ST0055,Abeer Oak,Male,Customer Support,Associate,24640,2020-10-07,Part-Time,Morning,emp002325@retailsphere.com,9724888911,Yes
EMP002326,ST0172,Siddharth Chaudhuri,Male,Sales,Associate,22964,2023-10-10,Full-Time,Morning,emp002326@retailsphere.com,9907328203,Yes
EMP002327,ST0046,Arjun Tank,Male,Inventory,Associate,22600,2024-03-31,Full-Time,Evening,emp002327@retailsphere.com,9206888097,Yes
EMP002328,ST0064,Logan Malhotra,Male,Billing,Associate,22850,2013-12-23,Full-Time,Morning,emp002328@retailsphere.com,9678226500,Yes
EMP002329,ST0145,Rachit Bora,Male,Sales,Associate,24809,2015-08-22,Full-Time,Night,emp002329@retailsphere.com,9546944771,Yes
EMP002330,ST0069,Girik Bedi,Male,Sales,Associate,30341,2026-01-31,Full-Time,Morning,emp002330@retailsphere.com,9461165121,Yes
EMP002331,ST0025,Ishaan Karnik,Male,Customer Support,Assistant Manager,78199,2014-10-09,Full-Time,Evening,emp002331@retailsphere.com,9520395717,Yes
EMP002332,ST0177,Aashi Ramanathan,Female,Inventory,Associate,26726,2024-10-11,Full-Time,Evening,emp002332@retailsphere.com,9234669042,Yes
EMP002333,ST0093,Aryan Sheth,Male,Sales,Associate,22449,2017-05-19,Full-Time,Evening,emp002333@retailsphere.com,9315849394,Yes
EMP002334,ST0152,Ekaja Rau,Female,Customer Support,Supervisor,49348,2018-09-06,Full-Time,Evening,emp002334@retailsphere.com,9979382661,Yes
EMP002335,ST0109,Eshana Nagy,Female,Security,Associate,22070,2021-01-06,Full-Time,Evening,emp002335@retailsphere.com,9396947489,Yes
EMP002336,ST0143,Om Goyal,Male,Billing,Supervisor,50695,2024-08-14,Full-Time,Morning,emp002336@retailsphere.com,9514769141,Yes
EMP002337,ST0058,Abdul Goyal,Male,Sales,Supervisor,48117,2025-11-18,Full-Time,Evening,emp002337@retailsphere.com,9472613425,Yes
EMP002338,ST0073,Jeevika Sem,Female,Inventory,Supervisor,64336,2017-04-19,Full-Time,Evening,emp002338@retailsphere.com,9570432514,Yes
EMP002339,ST0151,Radha Rege,Female,Sales,Associate,25696,2022-07-23,Full-Time,Night,emp002339@retailsphere.com,9803992475,Yes
EMP002340,ST0028,Vedika Warrior,Female,HR,Associate,31165,2020-08-20,Full-Time,Morning,emp002340@retailsphere.com,9732723902,Yes
EMP002341,ST0066,Indira Kumer,Female,Sales,Senior Associate,40379,2022-12-06,Full-Time,Morning,emp002341@retailsphere.com,9349580500,Yes
EMP002342,ST0142,Kamala Anand,Female,Billing,Senior Associate,32010,2014-01-23,Full-Time,Evening,emp002342@retailsphere.com,9465506487,Yes
EMP002343,ST0058,Lekha Pillay,Female,Security,Senior Associate,35810,2024-03-21,Full-Time,Morning,emp002343@retailsphere.com,9880085545,Yes
EMP002344,ST0065,Geetika Khatri,Female,Sales,Senior Associate,41487,2024-11-03,Full-Time,Evening,emp002344@retailsphere.com,9746155452,Yes
EMP002345,ST0140,Ishita Kalita,Female,Sales,Associate,30937,2014-08-25,Full-Time,Evening,emp002345@retailsphere.com,9400852653,Yes
EMP002346,ST0003,Nachiket Grewal,Male,Billing,Associate,28298,2011-11-28,Full-Time,Evening,emp002346@retailsphere.com,9197066937,Yes
EMP002347,ST0108,Vrishti Chawla,Female,Billing,Senior Associate,35180,2024-02-13,Part-Time,Evening,emp002347@retailsphere.com,9277367148,Yes
EMP002348,ST0065,Pranav Minhas,Male,Sales,Associate,31547,2020-10-07,Full-Time,Evening,emp002348@retailsphere.com,9973495755,Yes
EMP002349,ST0100,Yashawini Kurian,Female,Sales,Associate,30587,2018-12-28,Full-Time,Morning,emp002349@retailsphere.com,9358996944,Yes
EMP002350,ST0080,Osha Banik,Female,Sales,Associate,22990,2026-06-04,Full-Time,Evening,emp002350@retailsphere.com,9240056032,Yes
EMP002351,ST0153,Tanveer Dugar,Male,Billing,Associate,22423,2020-04-01,Full-Time,Evening,emp002351@retailsphere.com,9866560383,No
EMP002352,ST0158,Zansi Chandran,Female,Sales,Supervisor,47366,2015-03-30,Full-Time,Evening,emp002352@retailsphere.com,9845303380,Yes
EMP002353,ST0018,Indali Tara,Female,Sales,Supervisor,57595,2019-12-02,Full-Time,Evening,emp002353@retailsphere.com,9107193977,Yes
EMP002354,ST0085,Bhavna Rao,Female,Security,Associate,23293,2012-09-23,Full-Time,Night,emp002354@retailsphere.com,9865774464,Yes
EMP002355,ST0184,Divya Sengupta,Female,Sales,Associate,28438,2016-04-19,Full-Time,Night,emp002355@retailsphere.com,9164059478,Yes
EMP002356,ST0040,Samar Garde,Male,Billing,Associate,30989,2013-04-07,Full-Time,Night,emp002356@retailsphere.com,9147923240,Yes
EMP002357,ST0173,Janya Kata,Female,Inventory,Associate,25172,2021-06-03,Full-Time,Evening,emp002357@retailsphere.com,9385121019,Yes
EMP002358,ST0056,Umang Doshi,Male,Sales,Senior Associate,44426,2014-01-25,Part-Time,Morning,emp002358@retailsphere.com,9771358446,Yes
EMP002359,ST0145,Naveen Deep,Male,Sales,Supervisor,51663,2019-02-17,Full-Time,Evening,emp002359@retailsphere.com,9798065486,Yes
EMP002360,ST0194,Girish Bhatnagar,Male,Sales,Associate,30390,2014-09-10,Full-Time,Evening,emp002360@retailsphere.com,9325305167,Yes
EMP002361,ST0185,Aradhana Bassi,Female,Security,Associate,22026,2025-12-29,Full-Time,Morning,emp002361@retailsphere.com,9320855593,Yes
EMP002362,ST0022,Jhalak Subramaniam,Female,Billing,Supervisor,54260,2022-09-07,Full-Time,Morning,emp002362@retailsphere.com,9260978712,Yes
EMP002363,ST0141,Agastya Uppal,Male,Security,Associate,30647,2013-08-25,Full-Time,Morning,emp002363@retailsphere.com,9710422143,Yes
EMP002364,ST0106,Dalbir Apte,Male,Billing,Senior Associate,32658,2019-12-27,Full-Time,Night,emp002364@retailsphere.com,9617544931,No
EMP002365,ST0033,Warinder Goswami,Male,Sales,Associate,30547,2025-06-17,Full-Time,Morning,emp002365@retailsphere.com,9588119747,Yes
EMP002366,ST0109,Aishani Bal,Female,Billing,Senior Associate,44247,2023-03-14,Full-Time,Morning,emp002366@retailsphere.com,9525587954,Yes
EMP002367,ST0015,Brijesh Kurian,Male,Inventory,Associate,29066,2013-08-11,Full-Time,Morning,emp002367@retailsphere.com,9912218698,No
EMP002368,ST0079,Yagnesh Gandhi,Male,Security,Senior Associate,36774,2017-12-01,Full-Time,Night,emp002368@retailsphere.com,9149267903,Yes
EMP002369,ST0036,Jagdish Toor,Male,Sales,Associate,23369,2026-06-18,Part-Time,Evening,emp002369@retailsphere.com,9423879885,Yes
EMP002370,ST0038,Sachi Nazareth,Female,Billing,Associate,27750,2023-02-08,Full-Time,Night,emp002370@retailsphere.com,9328405407,Yes
EMP002371,ST0109,Xavier Dalal,Male,Inventory,Supervisor,63516,2024-07-25,Part-Time,Morning,emp002371@retailsphere.com,9935664624,Yes
EMP002372,ST0065,Chakradev Sawhney,Male,Billing,Senior Associate,39753,2017-07-04,Full-Time,Evening,emp002372@retailsphere.com,9980592599,Yes
EMP002373,ST0069,Falguni Kothari,Female,Billing,Supervisor,54957,2021-03-28,Full-Time,Evening,emp002373@retailsphere.com,9718402026,Yes
EMP002374,ST0007,Anirudh Modi,Male,Customer Support,Supervisor,46327,2018-09-25,Full-Time,Evening,emp002374@retailsphere.com,9110030289,Yes
EMP002375,ST0099,Tanmayi Maharaj,Female,HR,Associate,23137,2025-06-10,Full-Time,Morning,emp002375@retailsphere.com,9887964574,Yes
EMP002376,ST0121,Hemangini Mani,Female,Sales,Associate,23810,2023-03-04,Full-Time,Night,emp002376@retailsphere.com,9766351085,Yes
EMP002377,ST0185,Aashi Dass,Female,Billing,Associate,28967,2023-02-05,Full-Time,Morning,emp002377@retailsphere.com,9218867012,Yes
EMP002378,ST0122,Neha Dayal,Female,Billing,Assistant Manager,85996,2011-10-26,Full-Time,Morning,emp002378@retailsphere.com,9125516450,Yes
EMP002379,ST0195,Tara Ganguly,Female,Sales,Assistant Manager,73296,2022-12-14,Full-Time,Night,emp002379@retailsphere.com,9506601297,Yes
EMP002380,ST0096,Madhav Gaba,Male,Inventory,Associate,29929,2016-08-17,Full-Time,Evening,emp002380@retailsphere.com,9879858832,Yes
EMP002381,ST0055,Rudra Wadhwa,Male,Sales,Associate,31604,2023-02-14,Full-Time,Night,emp002381@retailsphere.com,9878586014,Yes
EMP002382,ST0115,Amara Venkatesh,Female,Sales,Associate,29301,2014-02-03,Full-Time,Evening,emp002382@retailsphere.com,9541874891,Yes
EMP002383,ST0034,Oeshi Chaudhry,Female,Billing,Manager,104180,2021-10-17,Full-Time,Evening,emp002383@retailsphere.com,9450005968,Yes
EMP002384,ST0195,Omaja Khosla,Female,Billing,Associate,24782,2019-07-20,Full-Time,Night,emp002384@retailsphere.com,9654252460,Yes
EMP002385,ST0032,Maanav Ahluwalia,Male,Inventory,Supervisor,61514,2022-04-05,Full-Time,Morning,emp002385@retailsphere.com,9633163325,Yes
EMP002386,ST0025,Leela Gaba,Female,Security,Associate,29119,2015-06-02,Full-Time,Evening,emp002386@retailsphere.com,9174808076,Yes
EMP002387,ST0027,Michael Salvi,Male,Sales,Associate,27946,2015-05-04,Full-Time,Night,emp002387@retailsphere.com,9537118167,Yes
EMP002388,ST0068,Omya Kale,Female,Customer Support,Associate,23073,2022-05-01,Full-Time,Morning,emp002388@retailsphere.com,9171419096,Yes
EMP002389,ST0122,Jai Varkey,Male,Sales,Senior Associate,37300,2011-11-16,Full-Time,Morning,emp002389@retailsphere.com,9578683609,Yes
EMP002390,ST0026,Bhavini Saran,Female,Security,Senior Associate,35933,2012-12-10,Full-Time,Morning,emp002390@retailsphere.com,9660319362,Yes
EMP002391,ST0071,Baghyawati Prabhakar,Female,Billing,Associate,27507,2020-12-22,Full-Time,Morning,emp002391@retailsphere.com,9523998349,Yes
EMP002392,ST0023,Ekaraj Deshmukh,Male,Security,Associate,24641,2012-02-11,Full-Time,Evening,emp002392@retailsphere.com,9481696096,Yes
EMP002393,ST0134,Chaitanya Lalla,Male,Sales,Associate,28114,2015-06-02,Part-Time,Evening,emp002393@retailsphere.com,9357773586,Yes
EMP002394,ST0004,Osha Sengupta,Female,Sales,Associate,29113,2022-01-29,Full-Time,Morning,emp002394@retailsphere.com,9250286136,Yes
EMP002395,ST0148,Panini Sama,Female,Inventory,Supervisor,54469,2020-08-23,Full-Time,Evening,emp002395@retailsphere.com,9385262577,Yes
EMP002396,ST0069,Ekansh Gokhale,Male,Security,Supervisor,48462,2020-06-27,Full-Time,Evening,emp002396@retailsphere.com,9207285453,Yes
EMP002397,ST0064,Praneel Bava,Male,Sales,Senior Associate,40045,2015-06-16,Full-Time,Evening,emp002397@retailsphere.com,9208038807,Yes
EMP002398,ST0139,Laksh Dar,Male,Sales,Supervisor,46940,2022-09-24,Full-Time,Night,emp002398@retailsphere.com,9620850141,Yes
EMP002399,ST0137,Kashish Chowdhury,Female,Inventory,Associate,25572,2022-02-01,Part-Time,Evening,emp002399@retailsphere.com,9742614626,Yes
EMP002400,ST0057,Warhi Nanda,Female,Sales,Associate,29416,2015-03-29,Full-Time,Morning,emp002400@retailsphere.com,9132921465,Yes
EMP002401,ST0084,Vaishnavi Jha,Female,Security,Associate,23067,2022-06-03,Full-Time,Evening,emp002401@retailsphere.com,9313892912,Yes
EMP002402,ST0133,Jeet Sahota,Male,Inventory,Supervisor,48939,2014-10-07,Full-Time,Morning,emp002402@retailsphere.com,9227111134,Yes
EMP002403,ST0045,Kashish Zacharia,Female,Sales,Associate,26716,2022-07-18,Full-Time,Evening,emp002403@retailsphere.com,9651191926,Yes
EMP002404,ST0079,Lakshit Palan,Male,Sales,Associate,23562,2019-04-02,Full-Time,Evening,emp002404@retailsphere.com,9683143289,Yes
EMP002405,ST0185,Agastya Palla,Male,Sales,Manager,101295,2021-01-23,Part-Time,Evening,emp002405@retailsphere.com,9665173578,Yes
EMP002406,ST0088,Leela Ravel,Female,Billing,Senior Associate,41561,2022-10-10,Full-Time,Morning,emp002406@retailsphere.com,9591340149,Yes
EMP002407,ST0130,Ayaan Nanda,Male,Sales,Associate,24544,2022-01-23,Full-Time,Evening,emp002407@retailsphere.com,9761118610,Yes
EMP002408,ST0049,Thomas Bhardwaj,Male,Customer Support,Supervisor,50201,2019-08-20,Contract,Evening,emp002408@retailsphere.com,9867978359,Yes
EMP002409,ST0160,Sarthak Tella,Male,Billing,Associate,26156,2012-01-11,Full-Time,Morning,emp002409@retailsphere.com,9852388875,Yes
EMP002410,ST0161,Noah Golla,Male,Customer Support,Associate,31493,2018-03-25,Full-Time,Morning,emp002410@retailsphere.com,9203497640,Yes
EMP002411,ST0024,Yashasvi Bedi,Female,Inventory,Senior Associate,40749,2013-11-29,Full-Time,Morning,emp002411@retailsphere.com,9637979293,Yes
EMP002412,ST0125,Netra Khanna,Female,Sales,Supervisor,58646,2012-03-18,Full-Time,Evening,emp002412@retailsphere.com,9702143121,Yes
EMP002413,ST0148,Vyanjana Parsa,Female,Billing,Associate,24545,2012-06-05,Full-Time,Night,emp002413@retailsphere.com,9936735574,Yes
EMP002414,ST0195,Tamanna Mahal,Female,Security,Associate,22569,2018-02-05,Full-Time,Evening,emp002414@retailsphere.com,9220064912,Yes
EMP002415,ST0001,Chameli Mahajan,Female,Inventory,Associate,27235,2015-02-25,Part-Time,Evening,emp002415@retailsphere.com,9958097222,Yes
EMP002416,ST0184,Bimala Sahota,Female,Sales,Senior Associate,39480,2023-03-03,Full-Time,Morning,emp002416@retailsphere.com,9614704114,Yes
EMP002417,ST0070,Ronith Gera,Male,Sales,Associate,31209,2013-06-22,Full-Time,Morning,emp002417@retailsphere.com,9188089727,Yes
EMP002418,ST0062,Abhiram Goda,Male,Security,Associate,27026,2025-01-20,Contract,Morning,emp002418@retailsphere.com,9878337194,Yes
EMP002419,ST0090,Yagnesh Ratti,Male,Sales,Associate,30509,2020-03-08,Full-Time,Morning,emp002419@retailsphere.com,9796304908,Yes
EMP002420,ST0087,Edhitha Tripathi,Female,Billing,Supervisor,53816,2012-02-27,Part-Time,Night,emp002420@retailsphere.com,9778102895,Yes
EMP002421,ST0040,Edhitha Thakkar,Female,Sales,Associate,26251,2018-07-23,Full-Time,Night,emp002421@retailsphere.com,9853910726,Yes
EMP002422,ST0152,Nakul More,Male,Billing,Associate,27058,2015-09-14,Full-Time,Night,emp002422@retailsphere.com,9731367567,Yes
EMP002423,ST0178,Fariq Narula,Male,Sales,Associate,25319,2023-06-17,Full-Time,Evening,emp002423@retailsphere.com,9872029294,Yes
EMP002424,ST0114,Bhavika Kumar,Female,Billing,Senior Associate,35302,2015-08-14,Full-Time,Evening,emp002424@retailsphere.com,9216271033,Yes
EMP002425,ST0192,Charan Sachdev,Male,Security,Associate,28913,2022-04-26,Full-Time,Morning,emp002425@retailsphere.com,9913630890,Yes
EMP002426,ST0191,Ishwar Parikh,Male,Sales,Associate,29026,2016-02-23,Full-Time,Morning,emp002426@retailsphere.com,9870853930,Yes
EMP002427,ST0171,Arin Thaman,Male,Billing,Associate,29668,2020-02-27,Part-Time,Morning,emp002427@retailsphere.com,9802218954,Yes
EMP002428,ST0027,Anika Sankar,Female,Sales,Associate,25934,2025-07-18,Full-Time,Morning,emp002428@retailsphere.com,9253651953,Yes
EMP002429,ST0091,Hemangini Rai,Female,Billing,Senior Associate,42439,2021-05-19,Full-Time,Evening,emp002429@retailsphere.com,9831261169,Yes
EMP002430,ST0094,Hredhaan Bora,Male,Sales,Associate,31955,2018-07-30,Full-Time,Evening,emp002430@retailsphere.com,9997841780,Yes
EMP002431,ST0071,Damini Swaminathan,Female,Customer Support,Associate,24739,2020-08-13,Full-Time,Morning,emp002431@retailsphere.com,9544216828,Yes
EMP002432,ST0153,Lakshit Goyal,Male,Security,Senior Associate,41461,2021-01-01,Full-Time,Evening,emp002432@retailsphere.com,9139241167,Yes
EMP002433,ST0140,Neel Rajagopal,Male,Billing,Associate,28136,2019-05-06,Full-Time,Night,emp002433@retailsphere.com,9574810396,Yes
EMP002434,ST0177,Onkar Chahal,Male,Billing,Associate,27590,2014-05-03,Full-Time,Morning,emp002434@retailsphere.com,9187963790,Yes
EMP002435,ST0135,Vasatika Sachdeva,Female,Billing,Associate,27773,2017-04-26,Full-Time,Evening,emp002435@retailsphere.com,9177729299,Yes
EMP002436,ST0048,Fiyaz Devi,Male,Sales,Associate,24823,2016-01-14,Part-Time,Morning,emp002436@retailsphere.com,9387340535,Yes
EMP002437,ST0079,Aradhana Raj,Female,Sales,Senior Associate,41728,2018-07-13,Full-Time,Night,emp002437@retailsphere.com,9268102568,Yes
EMP002438,ST0136,Aadi Chowdhury,Male,Inventory,Associate,29167,2015-10-05,Full-Time,Evening,emp002438@retailsphere.com,9476910043,Yes
EMP002439,ST0003,Avi Maharaj,Male,Sales,Associate,30499,2024-05-12,Full-Time,Evening,emp002439@retailsphere.com,9240502129,Yes
EMP002440,ST0014,Tripti Devi,Female,Security,Associate,29192,2016-04-23,Part-Time,Evening,emp002440@retailsphere.com,9792967238,Yes
EMP002441,ST0043,Robert Bajwa,Male,Billing,Associate,28938,2026-05-28,Full-Time,Morning,emp002441@retailsphere.com,9740723472,Yes
EMP002442,ST0046,Nitesh Nigam,Male,Billing,Senior Associate,43885,2019-08-30,Part-Time,Evening,emp002442@retailsphere.com,9957476928,Yes
EMP002443,ST0126,Orinder Nori,Male,Sales,Senior Associate,42095,2019-01-14,Full-Time,Night,emp002443@retailsphere.com,9178676926,Yes
EMP002444,ST0199,Samesh Grewal,Male,Billing,Senior Associate,43901,2026-07-03,Full-Time,Morning,emp002444@retailsphere.com,9934575491,Yes
EMP002445,ST0197,Arya Palla,Female,HR,Senior Associate,43124,2019-09-21,Part-Time,Night,emp002445@retailsphere.com,9190607773,Yes
EMP002446,ST0149,Amara Pau,Female,Billing,Senior Associate,39595,2024-04-14,Full-Time,Morning,emp002446@retailsphere.com,9903152135,Yes
EMP002447,ST0055,Upadhriti Sem,Female,Inventory,Supervisor,63919,2015-06-20,Full-Time,Morning,emp002447@retailsphere.com,9590649358,Yes
EMP002448,ST0049,Jatin Mammen,Male,Inventory,Supervisor,54609,2021-01-02,Full-Time,Evening,emp002448@retailsphere.com,9437006064,Yes
EMP002449,ST0075,Vamakshi Gola,Female,Sales,Associate,27468,2013-04-04,Full-Time,Morning,emp002449@retailsphere.com,9335689929,Yes
EMP002450,ST0064,Wridesh Khare,Male,Security,Associate,29660,2014-10-09,Full-Time,Evening,emp002450@retailsphere.com,9265450201,Yes
EMP002451,ST0150,Anya Tripathi,Female,Sales,Senior Associate,38494,2023-05-18,Full-Time,Evening,emp002451@retailsphere.com,9870039907,Yes
EMP002452,ST0167,Jatin Dugar,Male,Security,Associate,31109,2015-04-30,Full-Time,Evening,emp002452@retailsphere.com,9172103248,Yes
EMP002453,ST0002,Falan Singhal,Male,Security,Associate,24877,2013-05-25,Full-Time,Morning,emp002453@retailsphere.com,9596539043,Yes
EMP002454,ST0166,Veer Kade,Male,Sales,Associate,27843,2013-12-20,Part-Time,Evening,emp002454@retailsphere.com,9591335419,Yes
EMP002455,ST0084,Mahika Banik,Female,Customer Support,Associate,22206,2013-03-30,Full-Time,Evening,emp002455@retailsphere.com,9200787291,Yes
EMP002456,ST0006,Leela Dave,Female,Inventory,Associate,22134,2014-11-08,Full-Time,Morning,emp002456@retailsphere.com,9262138519,Yes
EMP002457,ST0179,Anvi Kala,Female,Sales,Associate,30902,2016-04-19,Full-Time,Morning,emp002457@retailsphere.com,9256924959,Yes
EMP002458,ST0199,Ayushman Patil,Male,Customer Support,Associate,25315,2018-07-14,Part-Time,Evening,emp002458@retailsphere.com,9782354186,Yes
EMP002459,ST0131,Rehaan Muni,Male,Security,Associate,23751,2020-05-08,Full-Time,Morning,emp002459@retailsphere.com,9900108830,Yes
EMP002460,ST0084,Osha Oza,Female,Inventory,Associate,30459,2013-05-26,Full-Time,Evening,emp002460@retailsphere.com,9298139016,Yes
EMP002461,ST0145,Bhanumati Batta,Female,Sales,Associate,29929,2016-11-05,Full-Time,Morning,emp002461@retailsphere.com,9858285529,Yes
EMP002462,ST0183,Banjeet Raghavan,Male,Security,Associate,29932,2019-12-08,Full-Time,Morning,emp002462@retailsphere.com,9596571427,Yes
EMP002463,ST0157,Wyatt Narasimhan,Male,Security,Associate,29703,2022-10-17,Full-Time,Morning,emp002463@retailsphere.com,9738018445,Yes
EMP002464,ST0046,Frado Rau,Male,Sales,Associate,29269,2019-11-19,Part-Time,Evening,emp002464@retailsphere.com,9811629114,Yes
EMP002465,ST0053,Girik Kar,Male,Inventory,Associate,24099,2012-02-19,Full-Time,Night,emp002465@retailsphere.com,9995128628,Yes
EMP002466,ST0030,Ijaya Tandon,Female,Sales,Supervisor,52905,2013-07-27,Full-Time,Evening,emp002466@retailsphere.com,9820414097,Yes
EMP002467,ST0059,Mitali Sinha,Female,Security,Senior Associate,36499,2016-09-21,Part-Time,Evening,emp002467@retailsphere.com,9696927174,Yes
EMP002468,ST0186,Kiaan Sastry,Male,Billing,Associate,31907,2021-04-29,Full-Time,Evening,emp002468@retailsphere.com,9471567463,Yes
EMP002469,ST0071,Nimrat Rajagopalan,Female,Inventory,Senior Associate,44979,2025-02-28,Full-Time,Morning,emp002469@retailsphere.com,9188708777,Yes
EMP002470,ST0147,Matthew Ravel,Male,Inventory,Senior Associate,40504,2021-05-28,Full-Time,Morning,emp002470@retailsphere.com,9529388517,Yes
EMP002471,ST0112,Jack Sandhu,Male,Sales,Associate,22815,2012-03-15,Full-Time,Evening,emp002471@retailsphere.com,9534118976,Yes
EMP002472,ST0139,Nicholas Grover,Male,Sales,Associate,22468,2025-09-23,Full-Time,Evening,emp002472@retailsphere.com,9117600154,No
EMP002473,ST0095,Gaurangi Shah,Female,Billing,Senior Associate,41592,2015-05-23,Full-Time,Evening,emp002473@retailsphere.com,9845573044,Yes
EMP002474,ST0161,Hemang Virk,Male,Sales,Associate,31111,2019-07-26,Full-Time,Morning,emp002474@retailsphere.com,9635655114,Yes
EMP002475,ST0006,Gabriel Butala,Male,Inventory,Supervisor,49790,2022-05-02,Full-Time,Morning,emp002475@retailsphere.com,9940835529,Yes
EMP002476,ST0077,Unni Chandran,Female,Inventory,Associate,29735,2022-07-21,Full-Time,Morning,emp002476@retailsphere.com,9649235543,Yes
EMP002477,ST0189,Ekansh Amble,Male,HR,Associate,28746,2021-03-12,Full-Time,Morning,emp002477@retailsphere.com,9911685631,Yes
EMP002478,ST0115,Manan Morar,Male,Sales,Supervisor,51054,2014-05-15,Full-Time,Morning,emp002478@retailsphere.com,9188112858,Yes
EMP002479,ST0173,Ekaraj Bhakta,Male,Sales,Supervisor,48113,2017-12-09,Full-Time,Evening,emp002479@retailsphere.com,9341232398,Yes
EMP002480,ST0168,Jasmit Wason,Female,Sales,Supervisor,51422,2025-03-06,Full-Time,Evening,emp002480@retailsphere.com,9672527006,Yes
EMP002481,ST0039,Leena Mohanty,Female,Inventory,Associate,25690,2015-06-04,Full-Time,Evening,emp002481@retailsphere.com,9541833090,Yes
EMP002482,ST0146,Omaja Jain,Female,Sales,Associate,26346,2016-01-13,Full-Time,Evening,emp002482@retailsphere.com,9213253948,Yes
EMP002483,ST0033,Wriddhish Manda,Male,Inventory,Associate,28982,2020-10-27,Contract,Morning,emp002483@retailsphere.com,9720435785,Yes
EMP002484,ST0009,Yuvraj Shere,Male,Sales,Associate,23600,2023-12-23,Part-Time,Morning,emp002484@retailsphere.com,9445524740,Yes
EMP002485,ST0087,Dalaja Korpal,Female,Sales,Associate,27597,2025-02-06,Part-Time,Evening,emp002485@retailsphere.com,9396772549,Yes
EMP002486,ST0139,Chaitanya Walia,Male,Sales,Associate,23859,2025-05-01,Full-Time,Night,emp002486@retailsphere.com,9830439385,Yes
EMP002487,ST0118,Janaki Vasa,Female,Inventory,Senior Associate,38512,2023-11-02,Full-Time,Morning,emp002487@retailsphere.com,9927030392,Yes
EMP002488,ST0099,Gaurangi Batta,Female,Inventory,Associate,27732,2019-05-24,Full-Time,Morning,emp002488@retailsphere.com,9595749399,Yes
EMP002489,ST0055,Oeshi Uppal,Female,Billing,Senior Associate,33276,2024-09-08,Full-Time,Morning,emp002489@retailsphere.com,9944469250,Yes
EMP002490,ST0131,Zarna Ghose,Female,Sales,Senior Associate,33023,2026-03-14,Full-Time,Evening,emp002490@retailsphere.com,9179067640,Yes
EMP002491,ST0113,Benjamin Krishnamurthy,Male,Billing,Associate,31363,2011-12-26,Full-Time,Evening,emp002491@retailsphere.com,9389256233,Yes
EMP002492,ST0042,Harish Setty,Male,Security,Manager,121909,2019-10-26,Full-Time,Morning,emp002492@retailsphere.com,9766639304,Yes
EMP002493,ST0012,Aashi Om,Female,Billing,Senior Associate,33609,2019-11-05,Full-Time,Evening,emp002493@retailsphere.com,9106026937,Yes
EMP002494,ST0174,Yachana Khurana,Female,Sales,Senior Associate,38618,2012-07-19,Full-Time,Morning,emp002494@retailsphere.com,9310948395,Yes
EMP002495,ST0171,Yash Issac,Male,Security,Senior Associate,38677,2022-10-17,Full-Time,Morning,emp002495@retailsphere.com,9168135683,Yes
EMP002496,ST0160,Bhavya Grewal,Female,Customer Support,Associate,27963,2014-11-23,Full-Time,Night,emp002496@retailsphere.com,9860031635,Yes
EMP002497,ST0066,Shivansh Bakshi,Male,Security,Supervisor,62914,2022-06-03,Full-Time,Morning,emp002497@retailsphere.com,9999683479,Yes
EMP002498,ST0121,Atharv Halder,Male,Sales,Senior Associate,40750,2025-08-10,Part-Time,Evening,emp002498@retailsphere.com,9886695630,Yes
EMP002499,ST0092,Aarush Suri,Male,Customer Support,Associate,23276,2024-10-07,Full-Time,Morning,emp002499@retailsphere.com,9435873991,Yes
EMP002500,ST0109,Balhaar Bahl,Male,Sales,Associate,28758,2024-01-16,Full-Time,Morning,emp002500@retailsphere.com,9319813440,Yes
